[language-detection] [2025-09-19T13:16:13.210Z] [INFO] Starting language detection process 
[language-detection] [2025-09-19T13:16:13.213Z] [INFO] Detected Node.js via package.json in root 
[language-detection] [2025-09-19T13:16:13.214Z] [INFO] Final results: 1 languages detected 
[language-detection] [2025-09-19T13:16:13.215Z] [INFO] Languages: nodejs 
[language-detection] [2025-09-19T13:16:13.215Z] [INFO] Primary language: nodejs 
[language-detection] [2025-09-19T13:16:13.215Z] [INFO] Detection files: package.json 
[dependency-check] [2025-09-19T13:16:13.219Z] [INFO] Starting dependency check for languages: nodejs
[dependency-check] [2025-09-19T13:16:13.221Z] [INFO] Checking nodejs dependencies 
[dependency-check] [2025-09-19T13:16:16.784Z] [INFO] nodejs dependency check: SUCCESS 
[dependency-check] [2025-09-19T13:16:16.785Z] [INFO] Dependency check completed. Overall success: true 
[code-quality] [2025-09-19T13:16:16.789Z] [INFO] Starting code quality checks for languages: nodejs
[code-quality] [2025-09-19T13:16:16.791Z] [INFO] Running nodejs code quality checks 
[code-quality] [2025-09-19T13:16:57.442Z] [ERROR] nodejs code quality: FAILED 
[code-quality] [2025-09-19T13:16:57.442Z] [ERROR] === NODEJS CODE QUALITY FAILURE DETAILS === 
[code-quality] [2025-09-19T13:16:57.443Z] [ERROR] ESLINT FAILED: 
[code-quality] [2025-09-19T13:16:57.444Z] [ERROR] Output: 
C:\Users\hsjagad\CascadeProjects\windsurf-cicd-filechanges-npm-secret-sast\src\React_demo-master\.windsurf-pipeline\cleanup-locks.js
  23:14  warning  'error' is defined but never used  no-unused-vars
  41:21  error    Strings must use singlequote       quotes
  52:14  warning  'error' is defined but never used  no-unused-vars

C:\Users\hsjagad\CascadeProjects\windsurf-cicd-filechanges-npm-secret-sast\src\React_demo-master\.windsurf-pipeline\code-review-generator.js
   51:15  warning  'stageResults' is assigned a value but never used  no-unused-vars
  163:56  warning  'lang' is defined but never used                   no-unused-vars
  168:54  error    Strings must use singlequote                       quotes
  169:59  error    Strings must use singlequote                       quotes
  172:56  error    Strings must use singlequote                       quotes
  173:59  error    Strings must use singlequote                       quotes
  176:54  error    Strings must use singlequote                       quotes
  200:47  error    Strings must use singlequote                       quotes
  204:47  error    Strings must use singlequote                       quotes
  224:43  error    Strings must use singlequote                       quotes
  228:43  error    Strings must use singlequote                       quotes
  263:47  error    Strings must use singlequote                       quotes
  268:47  error    Strings must use singlequote                       quotes
  280:34  error    Strings must use singlequote                       quotes
  281:39  error    Strings must use singlequote                       quotes
  303:43  error    Strings must use singlequote                       quotes
  314:43  error    Strings must use singlequote                       quotes
  317:34  error    Strings must use singlequote                       quotes
  318:39  error    Strings must use singlequote                       quotes
  348:47  error    Strings must use singlequote                       quotes
  364:24  error    Strings must use singlequote                       quotes
  365:25  error    Strings must use singlequote                       quotes
  366:27  error    Strings must use singlequote                       quotes
  367:27  error    Strings must use singlequote                       quotes
  371:24  error    Strings must use singlequote                       quotes
  373:21  error    Strings must use singlequote                       quotes
  374:21  error    Strings must use singlequote                       quotes
  376:30  error    Strings must use singlequote                       quotes
  383:24  error    Strings must use singlequote                       quotes
  384:25  error    Strings must use singlequote                       quotes
  385:27  error    Strings must use singlequote                       quotes
  386:27  error    Strings must use singlequote                       quotes
  390:24  error    Strings must use singlequote                       quotes
  392:21  error    Strings must use singlequote                       quotes
  393:21  error    Strings must use singlequote                       quotes
  395:30  error    Strings must use singlequote                       quotes
  402:24  error    Strings must use singlequote                       quotes
  403:25  error    Strings must use singlequote                       quotes
  404:27  error    Strings must use singlequote                       quotes
  405:27  error    Strings must use singlequote                       quotes
  409:24  error    Strings must use singlequote                       quotes
  411:21  error    Strings must use singlequote                       quotes
  412:21  error    Strings must use singlequote                       quotes
  413:21  error    Strings must use singlequote                       quotes
  415:30  error    Strings must use singlequote                       quotes
  422:24  error    Strings must use singlequote                       quotes
  423:25  error    Strings must use singlequote                       quotes
  424:27  error    Strings must use singlequote                       quotes
  425:27  error    Strings must use singlequote                       quotes
  429:24  error    Strings must use singlequote                       quotes
  431:21  error    Strings must use singlequote                       quotes
  432:21  error    Strings must use singlequote                       quotes
  433:21  error    Strings must use singlequote                       quotes
  435:30  error    Strings must use singlequote                       quotes
  618:33  error    Strings must use singlequote                       quotes
  656:56  warning  'index' is defined but never used                  no-unused-vars

C:\Users\hsjagad\CascadeProjects\windsurf-cicd-filechanges-npm-secret-sast\src\React_demo-master\.windsurf-pipeline\file-watcher.js
   48:18  warning  'error' is defined but never used    no-unused-vars
   68:18  warning  'error' is defined but never used    no-unused-vars
  120:51  warning  'promise' is defined but never used  no-unused-vars
  170:18  warning  'error' is defined but never used    no-unused-vars

C:\Users\hsjagad\CascadeProjects\windsurf-cicd-filechanges-npm-secret-sast\src\React_demo-master\.windsurf-pipeline\notifications.js
  160:29  warning  'code' is defined but never used     no-unused-vars
  173:36  warning  'success' is defined but never used  no-unused-vars
  219:18  warning  'error' is defined but never used    no-unused-vars
  239:18  warning  'error' is defined but never used    no-unused-vars

C:\Users\hsjagad\CascadeProjects\windsurf-cicd-filechanges-npm-secret-sast\src\React_demo-master\.windsurf-pipeline\run-pipeline.js
    10:9   warning  'spawn' is assigned a value but never used          no-unused-vars
   298:74  error    Strings must use singlequote                        quotes
   308:74  error    Strings must use singlequote                        quotes
   392:15  warning  'safetyInstall' is assigned a value but never used  no-unused-vars
   525:17  error    Strings must use singlequote                        quotes
   526:21  error    Strings must use singlequote                        quotes
   527:21  error    Strings must use singlequote                        quotes
   529:17  error    Strings must use singlequote                        quotes
   529:29  error    Strings must use singlequote                        quotes
   530:17  error    Strings must use singlequote                        quotes
   531:21  error    Strings must use singlequote                        quotes
   532:21  error    Strings must use singlequote                        quotes
   532:35  error    Strings must use singlequote                        quotes
   534:17  error    Strings must use singlequote                        quotes
   535:21  error    Strings must use singlequote                        quotes
   535:39  error    Strings must use singlequote                        quotes
   536:21  error    Strings must use singlequote                        quotes
   536:35  error    Strings must use singlequote                        quotes
   537:21  error    Strings must use singlequote                        quotes
   537:30  error    Strings must use singlequote                        quotes
   537:39  error    Strings must use singlequote                        quotes
   538:21  error    Strings must use singlequote                        quotes
   538:32  error    Strings must use singlequote                        quotes
   538:41  error    Strings must use singlequote                        quotes
   559:17  error    Strings must use singlequote                        quotes
   560:17  error    Strings must use singlequote                        quotes
   561:17  error    Strings must use singlequote                        quotes
   562:17  error    Strings must use singlequote                        quotes
   562:34  error    Strings must use singlequote                        quotes
   729:30  warning  'languages' is defined but never used               no-unused-vars
   836:22  warning  'error' is defined but never used                   no-unused-vars
   848:22  warning  'error' is defined but never used                   no-unused-vars
   883:26  warning  'error' is defined but never used                   no-unused-vars
   909:22  warning  'error' is defined but never used                   no-unused-vars
   947:22  warning  'error' is defined but never used                   no-unused-vars
   969:15  warning  'workingDir' is assigned a value but never used     no-unused-vars
  1037:26  warning  'error' is defined but never used                   no-unused-vars
  1089:18  warning  'error' is defined but never used                   no-unused-vars
  1102:22  warning  'psError' is defined but never used                 no-unused-vars
  1213:22  warning  'parseError' is defined but never used              no-unused-vars
  1273:22  warning  'error' is defined but never used                   no-unused-vars
  1298:22  warning  'error' is defined but never used                   no-unused-vars
  1316:22  warning  'error' is defined but never used                   no-unused-vars
  1451:15  warning  'changedFiles' is assigned a value but never used   no-unused-vars

C:\Users\hsjagad\CascadeProjects\windsurf-cicd-filechanges-npm-secret-sast\src\React_demo-master\.windsurf-pipeline\simple-coverage.js
  164:33  error    Strings must use singlequote       quotes
  198:22  warning  'error' is defined but never used  no-unused-vars
  241:22  error    Strings must use singlequote       quotes
  242:19  error    Strings must use singlequote       quotes
  249:19  error    Strings must use singlequote       quotes

C:\Users\hsjagad\CascadeProjects\windsurf-cicd-filechanges-npm-secret-sast\src\React_demo-master\.windsurf-pipeline\status-indicator.js
   40:26  error    Strings must use singlequote       quotes
  106:18  warning  'error' is defined but never used  no-unused-vars

C:\Users\hsjagad\CascadeProjects\windsurf-cicd-filechanges-npm-secret-sast\src\React_demo-master\src\App.js
  1:1  error  Parsing error: 'import' and 'export' may appear only with 'sourceType: module'

C:\Users\hsjagad\CascadeProjects\windsurf-cicd-filechanges-npm-secret-sast\src\React_demo-master\src\components\Dashboard.js
  1:1  error  Parsing error: 'import' and 'export' may appear only with 'sourceType: module'

C:\Users\hsjagad\CascadeProjects\windsurf-cicd-filechanges-npm-secret-sast\src\React_demo-master\src\components\TestConsole.js
  1:1  error  Parsing error: 'import' and 'export' may appear only with 'sourceType: module'

C:\Users\hsjagad\CascadeProjects\windsurf-cicd-filechanges-npm-secret-sast\src\React_demo-master\src\index.js
  1:1  error  Parsing error: 'import' and 'export' may appear only with 'sourceType: module'

C:\Users\hsjagad\CascadeProjects\windsurf-cicd-filechanges-npm-secret-sast\src\React_demo-master\windsurf-pipeline\local-pipeline\cleanup-locks.js
  23:14  warning  'error' is defined but never used  no-unused-vars
  41:21  error    Strings must use singlequote       quotes
  52:14  warning  'error' is defined but never used  no-unused-vars

C:\Users\hsjagad\CascadeProjects\windsurf-cicd-filechanges-npm-secret-sast\src\React_demo-master\windsurf-pipeline\local-pipeline\code-review-assistant.js
  288:30  warning  'fixes' is assigned a value but never used  no-unused-vars
  377:37  error    Strings must use singlequote                quotes
  417:37  error    Strings must use singlequote                quotes
  531:18  warning  'error' is defined but never used           no-unused-vars

C:\Users\hsjagad\CascadeProjects\windsurf-cicd-filechanges-npm-secret-sast\src\React_demo-master\windsurf-pipeline\local-pipeline\code-review-generator.js
   51:15  warning  'stageResults' is assigned a value but never used  no-unused-vars
  163:56  warning  'lang' is defined but never used                   no-unused-vars
  168:54  error    Strings must use singlequote                       quotes
  169:59  error    Strings must use singlequote                       quotes
  172:56  error    Strings must use singlequote                       quotes
  173:59  error    Strings must use singlequote                       quotes
  176:54  error    Strings must use singlequote                       quotes
  200:47  error    Strings must use singlequote                       quotes
  204:47  error    Strings must use singlequote                       quotes
  224:43  error    Strings must use singlequote                       quotes
  228:43  error    Strings must use singlequote                       quotes
  263:47  error    Strings must use singlequote                       quotes
  268:47  error    Strings must use singlequote                       quotes
  280:34  error    Strings must use singlequote                       quotes
  281:39  error    Strings must use singlequote                       quotes
  303:43  error    Strings must use singlequote                       quotes
  314:43  error    Strings must use singlequote                       quotes
  317:34  error    Strings must use singlequote                       quotes
  318:39  error    Strings must use singlequote                       quotes
  348:47  error    Strings must use singlequote                       quotes
  364:24  error    Strings must use singlequote                       quotes
  365:25  error    Strings must use singlequote                       quotes
  366:27  error    Strings must use singlequote                       quotes
  367:27  error    Strings must use singlequote                       quotes
  371:24  error    Strings must use singlequote                       quotes
  373:21  error    Strings must use singlequote                       quotes
  374:21  error    Strings must use singlequote                       quotes
  376:30  error    Strings must use singlequote                       quotes
  383:24  error    Strings must use singlequote                       quotes
  384:25  error    Strings must use singlequote                       quotes
  385:27  error    Strings must use singlequote                       quotes
  386:27  error    Strings must use singlequote                       quotes
  390:24  error    Strings must use singlequote                       quotes
  392:21  error    Strings must use singlequote                       quotes
  393:21  error    Strings must use singlequote                       quotes
  395:30  error    Strings must use singlequote                       quotes
  402:24  error    Strings must use singlequote                       quotes
  403:25  error    Strings must use singlequote                       quotes
  404:27  error    Strings must use singlequote                       quotes
  405:27  error    Strings must use singlequote                       quotes
  409:24  error    Strings must use singlequote                       quotes
  411:21  error    Strings must use singlequote                       quotes
  412:21  error    Strings must use singlequote                       quotes
  413:21  error    Strings must use singlequote                       quotes
  415:30  error    Strings must use singlequote                       quotes
  422:24  error    Strings must use singlequote                       quotes
  423:25  error    Strings must use singlequote                       quotes
  424:27  error    Strings must use singlequote                       quotes
  425:27  error    Strings must use singlequote                       quotes
  429:24  error    Strings must use singlequote                       quotes
  431:21  error    Strings must use singlequote                       quotes
  432:21  error    Strings must use singlequote                       quotes
  433:21  error    Strings must use singlequote                       quotes
  435:30  error    Strings must use singlequote                       quotes
  618:33  error    Strings must use singlequote                       quotes
  656:56  warning  'index' is defined but never used                  no-unused-vars

C:\Users\hsjagad\CascadeProjects\windsurf-cicd-filechanges-npm-secret-sast\src\React_demo-master\windsurf-pipeline\local-pipeline\file-watcher.js
   48:18  warning  'error' is defined but never used    no-unused-vars
   68:18  warning  'error' is defined but never used    no-unused-vars
  120:51  warning  'promise' is defined but never used  no-unused-vars
  170:18  warning  'error' is defined but never used    no-unused-vars

C:\Users\hsjagad\CascadeProjects\windsurf-cicd-filechanges-npm-secret-sast\src\React_demo-master\windsurf-pipeline\local-pipeline\notifications.js
  160:29  warning  'code' is defined but never used     no-unused-vars
  173:36  warning  'success' is defined but never used  no-unused-vars
  219:18  warning  'error' is defined but never used    no-unused-vars
  239:18  warning  'error' is defined but never used    no-unused-vars

C:\Users\hsjagad\CascadeProjects\windsurf-cicd-filechanges-npm-secret-sast\src\React_demo-master\windsurf-pipeline\local-pipeline\run-pipeline.js
    10:9   warning  'spawn' is assigned a value but never used          no-unused-vars
   298:74  error    Strings must use singlequote                        quotes
   308:74  error    Strings must use singlequote                        quotes
   392:15  warning  'safetyInstall' is assigned a value but never used  no-unused-vars
   525:17  error    Strings must use singlequote                        quotes
   526:21  error    Strings must use singlequote                        quotes
   527:21  error    Strings must use singlequote                        quotes
   529:17  error    Strings must use singlequote                        quotes
   529:29  error    Strings must use singlequote                        quotes
   530:17  error    Strings must use singlequote                        quotes
   531:21  error    Strings must use singlequote                        quotes
   532:21  error    Strings must use singlequote                        quotes
   532:35  error    Strings must use singlequote                        quotes
   534:17  error    Strings must use singlequote                        quotes
   535:21  error    Strings must use singlequote                        quotes
   535:39  error    Strings must use singlequote                        quotes
   536:21  error    Strings must use singlequote                        quotes
   536:35  error    Strings must use singlequote                        quotes
   537:21  error    Strings must use singlequote                        quotes
   537:30  error    Strings must use singlequote                        quotes
   537:39  error    Strings must use singlequote                        quotes
   538:21  error    Strings must use singlequote                        quotes
   538:32  error    Strings must use singlequote                        quotes
   538:41  error    Strings must use singlequote                        quotes
   559:17  error    Strings must use singlequote                        quotes
   560:17  error    Strings must use singlequote                        quotes
   561:17  error    Strings must use singlequote                        quotes
   562:17  error    Strings must use singlequote                        quotes
   562:34  error    Strings must use singlequote                        quotes
   729:30  warning  'languages' is defined but never used               no-unused-vars
   836:22  warning  'error' is defined but never used                   no-unused-vars
   848:22  warning  'error' is defined but never used                   no-unused-vars
   883:26  warning  'error' is defined but never used                   no-unused-vars
   909:22  warning  'error' is defined but never used                   no-unused-vars
   947:22  warning  'error' is defined but never used                   no-unused-vars
   969:15  warning  'workingDir' is assigned a value but never used     no-unused-vars
  1037:26  warning  'error' is defined but never used                   no-unused-vars
  1089:18  warning  'error' is defined but never used                   no-unused-vars
  1102:22  warning  'psError' is defined but never used                 no-unused-vars
  1213:22  warning  'parseError' is defined but never used              no-unused-vars
  1273:22  warning  'error' is defined but never used                   no-unused-vars
  1298:22  warning  'error' is defined but never used                   no-unused-vars
  1316:22  warning  'error' is defined but never used                   no-unused-vars
  1451:15  warning  'changedFiles' is assigned a value but never used   no-unused-vars

C:\Users\hsjagad\CascadeProjects\windsurf-cicd-filechanges-npm-secret-sast\src\React_demo-master\windsurf-pipeline\local-pipeline\simple-coverage.js
  164:33  error    Strings must use singlequote       quotes
  198:22  warning  'error' is defined but never used  no-unused-vars
  241:22  error    Strings must use singlequote       quotes
  242:19  error    Strings must use singlequote       quotes
  249:19  error    Strings must use singlequote       quotes

C:\Users\hsjagad\CascadeProjects\windsurf-cicd-filechanges-npm-secret-sast\src\React_demo-master\windsurf-pipeline\local-pipeline\status-indicator.js
   40:26  error    Strings must use singlequote       quotes
  106:18  warning  'error' is defined but never used  no-unused-vars

✖ 244 problems (178 errors, 66 warnings)
  174 errors and 0 warnings potentially fixable with the `--fix` option.

 
[code-quality] [2025-09-19T13:16:57.444Z] [ERROR] Error Message: Command failed: npx eslint . --ext .js,.jsx,.ts,.tsx --no-error-on-unmatched-pattern
 
[code-quality] [2025-09-19T13:16:57.445Z] [ERROR] PRETTIER FAILED: 
[code-quality] [2025-09-19T13:16:57.445Z] [ERROR] Output: Checking formatting...
 
[code-quality] [2025-09-19T13:16:57.446Z] [ERROR] Error: [[33mwarn[39m] .eslintrc.js
[[33mwarn[39m] .prettierrc.json
[[33mwarn[39m] .vscode/pipeline-status.json
[[33mwarn[39m] .vscode/settings.json
[[33mwarn[39m] .windsurf-logs/latest-review-data.json
[[33mwarn[39m] .windsurf-pipeline/cleanup-locks.js
[[33mwarn[39m] .windsurf-pipeline/code-review-generator.js
[[33mwarn[39m] .windsurf-pipeline/file-watcher.js
[[33mwarn[39m] .windsurf-pipeline/notifications.js
[[33mwarn[39m] .windsurf-pipeline/run-pipeline.js
[[33mwarn[39m] .windsurf-pipeline/simple-coverage.js
[[33mwarn[39m] .windsurf-pipeline/status-indicator.js
[[33mwarn[39m] .windsurf-reports/code-review-2025-09-19-18-33.md
[[33mwarn[39m] .windsurf-reports/code-review-2025-09-19-18-43.md
[[33mwarn[39m] ESLINT_NO_CONSOLE_SETUP.md
[[33mwarn[39m] PIPELINE_STATUS.md
[[33mwarn[39m] public/index.html
[[33mwarn[39m] README.md
[[33mwarn[39m] src/components/Dashboard.js
[[33mwarn[39m] src/components/TestConsole.js
[[33mwarn[39m] windsurf-pipeline/DEVELOPER_SETUP.md
[[33mwarn[39m] windsurf-pipeline/eslint.config.js
[[33mwarn[39m] windsurf-pipeline/local-pipeline/auto-start-service.js
[[33mwarn[39m] windsurf-pipeline/local-pipeline/cleanup-locks.js
[[33mwarn[39m] windsurf-pipeline/local-pipeline/code-review-assistant.js
[[33mwarn[39m] windsurf-pipeline/local-pipeline/code-review-generator.js
[[33mwarn[39m] windsurf-pipeline/local-pipeline/file-watcher.js
[[33mwarn[39m] windsurf-pipeline/local-pipeline/notifications.js
[[33mwarn[39m] windsurf-pipeline/local-pipeline/run-pipeline.js
[[33mwarn[39m] windsurf-pipeline/local-pipeline/simple-coverage.js
[[33mwarn[39m] windsurf-pipeline/local-pipeline/startup.js
[[33mwarn[39m] windsurf-pipeline/local-pipeline/status-indicator.js
[[33mwarn[39m] windsurf-pipeline/README.md
[[33mwarn[39m] windsurf-pipeline/reports/code-review-2025-09-19-11-48.md
[[33mwarn[39m] windsurf-pipeline/reports/code-review-2025-09-19-13-03.md
[[33mwarn[39m] windsurf-pipeline/reports/code-review-2025-09-19-13-10.md
[[33mwarn[39m] windsurf-pipeline/reports/code-review-2025-09-19-18-33.md
[[33mwarn[39m] windsurf-pipeline/reports/code-review-2025-09-19-18-34.md
[[33mwarn[39m] windsurf-pipeline/reports/code-review-2025-09-19-18-37.md
[[33mwarn[39m] windsurf-pipeline/reports/latest-code-review.md
[[33mwarn[39m] Code style issues found in 40 files. Run Prettier with --write to fix.
 
[code-quality] [2025-09-19T13:16:57.446Z] [ERROR] Error Message: Command failed: npx prettier --check . --ignore-unknown
[[33mwarn[39m] .eslintrc.js
[[33mwarn[39m] .prettierrc.json
[[33mwarn[39m] .vscode/pipeline-status.json
[[33mwarn[39m] .vscode/settings.json
[[33mwarn[39m] .windsurf-logs/latest-review-data.json
[[33mwarn[39m] .windsurf-pipeline/cleanup-locks.js
[[33mwarn[39m] .windsurf-pipeline/code-review-generator.js
[[33mwarn[39m] .windsurf-pipeline/file-watcher.js
[[33mwarn[39m] .windsurf-pipeline/notifications.js
[[33mwarn[39m] .windsurf-pipeline/run-pipeline.js
[[33mwarn[39m] .windsurf-pipeline/simple-coverage.js
[[33mwarn[39m] .windsurf-pipeline/status-indicator.js
[[33mwarn[39m] .windsurf-reports/code-review-2025-09-19-18-33.md
[[33mwarn[39m] .windsurf-reports/code-review-2025-09-19-18-43.md
[[33mwarn[39m] ESLINT_NO_CONSOLE_SETUP.md
[[33mwarn[39m] PIPELINE_STATUS.md
[[33mwarn[39m] public/index.html
[[33mwarn[39m] README.md
[[33mwarn[39m] src/components/Dashboard.js
[[33mwarn[39m] src/components/TestConsole.js
[[33mwarn[39m] windsurf-pipeline/DEVELOPER_SETUP.md
[[33mwarn[39m] windsurf-pipeline/eslint.config.js
[[33mwarn[39m] windsurf-pipeline/local-pipeline/auto-start-service.js
[[33mwarn[39m] windsurf-pipeline/local-pipeline/cleanup-locks.js
[[33mwarn[39m] windsurf-pipeline/local-pipeline/code-review-assistant.js
[[33mwarn[39m] windsurf-pipeline/local-pipeline/code-review-generator.js
[[33mwarn[39m] windsurf-pipeline/local-pipeline/file-watcher.js
[[33mwarn[39m] windsurf-pipeline/local-pipeline/notifications.js
[[33mwarn[39m] windsurf-pipeline/local-pipeline/run-pipeline.js
[[33mwarn[39m] windsurf-pipeline/local-pipeline/simple-coverage.js
[[33mwarn[39m] windsurf-pipeline/local-pipeline/startup.js
[[33mwarn[39m] windsurf-pipeline/local-pipeline/status-indicator.js
[[33mwarn[39m] windsurf-pipeline/README.md
[[33mwarn[39m] windsurf-pipeline/reports/code-review-2025-09-19-11-48.md
[[33mwarn[39m] windsurf-pipeline/reports/code-review-2025-09-19-13-03.md
[[33mwarn[39m] windsurf-pipeline/reports/code-review-2025-09-19-13-10.md
[[33mwarn[39m] windsurf-pipeline/reports/code-review-2025-09-19-18-33.md
[[33mwarn[39m] windsurf-pipeline/reports/code-review-2025-09-19-18-34.md
[[33mwarn[39m] windsurf-pipeline/reports/code-review-2025-09-19-18-37.md
[[33mwarn[39m] windsurf-pipeline/reports/latest-code-review.md
[[33mwarn[39m] Code style issues found in 40 files. Run Prettier with --write to fix.
 
[code-quality] [2025-09-19T13:16:57.447Z] [ERROR] SYNTAX FAILED: 
[code-quality] [2025-09-19T13:16:57.447Z] [INFO] Code quality checks completed. Overall success: false 
[npm-version-scan] [2025-09-19T13:16:57.449Z] [INFO] Starting npm version vulnerability scan 
[npm-version-scan] [2025-09-19T13:17:03.490Z] [ERROR] npm version scan: FAILED 
[npm-version-scan] [2025-09-19T13:17:03.491Z] [ERROR] === NPM VERSION SCAN FAILURE DETAILS === 
[npm-version-scan] [2025-09-19T13:17:03.491Z] [WARN] Outdated package: @emotion/react (current: undefined, wanted: 11.14.0, latest: 11.14.0) 
[npm-version-scan] [2025-09-19T13:17:03.492Z] [WARN] Outdated package: @emotion/styled (current: undefined, wanted: 11.14.1, latest: 11.14.1) 
[npm-version-scan] [2025-09-19T13:17:03.492Z] [WARN] Outdated package: @mui/icons-material (current: undefined, wanted: 5.18.0, latest: 7.3.2) 
[npm-version-scan] [2025-09-19T13:17:03.506Z] [WARN] Outdated package: @mui/material (current: undefined, wanted: 5.18.0, latest: 7.3.2) 
[npm-version-scan] [2025-09-19T13:17:03.506Z] [WARN] Outdated package: react (current: undefined, wanted: 18.3.1, latest: 19.1.1) 
[npm-version-scan] [2025-09-19T13:17:03.508Z] [WARN] Outdated package: react-dom (current: undefined, wanted: 18.3.1, latest: 19.1.1) 
[npm-version-scan] [2025-09-19T13:17:03.508Z] [WARN] Outdated package: react-scripts (current: undefined, wanted: 5.0.1, latest: 5.0.1) 
[npm-version-scan] [2025-09-19T13:17:03.509Z] [ERROR] Vulnerable package: @svgr/plugin-svgo 
[npm-version-scan] [2025-09-19T13:17:03.510Z] [ERROR] Vulnerable package: @svgr/webpack 
[npm-version-scan] [2025-09-19T13:17:03.511Z] [ERROR] Vulnerable package: css-select 
[npm-version-scan] [2025-09-19T13:17:03.511Z] [ERROR] Vulnerable package: nth-check 
[npm-version-scan] [2025-09-19T13:17:03.512Z] [ERROR] Vulnerable package: postcss 
[npm-version-scan] [2025-09-19T13:17:03.513Z] [ERROR] Vulnerable package: react-scripts 
[npm-version-scan] [2025-09-19T13:17:03.513Z] [ERROR] Vulnerable package: resolve-url-loader 
[npm-version-scan] [2025-09-19T13:17:03.514Z] [ERROR] Vulnerable package: svgo 
[npm-version-scan] [2025-09-19T13:17:03.515Z] [ERROR] Vulnerable package: webpack-dev-server 
[npm-version-scan] [2025-09-19T13:17:03.515Z] [INFO] npm version scan completed. Overall success: false 
[secret-detection] [2025-09-19T13:17:03.519Z] [INFO] Starting secret detection scan 
[secret-detection] [2025-09-19T13:17:03.550Z] [INFO] Secret detection: NO SECRETS FOUND 
[secret-detection] [2025-09-19T13:17:03.551Z] [INFO] Secret detection completed. Overall success: true 
[sast-scan] [2025-09-19T13:17:03.554Z] [INFO] Starting code coverage analysis for languages: nodejs
[sast-scan] [2025-09-19T13:17:03.563Z] [INFO] Code coverage analysis: SUCCESS 
[sast-scan] [2025-09-19T13:17:03.563Z] [INFO] === CODE COVERAGE RESULTS === 
[sast-scan] [2025-09-19T13:17:03.564Z] [INFO] Total files analyzed: 4 
[sast-scan] [2025-09-19T13:17:03.564Z] [INFO] Total lines of code: 313 
[sast-scan] [2025-09-19T13:17:03.565Z] [INFO] Average complexity: 1 
[sast-scan] [2025-09-19T13:17:03.565Z] [INFO] Code to total ratio: 91% 
[sast-scan] [2025-09-19T13:17:03.566Z] [INFO] Code coverage analysis completed. Overall success: true 
[summary] [2025-09-19T13:17:03.569Z] [INFO] PIPELINE EXECUTION SUMMARY 
[summary] [2025-09-19T13:17:03.571Z] [INFO] ================================================== 
[summary] [2025-09-19T13:17:03.572Z] [INFO] Execution started: 2025-09-19T13:16:13.154Z 
[summary] [2025-09-19T13:17:03.573Z] [INFO] Execution completed: 2025-09-19T13:17:03.573Z 
[summary] [2025-09-19T13:17:03.573Z] [INFO] Total duration: 50.41 seconds 
[summary] [2025-09-19T13:17:03.574Z] [INFO]  
[summary] [2025-09-19T13:17:03.574Z] [INFO] STAGE RESULTS: 
[summary] [2025-09-19T13:17:03.575Z] [INFO] Language Detection   ✅ PASS 
[summary] [2025-09-19T13:17:03.576Z] [INFO]   Languages detected: nodejs 
[summary] [2025-09-19T13:17:03.576Z] [INFO]   Primary language: nodejs 
[summary] [2025-09-19T13:17:03.577Z] [INFO] Dependency Check     ✅ PASS 
[summary] [2025-09-19T13:17:03.577Z] [INFO]   nodejs: SUCCESS 
[summary] [2025-09-19T13:17:03.578Z] [INFO] Code Quality         ❌ FAIL 
[summary] [2025-09-19T13:17:03.578Z] [INFO]   nodejs: FAILED 
[summary] [2025-09-19T13:17:03.579Z] [INFO] NPM Version Scan     ❌ FAIL 
[summary] [2025-09-19T13:17:03.579Z] [INFO]   nodejs: FAILED 
[summary] [2025-09-19T13:17:03.580Z] [INFO] Secret Detection     ✅ PASS 
[summary] [2025-09-19T13:17:03.580Z] [INFO]   secretScan: SUCCESS 
[summary] [2025-09-19T13:17:03.581Z] [INFO] SAST Scan            ✅ PASS 
[summary] [2025-09-19T13:17:03.582Z] [INFO]   coverage: SUCCESS 
[summary] [2025-09-19T13:17:03.583Z] [ERROR]  
[summary] [2025-09-19T13:17:03.584Z] [ERROR] ❌ PIPELINE FAILED: Please review the issues above. 
[summary] [2025-09-19T13:17:03.584Z] [INFO]  
[summary] [2025-09-19T13:17:03.584Z] [INFO] FINAL STATUS: FAILED 
[summary] [2025-09-19T13:17:03.585Z] [INFO] Log files location: C:\Users\hsjagad\CascadeProjects\windsurf-cicd-filechanges-npm-secret-sast\src\React_demo-master\windsurf-pipeline\logs\run-2025-09-19T13-16-13-155Z 
[language-detection] [2025-09-19T13:55:49.682Z] [INFO] Starting language detection process 
[language-detection] [2025-09-19T13:55:49.683Z] [INFO] Detected Node.js via package.json in root 
[language-detection] [2025-09-19T13:55:49.686Z] [INFO] Final results: 1 languages detected 
[language-detection] [2025-09-19T13:55:49.686Z] [INFO] Languages: nodejs 
[language-detection] [2025-09-19T13:55:49.687Z] [INFO] Primary language: nodejs 
[language-detection] [2025-09-19T13:55:49.687Z] [INFO] Detection files: package.json 
[dependency-check] [2025-09-19T13:55:49.690Z] [INFO] Starting dependency check for languages: nodejs
[dependency-check] [2025-09-19T13:55:49.691Z] [INFO] Checking nodejs dependencies 
[dependency-check] [2025-09-19T13:55:54.211Z] [INFO] nodejs dependency check: SUCCESS 
[dependency-check] [2025-09-19T13:55:54.212Z] [INFO] Dependency check completed. Overall success: true 
[code-quality] [2025-09-19T13:55:54.215Z] [INFO] Starting code quality checks for languages: nodejs
[code-quality] [2025-09-19T13:55:54.216Z] [INFO] Running nodejs code quality checks 
[code-quality] [2025-09-19T13:56:05.028Z] [ERROR] nodejs code quality: FAILED 
[code-quality] [2025-09-19T13:56:05.029Z] [ERROR] === NODEJS CODE QUALITY FAILURE DETAILS === 
[code-quality] [2025-09-19T13:56:05.029Z] [ERROR] ESLINT FAILED: 
[code-quality] [2025-09-19T13:56:05.030Z] [ERROR] Error: 
Oops! Something went wrong! :(

ESLint: 9.35.0

ESLint couldn't find an eslint.config.(js|mjs|cjs) file.

From ESLint v9.0.0, the default configuration file is now eslint.config.js.
If you are using a .eslintrc.* file, please follow the migration guide
to update your configuration file to the new format:

https://eslint.org/docs/latest/use/configure/migration-guide

If you still have problems after following the migration guide, please stop by
https://eslint.org/chat/help to chat with the team.

 
[code-quality] [2025-09-19T13:56:05.042Z] [ERROR] Error Message: Command failed: npx eslint . --ext .js,.jsx,.ts,.tsx --no-error-on-unmatched-pattern

Oops! Something went wrong! :(

ESLint: 9.35.0

ESLint couldn't find an eslint.config.(js|mjs|cjs) file.

From ESLint v9.0.0, the default configuration file is now eslint.config.js.
If you are using a .eslintrc.* file, please follow the migration guide
to update your configuration file to the new format:

https://eslint.org/docs/latest/use/configure/migration-guide

If you still have problems after following the migration guide, please stop by
https://eslint.org/chat/help to chat with the team.

 
[code-quality] [2025-09-19T13:56:05.043Z] [ERROR] PRETTIER FAILED: 
[code-quality] [2025-09-19T13:56:05.043Z] [ERROR] Output: Checking formatting...
 
[code-quality] [2025-09-19T13:56:05.044Z] [ERROR] Error: [[33mwarn[39m] .eslintrc.js
[[33mwarn[39m] .prettierrc.json
[[33mwarn[39m] .vscode/pipeline-status.json
[[33mwarn[39m] .vscode/settings.json
[[33mwarn[39m] ESLINT_NO_CONSOLE_SETUP.md
[[33mwarn[39m] PIPELINE_STATUS.md
[[33mwarn[39m] public/index.html
[[33mwarn[39m] README.md
[[33mwarn[39m] src/components/Dashboard.js
[[33mwarn[39m] src/components/TestConsole.js
[[33mwarn[39m] windsurf-pipeline/DEVELOPER_SETUP.md
[[33mwarn[39m] windsurf-pipeline/eslint.config.js
[[33mwarn[39m] windsurf-pipeline/local-pipeline/auto-start-service.js
[[33mwarn[39m] windsurf-pipeline/local-pipeline/cleanup-locks.js
[[33mwarn[39m] windsurf-pipeline/local-pipeline/code-review-assistant.js
[[33mwarn[39m] windsurf-pipeline/local-pipeline/code-review-generator.js
[[33mwarn[39m] windsurf-pipeline/local-pipeline/file-watcher.js
[[33mwarn[39m] windsurf-pipeline/local-pipeline/notifications.js
[[33mwarn[39m] windsurf-pipeline/local-pipeline/run-pipeline.js
[[33mwarn[39m] windsurf-pipeline/local-pipeline/simple-coverage.js
[[33mwarn[39m] windsurf-pipeline/local-pipeline/startup.js
[[33mwarn[39m] windsurf-pipeline/local-pipeline/status-indicator.js
[[33mwarn[39m] windsurf-pipeline/README.md
[[33mwarn[39m] windsurf-pipeline/reports/code-review-2025-09-19-11-48.md
[[33mwarn[39m] windsurf-pipeline/reports/code-review-2025-09-19-13-03.md
[[33mwarn[39m] windsurf-pipeline/reports/code-review-2025-09-19-13-10.md
[[33mwarn[39m] windsurf-pipeline/reports/code-review-2025-09-19-18-33.md
[[33mwarn[39m] windsurf-pipeline/reports/code-review-2025-09-19-18-34.md
[[33mwarn[39m] windsurf-pipeline/reports/code-review-2025-09-19-18-37.md
[[33mwarn[39m] windsurf-pipeline/reports/code-review-2025-09-19-18-47.md
[[33mwarn[39m] windsurf-pipeline/reports/latest-code-review.md
[[33mwarn[39m] Code style issues found in 31 files. Run Prettier with --write to fix.
 
[code-quality] [2025-09-19T13:56:05.044Z] [ERROR] Error Message: Command failed: npx prettier --check . --ignore-unknown
[[33mwarn[39m] .eslintrc.js
[[33mwarn[39m] .prettierrc.json
[[33mwarn[39m] .vscode/pipeline-status.json
[[33mwarn[39m] .vscode/settings.json
[[33mwarn[39m] ESLINT_NO_CONSOLE_SETUP.md
[[33mwarn[39m] PIPELINE_STATUS.md
[[33mwarn[39m] public/index.html
[[33mwarn[39m] README.md
[[33mwarn[39m] src/components/Dashboard.js
[[33mwarn[39m] src/components/TestConsole.js
[[33mwarn[39m] windsurf-pipeline/DEVELOPER_SETUP.md
[[33mwarn[39m] windsurf-pipeline/eslint.config.js
[[33mwarn[39m] windsurf-pipeline/local-pipeline/auto-start-service.js
[[33mwarn[39m] windsurf-pipeline/local-pipeline/cleanup-locks.js
[[33mwarn[39m] windsurf-pipeline/local-pipeline/code-review-assistant.js
[[33mwarn[39m] windsurf-pipeline/local-pipeline/code-review-generator.js
[[33mwarn[39m] windsurf-pipeline/local-pipeline/file-watcher.js
[[33mwarn[39m] windsurf-pipeline/local-pipeline/notifications.js
[[33mwarn[39m] windsurf-pipeline/local-pipeline/run-pipeline.js
[[33mwarn[39m] windsurf-pipeline/local-pipeline/simple-coverage.js
[[33mwarn[39m] windsurf-pipeline/local-pipeline/startup.js
[[33mwarn[39m] windsurf-pipeline/local-pipeline/status-indicator.js
[[33mwarn[39m] windsurf-pipeline/README.md
[[33mwarn[39m] windsurf-pipeline/reports/code-review-2025-09-19-11-48.md
[[33mwarn[39m] windsurf-pipeline/reports/code-review-2025-09-19-13-03.md
[[33mwarn[39m] windsurf-pipeline/reports/code-review-2025-09-19-13-10.md
[[33mwarn[39m] windsurf-pipeline/reports/code-review-2025-09-19-18-33.md
[[33mwarn[39m] windsurf-pipeline/reports/code-review-2025-09-19-18-34.md
[[33mwarn[39m] windsurf-pipeline/reports/code-review-2025-09-19-18-37.md
[[33mwarn[39m] windsurf-pipeline/reports/code-review-2025-09-19-18-47.md
[[33mwarn[39m] windsurf-pipeline/reports/latest-code-review.md
[[33mwarn[39m] Code style issues found in 31 files. Run Prettier with --write to fix.
 
[code-quality] [2025-09-19T13:56:05.045Z] [ERROR] SYNTAX FAILED: 
[code-quality] [2025-09-19T13:56:05.045Z] [INFO] Code quality checks completed. Overall success: false 
[npm-version-scan] [2025-09-19T13:56:05.047Z] [INFO] Starting npm version vulnerability scan 
[npm-version-scan] [2025-09-19T13:56:12.997Z] [ERROR] npm version scan: FAILED 
[npm-version-scan] [2025-09-19T13:56:12.998Z] [ERROR] === NPM VERSION SCAN FAILURE DETAILS === 
[npm-version-scan] [2025-09-19T13:56:12.998Z] [WARN] Outdated package: @emotion/react (current: undefined, wanted: 11.14.0, latest: 11.14.0) 
[npm-version-scan] [2025-09-19T13:56:12.999Z] [WARN] Outdated package: @emotion/styled (current: undefined, wanted: 11.14.1, latest: 11.14.1) 
[npm-version-scan] [2025-09-19T13:56:12.999Z] [WARN] Outdated package: @mui/icons-material (current: undefined, wanted: 5.18.0, latest: 7.3.2) 
[npm-version-scan] [2025-09-19T13:56:13.000Z] [WARN] Outdated package: @mui/material (current: undefined, wanted: 5.18.0, latest: 7.3.2) 
[npm-version-scan] [2025-09-19T13:56:13.000Z] [WARN] Outdated package: react (current: undefined, wanted: 18.3.1, latest: 19.1.1) 
[npm-version-scan] [2025-09-19T13:56:13.000Z] [WARN] Outdated package: react-dom (current: undefined, wanted: 18.3.1, latest: 19.1.1) 
[npm-version-scan] [2025-09-19T13:56:13.001Z] [WARN] Outdated package: react-scripts (current: undefined, wanted: 5.0.1, latest: 5.0.1) 
[npm-version-scan] [2025-09-19T13:56:13.001Z] [ERROR] Vulnerable package: @svgr/plugin-svgo 
[npm-version-scan] [2025-09-19T13:56:13.001Z] [ERROR] Vulnerable package: @svgr/webpack 
[npm-version-scan] [2025-09-19T13:56:13.002Z] [ERROR] Vulnerable package: css-select 
[npm-version-scan] [2025-09-19T13:56:13.002Z] [ERROR] Vulnerable package: nth-check 
[npm-version-scan] [2025-09-19T13:56:13.002Z] [ERROR] Vulnerable package: postcss 
[npm-version-scan] [2025-09-19T13:56:13.003Z] [ERROR] Vulnerable package: react-scripts 
[npm-version-scan] [2025-09-19T13:56:13.003Z] [ERROR] Vulnerable package: resolve-url-loader 
[npm-version-scan] [2025-09-19T13:56:13.003Z] [ERROR] Vulnerable package: svgo 
[npm-version-scan] [2025-09-19T13:56:13.004Z] [ERROR] Vulnerable package: webpack-dev-server 
[npm-version-scan] [2025-09-19T13:56:13.004Z] [INFO] npm version scan completed. Overall success: false 
[secret-detection] [2025-09-19T13:56:13.007Z] [INFO] Starting secret detection scan 
[secret-detection] [2025-09-19T13:56:13.036Z] [INFO] Secret detection: NO SECRETS FOUND 
[secret-detection] [2025-09-19T13:56:13.036Z] [INFO] Secret detection completed. Overall success: true 
[sast-scan] [2025-09-19T13:56:13.038Z] [INFO] Starting code coverage analysis for languages: nodejs
[sast-scan] [2025-09-19T13:56:13.045Z] [INFO] Code coverage analysis: SUCCESS 
[sast-scan] [2025-09-19T13:56:13.046Z] [INFO] === CODE COVERAGE RESULTS === 
[sast-scan] [2025-09-19T13:56:13.047Z] [INFO] Total files analyzed: 4 
[sast-scan] [2025-09-19T13:56:13.047Z] [INFO] Total lines of code: 313 
[sast-scan] [2025-09-19T13:56:13.048Z] [INFO] Average complexity: 1 
[sast-scan] [2025-09-19T13:56:13.049Z] [INFO] Code to total ratio: 91% 
[sast-scan] [2025-09-19T13:56:13.049Z] [INFO] Code coverage analysis completed. Overall success: true 
[summary] [2025-09-19T13:56:13.051Z] [INFO] PIPELINE EXECUTION SUMMARY 
[summary] [2025-09-19T13:56:13.051Z] [INFO] ================================================== 
[summary] [2025-09-19T13:56:13.052Z] [INFO] Execution started: 2025-09-19T13:55:49.608Z 
[summary] [2025-09-19T13:56:13.052Z] [INFO] Execution completed: 2025-09-19T13:56:13.052Z 
[summary] [2025-09-19T13:56:13.053Z] [INFO] Total duration: 23.44 seconds 
[summary] [2025-09-19T13:56:13.053Z] [INFO]  
[summary] [2025-09-19T13:56:13.054Z] [INFO] STAGE RESULTS: 
[summary] [2025-09-19T13:56:13.055Z] [INFO] Language Detection   ✅ PASS 
[summary] [2025-09-19T13:56:13.055Z] [INFO]   Languages detected: nodejs 
[summary] [2025-09-19T13:56:13.056Z] [INFO]   Primary language: nodejs 
[summary] [2025-09-19T13:56:13.056Z] [INFO] Dependency Check     ✅ PASS 
[summary] [2025-09-19T13:56:13.057Z] [INFO]   nodejs: SUCCESS 
[summary] [2025-09-19T13:56:13.057Z] [INFO] Code Quality         ❌ FAIL 
[summary] [2025-09-19T13:56:13.058Z] [INFO]   nodejs: FAILED 
[summary] [2025-09-19T13:56:13.058Z] [INFO] NPM Version Scan     ❌ FAIL 
[summary] [2025-09-19T13:56:13.059Z] [INFO]   nodejs: FAILED 
[summary] [2025-09-19T13:56:13.060Z] [INFO] Secret Detection     ✅ PASS 
[summary] [2025-09-19T13:56:13.060Z] [INFO]   secretScan: SUCCESS 
[summary] [2025-09-19T13:56:13.061Z] [INFO] SAST Scan            ✅ PASS 
[summary] [2025-09-19T13:56:13.062Z] [INFO]   coverage: SUCCESS 
[summary] [2025-09-19T13:56:13.064Z] [ERROR]  
[summary] [2025-09-19T13:56:13.065Z] [ERROR] ❌ PIPELINE FAILED: Please review the issues above. 
[summary] [2025-09-19T13:56:13.065Z] [INFO]  
[summary] [2025-09-19T13:56:13.066Z] [INFO] FINAL STATUS: FAILED 
[summary] [2025-09-19T13:56:13.066Z] [INFO] Log files location: C:\Users\hsjagad\CascadeProjects\windsurf-cicd-pipeline-pre-commit\React_demo-master\windsurf-pipeline\logs\run-2025-09-19T13-55-49-609Z 
[language-detection] [2025-09-22T12:05:25.213Z] [INFO] Starting language detection process 
[language-detection] [2025-09-22T12:05:25.214Z] [INFO] Detected Node.js via package.json in root 
[language-detection] [2025-09-22T12:05:25.216Z] [INFO] Final results: 1 languages detected 
[language-detection] [2025-09-22T12:05:25.216Z] [INFO] Languages: nodejs 
[language-detection] [2025-09-22T12:05:25.217Z] [INFO] Primary language: nodejs 
[language-detection] [2025-09-22T12:05:25.217Z] [INFO] Detection files: package.json 
[dependency-check] [2025-09-22T12:05:25.219Z] [INFO] Starting dependency check for languages: nodejs
[dependency-check] [2025-09-22T12:05:25.220Z] [INFO] Checking nodejs dependencies 
[dependency-check] [2025-09-22T12:05:29.355Z] [INFO] nodejs dependency check: SUCCESS 
[dependency-check] [2025-09-22T12:05:29.355Z] [INFO] Dependency check completed. Overall success: true 
[code-quality] [2025-09-22T12:05:29.357Z] [INFO] Starting code quality checks for languages: nodejs
[code-quality] [2025-09-22T12:05:29.358Z] [INFO] Running nodejs code quality checks 
[code-quality] [2025-09-22T12:05:37.739Z] [ERROR] nodejs code quality: FAILED 
[code-quality] [2025-09-22T12:05:37.739Z] [ERROR] === NODEJS CODE QUALITY FAILURE DETAILS === 
[code-quality] [2025-09-22T12:05:37.740Z] [ERROR] ESLINT FAILED: 
[code-quality] [2025-09-22T12:05:37.740Z] [ERROR] Error: npm warn exec The following package was not found and will be installed: eslint@9.36.0

Oops! Something went wrong! :(

ESLint: 9.36.0

ESLint couldn't find an eslint.config.(js|mjs|cjs) file.

From ESLint v9.0.0, the default configuration file is now eslint.config.js.
If you are using a .eslintrc.* file, please follow the migration guide
to update your configuration file to the new format:

https://eslint.org/docs/latest/use/configure/migration-guide

If you still have problems after following the migration guide, please stop by
https://eslint.org/chat/help to chat with the team.

 
[code-quality] [2025-09-22T12:05:37.753Z] [ERROR] Error Message: Command failed: npx eslint . --ext .js,.jsx,.ts,.tsx --no-error-on-unmatched-pattern
npm warn exec The following package was not found and will be installed: eslint@9.36.0

Oops! Something went wrong! :(

ESLint: 9.36.0

ESLint couldn't find an eslint.config.(js|mjs|cjs) file.

From ESLint v9.0.0, the default configuration file is now eslint.config.js.
If you are using a .eslintrc.* file, please follow the migration guide
to update your configuration file to the new format:

https://eslint.org/docs/latest/use/configure/migration-guide

If you still have problems after following the migration guide, please stop by
https://eslint.org/chat/help to chat with the team.

 
[code-quality] [2025-09-22T12:05:37.753Z] [ERROR] PRETTIER FAILED: 
[code-quality] [2025-09-22T12:05:37.753Z] [ERROR] Output: Checking formatting...
 
[code-quality] [2025-09-22T12:05:37.754Z] [ERROR] Error: [[33mwarn[39m] .eslintrc.js
[[33mwarn[39m] .prettierrc.json
[[33mwarn[39m] .vscode/pipeline-status.json
[[33mwarn[39m] .vscode/settings.json
[[33mwarn[39m] ESLINT_NO_CONSOLE_SETUP.md
[[33mwarn[39m] PIPELINE_STATUS.md
[[33mwarn[39m] public/index.html
[[33mwarn[39m] README.md
[[33mwarn[39m] src/App.js
[[33mwarn[39m] src/components/Dashboard.js
[[33mwarn[39m] src/components/TestConsole.js
[[33mwarn[39m] windsurf-pipeline/DEVELOPER_SETUP.md
[[33mwarn[39m] windsurf-pipeline/eslint.config.js
[[33mwarn[39m] windsurf-pipeline/local-pipeline/auto-start-service.js
[[33mwarn[39m] windsurf-pipeline/local-pipeline/cleanup-locks.js
[[33mwarn[39m] windsurf-pipeline/local-pipeline/code-review-assistant.js
[[33mwarn[39m] windsurf-pipeline/local-pipeline/code-review-generator.js
[[33mwarn[39m] windsurf-pipeline/local-pipeline/file-watcher.js
[[33mwarn[39m] windsurf-pipeline/local-pipeline/notifications.js
[[33mwarn[39m] windsurf-pipeline/local-pipeline/run-pipeline.js
[[33mwarn[39m] windsurf-pipeline/local-pipeline/simple-coverage.js
[[33mwarn[39m] windsurf-pipeline/local-pipeline/startup.js
[[33mwarn[39m] windsurf-pipeline/local-pipeline/status-indicator.js
[[33mwarn[39m] windsurf-pipeline/README.md
[[33mwarn[39m] windsurf-pipeline/reports/code-review-2025-09-19-18-47.md
[[33mwarn[39m] windsurf-pipeline/reports/code-review-2025-09-19-19-26.md
[[33mwarn[39m] windsurf-pipeline/reports/latest-code-review.md
[[33mwarn[39m] Code style issues found in 27 files. Run Prettier with --write to fix.
 
[code-quality] [2025-09-22T12:05:37.754Z] [ERROR] Error Message: Command failed: npx prettier --check . --ignore-unknown
[[33mwarn[39m] .eslintrc.js
[[33mwarn[39m] .prettierrc.json
[[33mwarn[39m] .vscode/pipeline-status.json
[[33mwarn[39m] .vscode/settings.json
[[33mwarn[39m] ESLINT_NO_CONSOLE_SETUP.md
[[33mwarn[39m] PIPELINE_STATUS.md
[[33mwarn[39m] public/index.html
[[33mwarn[39m] README.md
[[33mwarn[39m] src/App.js
[[33mwarn[39m] src/components/Dashboard.js
[[33mwarn[39m] src/components/TestConsole.js
[[33mwarn[39m] windsurf-pipeline/DEVELOPER_SETUP.md
[[33mwarn[39m] windsurf-pipeline/eslint.config.js
[[33mwarn[39m] windsurf-pipeline/local-pipeline/auto-start-service.js
[[33mwarn[39m] windsurf-pipeline/local-pipeline/cleanup-locks.js
[[33mwarn[39m] windsurf-pipeline/local-pipeline/code-review-assistant.js
[[33mwarn[39m] windsurf-pipeline/local-pipeline/code-review-generator.js
[[33mwarn[39m] windsurf-pipeline/local-pipeline/file-watcher.js
[[33mwarn[39m] windsurf-pipeline/local-pipeline/notifications.js
[[33mwarn[39m] windsurf-pipeline/local-pipeline/run-pipeline.js
[[33mwarn[39m] windsurf-pipeline/local-pipeline/simple-coverage.js
[[33mwarn[39m] windsurf-pipeline/local-pipeline/startup.js
[[33mwarn[39m] windsurf-pipeline/local-pipeline/status-indicator.js
[[33mwarn[39m] windsurf-pipeline/README.md
[[33mwarn[39m] windsurf-pipeline/reports/code-review-2025-09-19-18-47.md
[[33mwarn[39m] windsurf-pipeline/reports/code-review-2025-09-19-19-26.md
[[33mwarn[39m] windsurf-pipeline/reports/latest-code-review.md
[[33mwarn[39m] Code style issues found in 27 files. Run Prettier with --write to fix.
 
[code-quality] [2025-09-22T12:05:37.754Z] [ERROR] SYNTAX FAILED: 
[code-quality] [2025-09-22T12:05:37.754Z] [INFO] Code quality checks completed. Overall success: false 
[npm-version-scan] [2025-09-22T12:05:37.756Z] [INFO] Starting npm version vulnerability scan 
[npm-version-scan] [2025-09-22T12:05:42.656Z] [ERROR] npm version scan: FAILED 
[npm-version-scan] [2025-09-22T12:05:42.656Z] [ERROR] === NPM VERSION SCAN FAILURE DETAILS === 
[npm-version-scan] [2025-09-22T12:05:42.656Z] [WARN] Outdated package: @emotion/react (current: undefined, wanted: 11.14.0, latest: 11.14.0) 
[npm-version-scan] [2025-09-22T12:05:42.657Z] [WARN] Outdated package: @emotion/styled (current: undefined, wanted: 11.14.1, latest: 11.14.1) 
[npm-version-scan] [2025-09-22T12:05:42.657Z] [WARN] Outdated package: @mui/icons-material (current: undefined, wanted: 5.18.0, latest: 7.3.2) 
[npm-version-scan] [2025-09-22T12:05:42.670Z] [WARN] Outdated package: @mui/material (current: undefined, wanted: 5.18.0, latest: 7.3.2) 
[npm-version-scan] [2025-09-22T12:05:42.670Z] [WARN] Outdated package: react (current: undefined, wanted: 18.3.1, latest: 19.1.1) 
[npm-version-scan] [2025-09-22T12:05:42.670Z] [WARN] Outdated package: react-dom (current: undefined, wanted: 18.3.1, latest: 19.1.1) 
[npm-version-scan] [2025-09-22T12:05:42.671Z] [WARN] Outdated package: react-scripts (current: undefined, wanted: 5.0.1, latest: 5.0.1) 
[npm-version-scan] [2025-09-22T12:05:42.671Z] [ERROR] Vulnerable package: @svgr/plugin-svgo 
[npm-version-scan] [2025-09-22T12:05:42.672Z] [ERROR] Vulnerable package: @svgr/webpack 
[npm-version-scan] [2025-09-22T12:05:42.672Z] [ERROR] Vulnerable package: css-select 
[npm-version-scan] [2025-09-22T12:05:42.672Z] [ERROR] Vulnerable package: nth-check 
[npm-version-scan] [2025-09-22T12:05:42.673Z] [ERROR] Vulnerable package: postcss 
[npm-version-scan] [2025-09-22T12:05:42.673Z] [ERROR] Vulnerable package: react-scripts 
[npm-version-scan] [2025-09-22T12:05:42.674Z] [ERROR] Vulnerable package: resolve-url-loader 
[npm-version-scan] [2025-09-22T12:05:42.674Z] [ERROR] Vulnerable package: svgo 
[npm-version-scan] [2025-09-22T12:05:42.674Z] [ERROR] Vulnerable package: webpack-dev-server 
[npm-version-scan] [2025-09-22T12:05:42.675Z] [INFO] npm version scan completed. Overall success: false 
[secret-detection] [2025-09-22T12:05:42.677Z] [INFO] Starting secret detection scan 
[secret-detection] [2025-09-22T12:05:42.702Z] [INFO] Secret detection: NO SECRETS FOUND 
[secret-detection] [2025-09-22T12:05:42.702Z] [INFO] Secret detection completed. Overall success: true 
[sast-scan] [2025-09-22T12:05:42.704Z] [INFO] Starting code coverage analysis for languages: nodejs
[sast-scan] [2025-09-22T12:05:42.709Z] [INFO] Code coverage analysis: SUCCESS 
[sast-scan] [2025-09-22T12:05:42.710Z] [INFO] === CODE COVERAGE RESULTS === 
[sast-scan] [2025-09-22T12:05:42.710Z] [INFO] Total files analyzed: 4 
[sast-scan] [2025-09-22T12:05:42.710Z] [INFO] Total lines of code: 313 
[sast-scan] [2025-09-22T12:05:42.710Z] [INFO] Average complexity: 1 
[sast-scan] [2025-09-22T12:05:42.710Z] [INFO] Code to total ratio: 92% 
[sast-scan] [2025-09-22T12:05:42.711Z] [INFO] Code coverage analysis completed. Overall success: true 
[summary] [2025-09-22T12:05:42.713Z] [INFO] PIPELINE EXECUTION SUMMARY 
[summary] [2025-09-22T12:05:42.713Z] [INFO] ================================================== 
[summary] [2025-09-22T12:05:42.713Z] [INFO] Execution started: 2025-09-22T12:05:25.133Z 
[summary] [2025-09-22T12:05:42.714Z] [INFO] Execution completed: 2025-09-22T12:05:42.714Z 
[summary] [2025-09-22T12:05:42.714Z] [INFO] Total duration: 17.58 seconds 
[summary] [2025-09-22T12:05:42.714Z] [INFO]  
[summary] [2025-09-22T12:05:42.714Z] [INFO] STAGE RESULTS: 
[summary] [2025-09-22T12:05:42.716Z] [INFO] Language Detection   ✅ PASS 
[summary] [2025-09-22T12:05:42.717Z] [INFO]   Languages detected: nodejs 
[summary] [2025-09-22T12:05:42.717Z] [INFO]   Primary language: nodejs 
[summary] [2025-09-22T12:05:42.717Z] [INFO] Dependency Check     ✅ PASS 
[summary] [2025-09-22T12:05:42.718Z] [INFO]   nodejs: SUCCESS 
[summary] [2025-09-22T12:05:42.718Z] [INFO] Code Quality         ❌ FAIL 
[summary] [2025-09-22T12:05:42.719Z] [INFO]   nodejs: FAILED 
[summary] [2025-09-22T12:05:42.719Z] [INFO] NPM Version Scan     ❌ FAIL 
[summary] [2025-09-22T12:05:42.719Z] [INFO]   nodejs: FAILED 
[summary] [2025-09-22T12:05:42.720Z] [INFO] Secret Detection     ✅ PASS 
[summary] [2025-09-22T12:05:42.720Z] [INFO]   secretScan: SUCCESS 
[summary] [2025-09-22T12:05:42.720Z] [INFO] SAST Scan            ✅ PASS 
[summary] [2025-09-22T12:05:42.721Z] [INFO]   coverage: SUCCESS 
[summary] [2025-09-22T12:05:42.722Z] [ERROR]  
[summary] [2025-09-22T12:05:42.723Z] [ERROR] ❌ PIPELINE FAILED: Please review the issues above. 
[summary] [2025-09-22T12:05:42.723Z] [INFO]  
[summary] [2025-09-22T12:05:42.723Z] [INFO] FINAL STATUS: FAILED 
[summary] [2025-09-22T12:05:42.723Z] [INFO] Log files location: C:\Users\hsjagad\CascadeProjects\windsurf-cicd-pipeline-pre-commit\React_demo-master\windsurf-pipeline\logs\run-2025-09-22T12-05-25-134Z 
[language-detection] [2025-09-23T04:28:13.584Z] [INFO] Starting language detection process 
[language-detection] [2025-09-23T04:28:13.585Z] [INFO] Detected Node.js via package.json in root 
[language-detection] [2025-09-23T04:28:13.587Z] [INFO] Final results: 1 languages detected 
[language-detection] [2025-09-23T04:28:13.587Z] [INFO] Languages: nodejs 
[language-detection] [2025-09-23T04:28:13.587Z] [INFO] Primary language: nodejs 
[language-detection] [2025-09-23T04:28:13.588Z] [INFO] Detection files: package.json 
[dependency-check] [2025-09-23T04:28:13.590Z] [INFO] Starting dependency check for languages: nodejs
[dependency-check] [2025-09-23T04:28:13.590Z] [INFO] Checking nodejs dependencies 
[dependency-check] [2025-09-23T04:28:17.642Z] [INFO] nodejs dependency check: SUCCESS 
[dependency-check] [2025-09-23T04:28:17.642Z] [INFO] Dependency check completed. Overall success: true 
[code-quality] [2025-09-23T04:28:17.644Z] [INFO] Starting code quality checks for languages: nodejs
[code-quality] [2025-09-23T04:28:17.645Z] [INFO] Running nodejs code quality checks 
[code-quality] [2025-09-23T04:28:24.680Z] [ERROR] nodejs code quality: FAILED 
[code-quality] [2025-09-23T04:28:24.680Z] [ERROR] === NODEJS CODE QUALITY FAILURE DETAILS === 
[code-quality] [2025-09-23T04:28:24.680Z] [ERROR] ESLINT FAILED: 
[code-quality] [2025-09-23T04:28:24.681Z] [ERROR] Error: 
Oops! Something went wrong! :(

ESLint: 9.36.0

ESLint couldn't find an eslint.config.(js|mjs|cjs) file.

From ESLint v9.0.0, the default configuration file is now eslint.config.js.
If you are using a .eslintrc.* file, please follow the migration guide
to update your configuration file to the new format:

https://eslint.org/docs/latest/use/configure/migration-guide

If you still have problems after following the migration guide, please stop by
https://eslint.org/chat/help to chat with the team.

 
[code-quality] [2025-09-23T04:28:24.693Z] [ERROR] Error Message: Command failed: npx eslint . --ext .js,.jsx,.ts,.tsx --no-error-on-unmatched-pattern

Oops! Something went wrong! :(

ESLint: 9.36.0

ESLint couldn't find an eslint.config.(js|mjs|cjs) file.

From ESLint v9.0.0, the default configuration file is now eslint.config.js.
If you are using a .eslintrc.* file, please follow the migration guide
to update your configuration file to the new format:

https://eslint.org/docs/latest/use/configure/migration-guide

If you still have problems after following the migration guide, please stop by
https://eslint.org/chat/help to chat with the team.

 
[code-quality] [2025-09-23T04:28:24.694Z] [ERROR] PRETTIER FAILED: 
[code-quality] [2025-09-23T04:28:24.694Z] [ERROR] Output: Checking formatting...
Error occurred when checking code style in the above file.
 
[code-quality] [2025-09-23T04:28:24.694Z] [ERROR] Error: [[33mwarn[39m] .eslintrc.js
[[33mwarn[39m] .prettierrc.json
[[33mwarn[39m] .vscode/pipeline-status.json
[[33mwarn[39m] .vscode/settings.json
[[33mwarn[39m] ESLINT_NO_CONSOLE_SETUP.md
[[33mwarn[39m] PIPELINE_STATUS.md
[[33mwarn[39m] public/index.html
[[33mwarn[39m] README.md
[[31merror[39m] src/App.js: SyntaxError: Unexpected character ' '. (41:1)
[[31merror[39m] [0m [90m 39 |[39m
[[31merror[39m]  [90m 40 |[39m [90m// Embedded pipeline test comment/ /   T e s t i n g   p r e - c o m m i t   h o o k   i n t e g r a t i o n [39m
[[31merror[39m] [31m[1m>[22m[39m[90m 41 |[39m [37m[41m[1m [22m[49m[39m
[[31merror[39m]  [90m    |[39m [31m[1m^[22m[39m
[[31merror[39m]  [90m 42 |[39m [37m[41m[1m [22m[49m[39m[35m/ /[39m[37m[41m[1m [22m[49m[39m [37m[41m[1m [22m[49m[39m[33mT[39m[37m[41m[1m [22m[49m[39me[37m[41m[1m [22m[49m[39ms[37m[41m[1m [22m[49m[39mt[37m[41m[1m [22m[49m[39mi[37m[41m[1m [22m[49m[39mn[37m[41m[1m [22m[49m[39mg[37m[41m[1m [22m[49m[39m [37m[41m[1m [22m[49m[39mp[37m[41m[1m [22m[49m[39mr[37m[41m[1m [22m[49m[39me[37m[41m[1m [22m[49m[39m[33m-[39m[37m[41m[1m [22m[49m[39mc[37m[41m[1m [22m[49m[39mo[37m[41m[1m [22m[49m[39mm[37m[41m[1m [22m[49m[39mm[37m[41m[1m [22m[49m[39mi[37m[41m[1m [22m[49m[39mt[37m[41m[1m [22m[49m[39m [37m[41m[1m [22m[49m[39mh[37m[41m[1m [22m[49m[39mo[37m[41m[1m [22m[49m[39mo[37m[41m[1m [22m[49m[39mk[37m[41m[1m [22m[49m[39m [37m[41m[1m [22m[49m[39mi[37m[41m[1m [22m[49m[39mn[37m[41m[1m [22m[49m[39mt[37m[41m[1m [22m[49m[39me[37m[41m[1m [22m[49m[39mg[37m[41m[1m [22m[49m[39mr[37m[41m[1m [22m[49m[39ma[37m[41m[1m [22m[49m[39mt[37m[41m[1m [22m[49m[39mi[37m[41m[1m [22m[49m[39mo[37m[41m[1m [22m[49m[39mn[37m[41m[1m [22m[49m[39m
[[31merror[39m]  [90m 43 |[39m [37m[41m[1m [22m[49m[39m
[[31merror[39m]  [90m 44 |[39m [37m[41m[1m [22m[49m[39m[0m
[[33mwarn[39m] src/components/Dashboard.js
[[33mwarn[39m] src/components/TestConsole.js
[[33mwarn[39m] windsurf-pipeline/DEVELOPER_SETUP.md
[[33mwarn[39m] windsurf-pipeline/eslint.config.js
[[33mwarn[39m] windsurf-pipeline/local-pipeline/auto-start-service.js
[[33mwarn[39m] windsurf-pipeline/local-pipeline/cleanup-locks.js
[[33mwarn[39m] windsurf-pipeline/local-pipeline/code-review-assistant.js
[[33mwarn[39m] windsurf-pipeline/local-pipeline/code-review-generator.js
[[33mwarn[39m] windsurf-pipeline/local-pipeline/file-watcher.js
[[33mwarn[39m] windsurf-pipeline/local-pipeline/notifications.js
[[33mwarn[39m] windsurf-pipeline/local-pipeline/run-pipeline.js
[[33mwarn[39m] windsurf-pipeline/local-pipeline/simple-coverage.js
[[33mwarn[39m] windsurf-pipeline/local-pipeline/startup.js
[[33mwarn[39m] windsurf-pipeline/local-pipeline/status-indicator.js
[[33mwarn[39m] windsurf-pipeline/README.md
[[33mwarn[39m] windsurf-pipeline/reports/code-review-2025-09-19-18-47.md
[[33mwarn[39m] windsurf-pipeline/reports/code-review-2025-09-19-19-26.md
[[33mwarn[39m] windsurf-pipeline/reports/code-review-2025-09-22-17-35.md
[[33mwarn[39m] windsurf-pipeline/reports/latest-code-review.md
 
[code-quality] [2025-09-23T04:28:24.695Z] [ERROR] Error Message: Command failed: npx prettier --check . --ignore-unknown
[[33mwarn[39m] .eslintrc.js
[[33mwarn[39m] .prettierrc.json
[[33mwarn[39m] .vscode/pipeline-status.json
[[33mwarn[39m] .vscode/settings.json
[[33mwarn[39m] ESLINT_NO_CONSOLE_SETUP.md
[[33mwarn[39m] PIPELINE_STATUS.md
[[33mwarn[39m] public/index.html
[[33mwarn[39m] README.md
[[31merror[39m] src/App.js: SyntaxError: Unexpected character ' '. (41:1)
[[31merror[39m] [0m [90m 39 |[39m
[[31merror[39m]  [90m 40 |[39m [90m// Embedded pipeline test comment/ /   T e s t i n g   p r e - c o m m i t   h o o k   i n t e g r a t i o n [39m
[[31merror[39m] [31m[1m>[22m[39m[90m 41 |[39m [37m[41m[1m [22m[49m[39m
[[31merror[39m]  [90m    |[39m [31m[1m^[22m[39m
[[31merror[39m]  [90m 42 |[39m [37m[41m[1m [22m[49m[39m[35m/ /[39m[37m[41m[1m [22m[49m[39m [37m[41m[1m [22m[49m[39m[33mT[39m[37m[41m[1m [22m[49m[39me[37m[41m[1m [22m[49m[39ms[37m[41m[1m [22m[49m[39mt[37m[41m[1m [22m[49m[39mi[37m[41m[1m [22m[49m[39mn[37m[41m[1m [22m[49m[39mg[37m[41m[1m [22m[49m[39m [37m[41m[1m [22m[49m[39mp[37m[41m[1m [22m[49m[39mr[37m[41m[1m [22m[49m[39me[37m[41m[1m [22m[49m[39m[33m-[39m[37m[41m[1m [22m[49m[39mc[37m[41m[1m [22m[49m[39mo[37m[41m[1m [22m[49m[39mm[37m[41m[1m [22m[49m[39mm[37m[41m[1m [22m[49m[39mi[37m[41m[1m [22m[49m[39mt[37m[41m[1m [22m[49m[39m [37m[41m[1m [22m[49m[39mh[37m[41m[1m [22m[49m[39mo[37m[41m[1m [22m[49m[39mo[37m[41m[1m [22m[49m[39mk[37m[41m[1m [22m[49m[39m [37m[41m[1m [22m[49m[39mi[37m[41m[1m [22m[49m[39mn[37m[41m[1m [22m[49m[39mt[37m[41m[1m [22m[49m[39me[37m[41m[1m [22m[49m[39mg[37m[41m[1m [22m[49m[39mr[37m[41m[1m [22m[49m[39ma[37m[41m[1m [22m[49m[39mt[37m[41m[1m [22m[49m[39mi[37m[41m[1m [22m[49m[39mo[37m[41m[1m [22m[49m[39mn[37m[41m[1m [22m[49m[39m
[[31merror[39m]  [90m 43 |[39m [37m[41m[1m [22m[49m[39m
[[31merror[39m]  [90m 44 |[39m [37m[41m[1m [22m[49m[39m[0m
[[33mwarn[39m] src/components/Dashboard.js
[[33mwarn[39m] src/components/TestConsole.js
[[33mwarn[39m] windsurf-pipeline/DEVELOPER_SETUP.md
[[33mwarn[39m] windsurf-pipeline/eslint.config.js
[[33mwarn[39m] windsurf-pipeline/local-pipeline/auto-start-service.js
[[33mwarn[39m] windsurf-pipeline/local-pipeline/cleanup-locks.js
[[33mwarn[39m] windsurf-pipeline/local-pipeline/code-review-assistant.js
[[33mwarn[39m] windsurf-pipeline/local-pipeline/code-review-generator.js
[[33mwarn[39m] windsurf-pipeline/local-pipeline/file-watcher.js
[[33mwarn[39m] windsurf-pipeline/local-pipeline/notifications.js
[[33mwarn[39m] windsurf-pipeline/local-pipeline/run-pipeline.js
[[33mwarn[39m] windsurf-pipeline/local-pipeline/simple-coverage.js
[[33mwarn[39m] windsurf-pipeline/local-pipeline/startup.js
[[33mwarn[39m] windsurf-pipeline/local-pipeline/status-indicator.js
[[33mwarn[39m] windsurf-pipeline/README.md
[[33mwarn[39m] windsurf-pipeline/reports/code-review-2025-09-19-18-47.md
[[33mwarn[39m] windsurf-pipeline/reports/code-review-2025-09-19-19-26.md
[[33mwarn[39m] windsurf-pipeline/reports/code-review-2025-09-22-17-35.md
[[33mwarn[39m] windsurf-pipeline/reports/latest-code-review.md
 
[code-quality] [2025-09-23T04:28:24.695Z] [ERROR] SYNTAX FAILED: 
[code-quality] [2025-09-23T04:28:24.695Z] [INFO] Code quality checks completed. Overall success: false 
[npm-version-scan] [2025-09-23T04:28:24.697Z] [INFO] Starting npm version vulnerability scan 
[npm-version-scan] [2025-09-23T04:28:29.761Z] [ERROR] npm version scan: FAILED 
[npm-version-scan] [2025-09-23T04:28:29.762Z] [ERROR] === NPM VERSION SCAN FAILURE DETAILS === 
[npm-version-scan] [2025-09-23T04:28:29.762Z] [WARN] Outdated package: @emotion/react (current: undefined, wanted: 11.14.0, latest: 11.14.0) 
[npm-version-scan] [2025-09-23T04:28:29.763Z] [WARN] Outdated package: @emotion/styled (current: undefined, wanted: 11.14.1, latest: 11.14.1) 
[npm-version-scan] [2025-09-23T04:28:29.763Z] [WARN] Outdated package: @mui/icons-material (current: undefined, wanted: 5.18.0, latest: 7.3.2) 
[npm-version-scan] [2025-09-23T04:28:29.776Z] [WARN] Outdated package: @mui/material (current: undefined, wanted: 5.18.0, latest: 7.3.2) 
[npm-version-scan] [2025-09-23T04:28:29.776Z] [WARN] Outdated package: react (current: undefined, wanted: 18.3.1, latest: 19.1.1) 
[npm-version-scan] [2025-09-23T04:28:29.777Z] [WARN] Outdated package: react-dom (current: undefined, wanted: 18.3.1, latest: 19.1.1) 
[npm-version-scan] [2025-09-23T04:28:29.777Z] [WARN] Outdated package: react-scripts (current: undefined, wanted: 5.0.1, latest: 5.0.1) 
[npm-version-scan] [2025-09-23T04:28:29.777Z] [ERROR] Vulnerable package: @svgr/plugin-svgo 
[npm-version-scan] [2025-09-23T04:28:29.778Z] [ERROR] Vulnerable package: @svgr/webpack 
[npm-version-scan] [2025-09-23T04:28:29.778Z] [ERROR] Vulnerable package: css-select 
[npm-version-scan] [2025-09-23T04:28:29.778Z] [ERROR] Vulnerable package: nth-check 
[npm-version-scan] [2025-09-23T04:28:29.779Z] [ERROR] Vulnerable package: postcss 
[npm-version-scan] [2025-09-23T04:28:29.779Z] [ERROR] Vulnerable package: react-scripts 
[npm-version-scan] [2025-09-23T04:28:29.779Z] [ERROR] Vulnerable package: resolve-url-loader 
[npm-version-scan] [2025-09-23T04:28:29.779Z] [ERROR] Vulnerable package: svgo 
[npm-version-scan] [2025-09-23T04:28:29.779Z] [ERROR] Vulnerable package: webpack-dev-server 
[npm-version-scan] [2025-09-23T04:28:29.780Z] [INFO] npm version scan completed. Overall success: false 
[secret-detection] [2025-09-23T04:28:29.782Z] [INFO] Starting secret detection scan 
[secret-detection] [2025-09-23T04:28:29.805Z] [INFO] Secret detection: NO SECRETS FOUND 
[secret-detection] [2025-09-23T04:28:29.806Z] [INFO] Secret detection completed. Overall success: true 
[sast-scan] [2025-09-23T04:28:29.807Z] [INFO] Starting code coverage analysis for languages: nodejs
[sast-scan] [2025-09-23T04:28:29.813Z] [INFO] Code coverage analysis: SUCCESS 
[sast-scan] [2025-09-23T04:28:29.813Z] [INFO] === CODE COVERAGE RESULTS === 
[sast-scan] [2025-09-23T04:28:29.813Z] [INFO] Total files analyzed: 4 
[sast-scan] [2025-09-23T04:28:29.814Z] [INFO] Total lines of code: 315 
[sast-scan] [2025-09-23T04:28:29.814Z] [INFO] Average complexity: 1 
[sast-scan] [2025-09-23T04:28:29.814Z] [INFO] Code to total ratio: 92% 
[sast-scan] [2025-09-23T04:28:29.814Z] [INFO] Code coverage analysis completed. Overall success: true 
[summary] [2025-09-23T04:28:29.816Z] [INFO] PIPELINE EXECUTION SUMMARY 
[summary] [2025-09-23T04:28:29.817Z] [INFO] ================================================== 
[summary] [2025-09-23T04:28:29.817Z] [INFO] Execution started: 2025-09-23T04:28:13.542Z 
[summary] [2025-09-23T04:28:29.818Z] [INFO] Execution completed: 2025-09-23T04:28:29.817Z 
[summary] [2025-09-23T04:28:29.818Z] [INFO] Total duration: 16.27 seconds 
[summary] [2025-09-23T04:28:29.818Z] [INFO]  
[summary] [2025-09-23T04:28:29.819Z] [INFO] STAGE RESULTS: 
[summary] [2025-09-23T04:28:29.820Z] [INFO] Language Detection   ✅ PASS 
[summary] [2025-09-23T04:28:29.820Z] [INFO]   Languages detected: nodejs 
[summary] [2025-09-23T04:28:29.820Z] [INFO]   Primary language: nodejs 
[summary] [2025-09-23T04:28:29.821Z] [INFO] Dependency Check     ✅ PASS 
[summary] [2025-09-23T04:28:29.821Z] [INFO]   nodejs: SUCCESS 
[summary] [2025-09-23T04:28:29.822Z] [INFO] Code Quality         ❌ FAIL 
[summary] [2025-09-23T04:28:29.822Z] [INFO]   nodejs: FAILED 
[summary] [2025-09-23T04:28:29.823Z] [INFO] NPM Version Scan     ❌ FAIL 
[summary] [2025-09-23T04:28:29.823Z] [INFO]   nodejs: FAILED 
[summary] [2025-09-23T04:28:29.824Z] [INFO] Secret Detection     ✅ PASS 
[summary] [2025-09-23T04:28:29.824Z] [INFO]   secretScan: SUCCESS 
[summary] [2025-09-23T04:28:29.825Z] [INFO] SAST Scan            ✅ PASS 
[summary] [2025-09-23T04:28:29.826Z] [INFO]   coverage: SUCCESS 
[summary] [2025-09-23T04:28:29.826Z] [ERROR]  
[summary] [2025-09-23T04:28:29.827Z] [ERROR] ❌ PIPELINE FAILED: Please review the issues above. 
[summary] [2025-09-23T04:28:29.827Z] [INFO]  
[summary] [2025-09-23T04:28:29.828Z] [INFO] FINAL STATUS: FAILED 
[summary] [2025-09-23T04:28:29.828Z] [INFO] Log files location: C:\Users\hsjagad\CascadeProjects\windsurf-cicd-pipeline-pre-commit\React_demo-master\windsurf-pipeline\logs\run-2025-09-23T04-28-13-543Z 
[language-detection] [2025-09-23T09:00:46.736Z] [INFO] Starting language detection process 
[language-detection] [2025-09-23T09:00:46.737Z] [INFO] Detected Node.js via package.json in root 
[language-detection] [2025-09-23T09:00:46.740Z] [INFO] Final results: 1 languages detected 
[language-detection] [2025-09-23T09:00:46.740Z] [INFO] Languages: nodejs 
[language-detection] [2025-09-23T09:00:46.741Z] [INFO] Primary language: nodejs 
[language-detection] [2025-09-23T09:00:46.742Z] [INFO] Detection files: package.json 
[dependency-check] [2025-09-23T09:00:46.746Z] [INFO] Starting dependency check for languages: nodejs
[dependency-check] [2025-09-23T09:00:46.747Z] [INFO] Checking nodejs dependencies 
[dependency-check] [2025-09-23T09:00:53.312Z] [INFO] nodejs dependency check: SUCCESS 
[dependency-check] [2025-09-23T09:00:53.313Z] [INFO] Dependency check completed. Overall success: true 
[code-quality] [2025-09-23T09:00:53.316Z] [INFO] Starting code quality checks for languages: nodejs
[code-quality] [2025-09-23T09:00:53.317Z] [INFO] Running nodejs code quality checks 
[code-quality] [2025-09-23T09:01:17.363Z] [ERROR] nodejs code quality: FAILED 
[code-quality] [2025-09-23T09:01:17.364Z] [ERROR] === NODEJS CODE QUALITY FAILURE DETAILS === 
[code-quality] [2025-09-23T09:01:17.365Z] [ERROR] ESLINT FAILED: 
[code-quality] [2025-09-23T09:01:17.366Z] [ERROR] Output: 
C:\Users\hsjagad\CascadeProjects\windsurf-cicd-pipeline-pre-commit\React_demo-master\src\App.js
  41:3  error  Parsing error: Unexpected character ' '. (41:3)

C:\Users\hsjagad\CascadeProjects\windsurf-cicd-pipeline-pre-commit\React_demo-master\windsurf-pipeline\local-pipeline\auto-start-service.js
   21:5  error  Unexpected console statement  no-console
   25:7  error  Unexpected console statement  no-console
   44:5  error  Unexpected console statement  no-console
   63:7  error  Unexpected console statement  no-console
   68:7  error  Unexpected console statement  no-console
   73:5  error  Unexpected console statement  no-console
   88:5  error  Unexpected console statement  no-console
  104:7  error  Unexpected console statement  no-console
  110:7  error  Unexpected console statement  no-console
  121:7  error  Unexpected console statement  no-console
  132:5  error  Unexpected console statement  no-console

C:\Users\hsjagad\CascadeProjects\windsurf-cicd-pipeline-pre-commit\React_demo-master\windsurf-pipeline\local-pipeline\cleanup-locks.js
  29:5   error  Unexpected console statement  no-console
  32:9   error  Unexpected console statement  no-console
  41:9   error  Unexpected console statement  no-console
  42:9   error  Unexpected console statement  no-console
  43:9   error  Unexpected console statement  no-console
  46:13  error  Unexpected console statement  no-console
  48:13  error  Unexpected console statement  no-console
  50:13  error  Unexpected console statement  no-console
  53:9   error  Unexpected console statement  no-console
  55:9   error  Unexpected console statement  no-console

C:\Users\hsjagad\CascadeProjects\windsurf-cicd-pipeline-pre-commit\React_demo-master\windsurf-pipeline\local-pipeline\code-review-assistant.js
   37:9   error    Unexpected console statement                no-console
   38:9   error    Unexpected console statement                no-console
  128:13  error    Unexpected console statement                no-console
  196:9   warning  Expected a default case                     default-case
  288:30  error    'fixes' is assigned a value but never used  no-unused-vars
  299:9   error    Unexpected console statement                no-console
  300:9   error    Unexpected console statement                no-console
  303:13  error    Unexpected console statement                no-console
  308:13  error    Unexpected console statement                no-console
  311:17  error    Unexpected console statement                no-console
  313:21  error    Unexpected console statement                no-console
  318:9   error    Unexpected console statement                no-console
  319:9   error    Unexpected console statement                no-console
  327:17  error    Unexpected console statement                no-console
  360:9   error    Unexpected console statement                no-console
  361:9   error    Unexpected console statement                no-console
  368:17  error    Unexpected console statement                no-console
  369:17  error    Unexpected console statement                no-console
  372:21  error    Unexpected console statement                no-console
  373:21  error    Unexpected console statement                no-console
  374:21  error    Unexpected console statement                no-console
  377:25  error    Unexpected console statement                no-console
  378:25  error    Unexpected console statement                no-console
  392:13  error    Unexpected console statement                no-console
  397:9   error    Unexpected console statement                no-console
  398:9   error    Unexpected console statement                no-console
  412:25  error    Unexpected console statement                no-console
  417:25  error    Unexpected console statement                no-console
  420:21  error    Unexpected console statement                no-console
  427:9   error    Unexpected console statement                no-console
  428:9   error    Unexpected console statement                no-console
  429:9   error    Unexpected console statement                no-console
  430:9   error    Unexpected console statement                no-console
  431:9   error    Unexpected console statement                no-console
  432:9   error    Unexpected console statement                no-console
  433:9   error    Unexpected console statement                no-console
  434:9   error    Unexpected console statement                no-console
  435:9   error    Unexpected console statement                no-console
  436:9   error    Unexpected console statement                no-console
  437:9   error    Unexpected console statement                no-console
  438:9   error    Unexpected console statement                no-console
  439:9   error    Unexpected console statement                no-console
  440:9   error    Unexpected console statement                no-console
  444:9   error    Unexpected console statement                no-console
  461:13  error    Unexpected console statement                no-console
  465:9   error    Unexpected console statement                no-console
  467:13  error    Unexpected console statement                no-console
  469:17  error    Unexpected console statement                no-console
  530:13  error    Unexpected console statement                no-console
  532:13  error    Unexpected console statement                no-console
  543:9   error    Unexpected console statement                no-console
  551:9   error    Unexpected console statement                no-console

C:\Users\hsjagad\CascadeProjects\windsurf-cicd-pipeline-pre-commit\React_demo-master\windsurf-pipeline\local-pipeline\code-review-generator.js
  51:15  error  'stageResults' is assigned a value but never used  no-unused-vars

C:\Users\hsjagad\CascadeProjects\windsurf-cicd-pipeline-pre-commit\React_demo-master\windsurf-pipeline\local-pipeline\file-watcher.js
  160:13  error  Unexpected console statement  no-console
  367:9   error  Unexpected console statement  no-console

C:\Users\hsjagad\CascadeProjects\windsurf-cicd-pipeline-pre-commit\React_demo-master\windsurf-pipeline\local-pipeline\notifications.js
   76:9   error  Unexpected console statement  no-console
   77:9   error  Unexpected console statement  no-console
   78:9   error  Unexpected console statement  no-console
   79:9   error  Unexpected console statement  no-console
   80:9   error  Unexpected console statement  no-console
   98:13  error  Unexpected console statement  no-console
  157:17  error  Unexpected console statement  no-console
  162:21  error  Unexpected console statement  no-console
  164:21  error  Unexpected console statement  no-console

C:\Users\hsjagad\CascadeProjects\windsurf-cicd-pipeline-pre-commit\React_demo-master\windsurf-pipeline\local-pipeline\run-pipeline.js
    10:9    error    'spawn' is assigned a value but never used          no-unused-vars
    89:13   error    Unexpected console statement                        no-console
   113:13   error    Unexpected console statement                        no-console
   270:17   warning  Expected a default case                             default-case
   392:15   error    'safetyInstall' is assigned a value but never used  no-unused-vars
   445:17   warning  Expected a default case                             default-case
   969:15   error    'workingDir' is assigned a value but never used     no-unused-vars
  1092:190  warning  Unnecessary escape character: \.                    no-useless-escape
  1521:13   error    Unexpected console statement                        no-console
  1534:9    error    Unexpected console statement                        no-console

C:\Users\hsjagad\CascadeProjects\windsurf-cicd-pipeline-pre-commit\React_demo-master\windsurf-pipeline\local-pipeline\startup.js
  16:3  error  Unexpected console statement  no-console
  21:1  error  Unexpected console statement  no-console
  39:1  error  Unexpected console statement  no-console
  40:1  error  Unexpected console statement  no-console

C:\Users\hsjagad\CascadeProjects\windsurf-cicd-pipeline-pre-commit\React_demo-master\windsurf-pipeline\local-pipeline\status-indicator.js
  47:13  error  Unexpected console statement  no-console

✖ 101 problems (97 errors, 4 warnings)

 
[code-quality] [2025-09-23T09:01:17.368Z] [ERROR] Error Message: Command failed: npx eslint . --ext .js,.jsx,.ts,.tsx --no-error-on-unmatched-pattern
 
[code-quality] [2025-09-23T09:01:17.368Z] [ERROR] PRETTIER FAILED: 
[code-quality] [2025-09-23T09:01:17.368Z] [ERROR] Output: Checking formatting...
Error occurred when checking code style in the above file.
 
[code-quality] [2025-09-23T09:01:17.369Z] [ERROR] Error: [[33mwarn[39m] .eslintrc.js
[[33mwarn[39m] .prettierrc.json
[[33mwarn[39m] .vscode/pipeline-status.json
[[33mwarn[39m] .vscode/settings.json
[[33mwarn[39m] ESLINT_NO_CONSOLE_SETUP.md
[[33mwarn[39m] package-lock.json
[[33mwarn[39m] package.json
[[33mwarn[39m] PIPELINE_STATUS.md
[[33mwarn[39m] public/index.html
[[33mwarn[39m] README.md
[[31merror[39m] src/App.js: SyntaxError: Unexpected character ' '. (41:4)
[[31merror[39m] [0m [90m 39 |[39m
[[31merror[39m]  [90m 40 |[39m [90m// Embedded pipeline test comment[39m
[[31merror[39m] [31m[1m>[22m[39m[90m 41 |[39m [35m/ /[39m[37m[41m[1m [22m[49m[39m [37m[41m[1m [22m[49m[39m[33mT[39m[37m[41m[1m [22m[49m[39me[37m[41m[1m [22m[49m[39ms[37m[41m[1m [22m[49m[39mt[37m[41m[1m [22m[49m[39m [37m[41m[1m [22m[49m[39mp[37m[41m[1m [22m[49m[39mr[37m[41m[1m [22m[49m[39me[37m[41m[1m [22m[49m[39m[33m-[39m[37m[41m[1m [22m[49m[39mc[37m[41m[1m [22m[49m[39mo[37m[41m[1m [22m[49m[39mm[37m[41m[1m [22m[49m[39mm[37m[41m[1m [22m[49m[39mi[37m[41m[1m [22m[49m[39mt[37m[41m[1m [22m[49m[39m [37m[41m[1m [22m[49m[39mh[37m[41m[1m [22m[49m[39mo[37m[41m[1m [22m[49m[39mo[37m[41m[1m [22m[49m[39mk[37m[41m[1m [22m[49m[39m [37m[41m[1m [22m[49m[39mt[37m[41m[1m [22m[49m[39mr[37m[41m[1m [22m[49m[39mi[37m[41m[1m [22m[49m[39mg[37m[41m[1m [22m[49m[39mg[37m[41m[1m [22m[49m[39me[37m[41m[1m [22m[49m[39mr[37m[41m[1m [22m[49m[39m
[[31merror[39m]  [90m    |[39m    [31m[1m^[22m[39m
[[31merror[39m]  [90m 42 |[39m [37m[41m[1m [22m[49m[39m
[[31merror[39m]  [90m 43 |[39m [37m[41m[1m [22m[49m[39m[0m
[[33mwarn[39m] src/components/Dashboard.js
[[33mwarn[39m] src/components/TestConsole.js
[[33mwarn[39m] windsurf-pipeline/DEVELOPER_SETUP.md
[[33mwarn[39m] windsurf-pipeline/eslint.config.js
[[33mwarn[39m] windsurf-pipeline/local-pipeline/auto-start-service.js
[[33mwarn[39m] windsurf-pipeline/local-pipeline/cleanup-locks.js
[[33mwarn[39m] windsurf-pipeline/local-pipeline/code-review-assistant.js
[[33mwarn[39m] windsurf-pipeline/local-pipeline/code-review-generator.js
[[33mwarn[39m] windsurf-pipeline/local-pipeline/file-watcher.js
[[33mwarn[39m] windsurf-pipeline/local-pipeline/notifications.js
[[33mwarn[39m] windsurf-pipeline/local-pipeline/run-pipeline.js
[[33mwarn[39m] windsurf-pipeline/local-pipeline/simple-coverage.js
[[33mwarn[39m] windsurf-pipeline/local-pipeline/startup.js
[[33mwarn[39m] windsurf-pipeline/local-pipeline/status-indicator.js
[[33mwarn[39m] windsurf-pipeline/README.md
[[33mwarn[39m] windsurf-pipeline/reports/code-review-2025-09-19-18-47.md
[[33mwarn[39m] windsurf-pipeline/reports/code-review-2025-09-19-19-26.md
[[33mwarn[39m] windsurf-pipeline/reports/code-review-2025-09-22-17-35.md
[[33mwarn[39m] windsurf-pipeline/reports/code-review-2025-09-23-09-58.md
[[33mwarn[39m] windsurf-pipeline/reports/latest-code-review.md
 
[code-quality] [2025-09-23T09:01:17.369Z] [ERROR] Error Message: Command failed: npx prettier --check . --ignore-unknown
[[33mwarn[39m] .eslintrc.js
[[33mwarn[39m] .prettierrc.json
[[33mwarn[39m] .vscode/pipeline-status.json
[[33mwarn[39m] .vscode/settings.json
[[33mwarn[39m] ESLINT_NO_CONSOLE_SETUP.md
[[33mwarn[39m] package-lock.json
[[33mwarn[39m] package.json
[[33mwarn[39m] PIPELINE_STATUS.md
[[33mwarn[39m] public/index.html
[[33mwarn[39m] README.md
[[31merror[39m] src/App.js: SyntaxError: Unexpected character ' '. (41:4)
[[31merror[39m] [0m [90m 39 |[39m
[[31merror[39m]  [90m 40 |[39m [90m// Embedded pipeline test comment[39m
[[31merror[39m] [31m[1m>[22m[39m[90m 41 |[39m [35m/ /[39m[37m[41m[1m [22m[49m[39m [37m[41m[1m [22m[49m[39m[33mT[39m[37m[41m[1m [22m[49m[39me[37m[41m[1m [22m[49m[39ms[37m[41m[1m [22m[49m[39mt[37m[41m[1m [22m[49m[39m [37m[41m[1m [22m[49m[39mp[37m[41m[1m [22m[49m[39mr[37m[41m[1m [22m[49m[39me[37m[41m[1m [22m[49m[39m[33m-[39m[37m[41m[1m [22m[49m[39mc[37m[41m[1m [22m[49m[39mo[37m[41m[1m [22m[49m[39mm[37m[41m[1m [22m[49m[39mm[37m[41m[1m [22m[49m[39mi[37m[41m[1m [22m[49m[39mt[37m[41m[1m [22m[49m[39m [37m[41m[1m [22m[49m[39mh[37m[41m[1m [22m[49m[39mo[37m[41m[1m [22m[49m[39mo[37m[41m[1m [22m[49m[39mk[37m[41m[1m [22m[49m[39m [37m[41m[1m [22m[49m[39mt[37m[41m[1m [22m[49m[39mr[37m[41m[1m [22m[49m[39mi[37m[41m[1m [22m[49m[39mg[37m[41m[1m [22m[49m[39mg[37m[41m[1m [22m[49m[39me[37m[41m[1m [22m[49m[39mr[37m[41m[1m [22m[49m[39m
[[31merror[39m]  [90m    |[39m    [31m[1m^[22m[39m
[[31merror[39m]  [90m 42 |[39m [37m[41m[1m [22m[49m[39m
[[31merror[39m]  [90m 43 |[39m [37m[41m[1m [22m[49m[39m[0m
[[33mwarn[39m] src/components/Dashboard.js
[[33mwarn[39m] src/components/TestConsole.js
[[33mwarn[39m] windsurf-pipeline/DEVELOPER_SETUP.md
[[33mwarn[39m] windsurf-pipeline/eslint.config.js
[[33mwarn[39m] windsurf-pipeline/local-pipeline/auto-start-service.js
[[33mwarn[39m] windsurf-pipeline/local-pipeline/cleanup-locks.js
[[33mwarn[39m] windsurf-pipeline/local-pipeline/code-review-assistant.js
[[33mwarn[39m] windsurf-pipeline/local-pipeline/code-review-generator.js
[[33mwarn[39m] windsurf-pipeline/local-pipeline/file-watcher.js
[[33mwarn[39m] windsurf-pipeline/local-pipeline/notifications.js
[[33mwarn[39m] windsurf-pipeline/local-pipeline/run-pipeline.js
[[33mwarn[39m] windsurf-pipeline/local-pipeline/simple-coverage.js
[[33mwarn[39m] windsurf-pipeline/local-pipeline/startup.js
[[33mwarn[39m] windsurf-pipeline/local-pipeline/status-indicator.js
[[33mwarn[39m] windsurf-pipeline/README.md
[[33mwarn[39m] windsurf-pipeline/reports/code-review-2025-09-19-18-47.md
[[33mwarn[39m] windsurf-pipeline/reports/code-review-2025-09-19-19-26.md
[[33mwarn[39m] windsurf-pipeline/reports/code-review-2025-09-22-17-35.md
[[33mwarn[39m] windsurf-pipeline/reports/code-review-2025-09-23-09-58.md
[[33mwarn[39m] windsurf-pipeline/reports/latest-code-review.md
 
[code-quality] [2025-09-23T09:01:17.370Z] [ERROR] SYNTAX FAILED: 
[code-quality] [2025-09-23T09:01:17.370Z] [INFO] Code quality checks completed. Overall success: false 
[npm-version-scan] [2025-09-23T09:01:17.374Z] [INFO] Starting npm version vulnerability scan 
[npm-version-scan] [2025-09-23T09:01:32.509Z] [ERROR] npm version scan: FAILED 
[npm-version-scan] [2025-09-23T09:01:32.510Z] [ERROR] === NPM VERSION SCAN FAILURE DETAILS === 
[npm-version-scan] [2025-09-23T09:01:32.511Z] [WARN] Outdated package: @mui/icons-material (current: 5.18.0, wanted: 5.18.0, latest: 7.3.2) 
[npm-version-scan] [2025-09-23T09:01:32.511Z] [WARN] Outdated package: @mui/material (current: 5.18.0, wanted: 5.18.0, latest: 7.3.2) 
[npm-version-scan] [2025-09-23T09:01:32.512Z] [WARN] Outdated package: husky (current: 8.0.3, wanted: 8.0.3, latest: 9.1.7) 
[npm-version-scan] [2025-09-23T09:01:32.514Z] [WARN] Outdated package: lint-staged (current: 15.5.2, wanted: 15.5.2, latest: 16.2.0) 
[npm-version-scan] [2025-09-23T09:01:32.515Z] [WARN] Outdated package: react (current: 18.3.1, wanted: 18.3.1, latest: 19.1.1) 
[npm-version-scan] [2025-09-23T09:01:32.515Z] [WARN] Outdated package: react-dom (current: 18.3.1, wanted: 18.3.1, latest: 19.1.1) 
[npm-version-scan] [2025-09-23T09:01:32.516Z] [ERROR] Vulnerable package: @svgr/plugin-svgo 
[npm-version-scan] [2025-09-23T09:01:32.517Z] [ERROR] Vulnerable package: @svgr/webpack 
[npm-version-scan] [2025-09-23T09:01:32.517Z] [ERROR] Vulnerable package: css-select 
[npm-version-scan] [2025-09-23T09:01:32.518Z] [ERROR] Vulnerable package: nth-check 
[npm-version-scan] [2025-09-23T09:01:32.518Z] [ERROR] Vulnerable package: postcss 
[npm-version-scan] [2025-09-23T09:01:32.519Z] [ERROR] Vulnerable package: react-scripts 
[npm-version-scan] [2025-09-23T09:01:32.519Z] [ERROR] Vulnerable package: resolve-url-loader 
[npm-version-scan] [2025-09-23T09:01:32.519Z] [ERROR] Vulnerable package: svgo 
[npm-version-scan] [2025-09-23T09:01:32.520Z] [ERROR] Vulnerable package: webpack-dev-server 
[npm-version-scan] [2025-09-23T09:01:32.520Z] [INFO] npm version scan completed. Overall success: false 
[secret-detection] [2025-09-23T09:01:32.526Z] [INFO] Starting secret detection scan 
[secret-detection] [2025-09-23T09:01:32.578Z] [INFO] Secret detection: NO SECRETS FOUND 
[secret-detection] [2025-09-23T09:01:32.579Z] [INFO] Secret detection completed. Overall success: true 
[sast-scan] [2025-09-23T09:01:32.581Z] [INFO] Starting code coverage analysis for languages: nodejs
[sast-scan] [2025-09-23T09:01:32.592Z] [INFO] Code coverage analysis: SUCCESS 
[sast-scan] [2025-09-23T09:01:32.593Z] [INFO] === CODE COVERAGE RESULTS === 
[sast-scan] [2025-09-23T09:01:32.593Z] [INFO] Total files analyzed: 4 
[sast-scan] [2025-09-23T09:01:32.594Z] [INFO] Total lines of code: 315 
[sast-scan] [2025-09-23T09:01:32.594Z] [INFO] Average complexity: 1 
[sast-scan] [2025-09-23T09:01:32.595Z] [INFO] Code to total ratio: 92% 
[sast-scan] [2025-09-23T09:01:32.595Z] [INFO] Code coverage analysis completed. Overall success: true 
[summary] [2025-09-23T09:01:32.599Z] [INFO] PIPELINE EXECUTION SUMMARY 
[summary] [2025-09-23T09:01:32.601Z] [INFO] ================================================== 
[summary] [2025-09-23T09:01:32.601Z] [INFO] Execution started: 2025-09-23T09:00:46.640Z 
[summary] [2025-09-23T09:01:32.602Z] [INFO] Execution completed: 2025-09-23T09:01:32.602Z 
[summary] [2025-09-23T09:01:32.603Z] [INFO] Total duration: 45.96 seconds 
[summary] [2025-09-23T09:01:32.603Z] [INFO]  
[summary] [2025-09-23T09:01:32.604Z] [INFO] STAGE RESULTS: 
[summary] [2025-09-23T09:01:32.615Z] [INFO] Language Detection   ✅ PASS 
[summary] [2025-09-23T09:01:32.665Z] [INFO]   Languages detected: nodejs 
[summary] [2025-09-23T09:01:32.666Z] [INFO]   Primary language: nodejs 
[summary] [2025-09-23T09:01:32.679Z] [INFO] Dependency Check     ✅ PASS 
[summary] [2025-09-23T09:01:32.679Z] [INFO]   nodejs: SUCCESS 
[summary] [2025-09-23T09:01:32.745Z] [INFO] Code Quality         ❌ FAIL 
[summary] [2025-09-23T09:01:32.746Z] [INFO]   nodejs: FAILED 
[summary] [2025-09-23T09:01:32.763Z] [INFO] NPM Version Scan     ❌ FAIL 
[summary] [2025-09-23T09:01:32.764Z] [INFO]   nodejs: FAILED 
[summary] [2025-09-23T09:01:32.767Z] [INFO] Secret Detection     ✅ PASS 
[summary] [2025-09-23T09:01:32.768Z] [INFO]   secretScan: SUCCESS 
[summary] [2025-09-23T09:01:32.769Z] [INFO] SAST Scan            ✅ PASS 
[summary] [2025-09-23T09:01:32.770Z] [INFO]   coverage: SUCCESS 
[summary] [2025-09-23T09:01:32.773Z] [ERROR]  
[summary] [2025-09-23T09:01:32.773Z] [ERROR] ❌ PIPELINE FAILED: Please review the issues above. 
[summary] [2025-09-23T09:01:32.774Z] [INFO]  
[summary] [2025-09-23T09:01:32.775Z] [INFO] FINAL STATUS: FAILED 
[summary] [2025-09-23T09:01:32.775Z] [INFO] Log files location: C:\Users\hsjagad\CascadeProjects\windsurf-cicd-pipeline-pre-commit\React_demo-master\windsurf-pipeline\logs\run-2025-09-23T09-00-46-642Z 
[language-detection] [2025-09-23T09:04:48.059Z] [INFO] Starting language detection process 
[language-detection] [2025-09-23T09:04:48.059Z] [INFO] Detected Node.js via package.json in root 
[language-detection] [2025-09-23T09:04:48.061Z] [INFO] Final results: 1 languages detected 
[language-detection] [2025-09-23T09:04:48.061Z] [INFO] Languages: nodejs 
[language-detection] [2025-09-23T09:04:48.062Z] [INFO] Primary language: nodejs 
[language-detection] [2025-09-23T09:04:48.062Z] [INFO] Detection files: package.json 
[dependency-check] [2025-09-23T09:04:48.065Z] [INFO] Starting dependency check for languages: nodejs
[dependency-check] [2025-09-23T09:04:48.066Z] [INFO] Checking nodejs dependencies 
[dependency-check] [2025-09-23T09:04:52.266Z] [INFO] nodejs dependency check: SUCCESS 
[dependency-check] [2025-09-23T09:04:52.267Z] [INFO] Dependency check completed. Overall success: true 
[code-quality] [2025-09-23T09:04:52.269Z] [INFO] Starting code quality checks for languages: nodejs
[code-quality] [2025-09-23T09:04:52.270Z] [INFO] Running nodejs code quality checks 
[code-quality] [2025-09-23T09:05:06.157Z] [ERROR] nodejs code quality: FAILED 
[code-quality] [2025-09-23T09:05:06.157Z] [ERROR] === NODEJS CODE QUALITY FAILURE DETAILS === 
[code-quality] [2025-09-23T09:05:06.158Z] [ERROR] ESLINT FAILED: 
[code-quality] [2025-09-23T09:05:06.158Z] [ERROR] Output: 
C:\Users\hsjagad\CascadeProjects\windsurf-cicd-pipeline-pre-commit\React_demo-master\windsurf-pipeline\local-pipeline\auto-start-service.js
   21:5  error  Unexpected console statement  no-console
   25:7  error  Unexpected console statement  no-console
   44:5  error  Unexpected console statement  no-console
   63:7  error  Unexpected console statement  no-console
   68:7  error  Unexpected console statement  no-console
   73:5  error  Unexpected console statement  no-console
   88:5  error  Unexpected console statement  no-console
  104:7  error  Unexpected console statement  no-console
  110:7  error  Unexpected console statement  no-console
  121:7  error  Unexpected console statement  no-console
  132:5  error  Unexpected console statement  no-console

C:\Users\hsjagad\CascadeProjects\windsurf-cicd-pipeline-pre-commit\React_demo-master\windsurf-pipeline\local-pipeline\cleanup-locks.js
  29:5   error  Unexpected console statement  no-console
  32:9   error  Unexpected console statement  no-console
  41:9   error  Unexpected console statement  no-console
  42:9   error  Unexpected console statement  no-console
  43:9   error  Unexpected console statement  no-console
  46:13  error  Unexpected console statement  no-console
  48:13  error  Unexpected console statement  no-console
  50:13  error  Unexpected console statement  no-console
  53:9   error  Unexpected console statement  no-console
  55:9   error  Unexpected console statement  no-console

C:\Users\hsjagad\CascadeProjects\windsurf-cicd-pipeline-pre-commit\React_demo-master\windsurf-pipeline\local-pipeline\code-review-assistant.js
   37:9   error    Unexpected console statement                no-console
   38:9   error    Unexpected console statement                no-console
  128:13  error    Unexpected console statement                no-console
  196:9   warning  Expected a default case                     default-case
  288:30  error    'fixes' is assigned a value but never used  no-unused-vars
  299:9   error    Unexpected console statement                no-console
  300:9   error    Unexpected console statement                no-console
  303:13  error    Unexpected console statement                no-console
  308:13  error    Unexpected console statement                no-console
  311:17  error    Unexpected console statement                no-console
  313:21  error    Unexpected console statement                no-console
  318:9   error    Unexpected console statement                no-console
  319:9   error    Unexpected console statement                no-console
  327:17  error    Unexpected console statement                no-console
  360:9   error    Unexpected console statement                no-console
  361:9   error    Unexpected console statement                no-console
  368:17  error    Unexpected console statement                no-console
  369:17  error    Unexpected console statement                no-console
  372:21  error    Unexpected console statement                no-console
  373:21  error    Unexpected console statement                no-console
  374:21  error    Unexpected console statement                no-console
  377:25  error    Unexpected console statement                no-console
  378:25  error    Unexpected console statement                no-console
  392:13  error    Unexpected console statement                no-console
  397:9   error    Unexpected console statement                no-console
  398:9   error    Unexpected console statement                no-console
  412:25  error    Unexpected console statement                no-console
  417:25  error    Unexpected console statement                no-console
  420:21  error    Unexpected console statement                no-console
  427:9   error    Unexpected console statement                no-console
  428:9   error    Unexpected console statement                no-console
  429:9   error    Unexpected console statement                no-console
  430:9   error    Unexpected console statement                no-console
  431:9   error    Unexpected console statement                no-console
  432:9   error    Unexpected console statement                no-console
  433:9   error    Unexpected console statement                no-console
  434:9   error    Unexpected console statement                no-console
  435:9   error    Unexpected console statement                no-console
  436:9   error    Unexpected console statement                no-console
  437:9   error    Unexpected console statement                no-console
  438:9   error    Unexpected console statement                no-console
  439:9   error    Unexpected console statement                no-console
  440:9   error    Unexpected console statement                no-console
  444:9   error    Unexpected console statement                no-console
  461:13  error    Unexpected console statement                no-console
  465:9   error    Unexpected console statement                no-console
  467:13  error    Unexpected console statement                no-console
  469:17  error    Unexpected console statement                no-console
  530:13  error    Unexpected console statement                no-console
  532:13  error    Unexpected console statement                no-console
  543:9   error    Unexpected console statement                no-console
  551:9   error    Unexpected console statement                no-console

C:\Users\hsjagad\CascadeProjects\windsurf-cicd-pipeline-pre-commit\React_demo-master\windsurf-pipeline\local-pipeline\code-review-generator.js
  51:15  error  'stageResults' is assigned a value but never used  no-unused-vars

C:\Users\hsjagad\CascadeProjects\windsurf-cicd-pipeline-pre-commit\React_demo-master\windsurf-pipeline\local-pipeline\file-watcher.js
  160:13  error  Unexpected console statement  no-console
  367:9   error  Unexpected console statement  no-console

C:\Users\hsjagad\CascadeProjects\windsurf-cicd-pipeline-pre-commit\React_demo-master\windsurf-pipeline\local-pipeline\notifications.js
   76:9   error  Unexpected console statement  no-console
   77:9   error  Unexpected console statement  no-console
   78:9   error  Unexpected console statement  no-console
   79:9   error  Unexpected console statement  no-console
   80:9   error  Unexpected console statement  no-console
   98:13  error  Unexpected console statement  no-console
  157:17  error  Unexpected console statement  no-console
  162:21  error  Unexpected console statement  no-console
  164:21  error  Unexpected console statement  no-console

C:\Users\hsjagad\CascadeProjects\windsurf-cicd-pipeline-pre-commit\React_demo-master\windsurf-pipeline\local-pipeline\run-pipeline.js
    10:9    error    'spawn' is assigned a value but never used          no-unused-vars
    89:13   error    Unexpected console statement                        no-console
   113:13   error    Unexpected console statement                        no-console
   270:17   warning  Expected a default case                             default-case
   392:15   error    'safetyInstall' is assigned a value but never used  no-unused-vars
   445:17   warning  Expected a default case                             default-case
   969:15   error    'workingDir' is assigned a value but never used     no-unused-vars
  1092:190  warning  Unnecessary escape character: \.                    no-useless-escape
  1521:13   error    Unexpected console statement                        no-console
  1534:9    error    Unexpected console statement                        no-console

C:\Users\hsjagad\CascadeProjects\windsurf-cicd-pipeline-pre-commit\React_demo-master\windsurf-pipeline\local-pipeline\startup.js
  16:3  error  Unexpected console statement  no-console
  21:1  error  Unexpected console statement  no-console
  39:1  error  Unexpected console statement  no-console
  40:1  error  Unexpected console statement  no-console

C:\Users\hsjagad\CascadeProjects\windsurf-cicd-pipeline-pre-commit\React_demo-master\windsurf-pipeline\local-pipeline\status-indicator.js
  47:13  error  Unexpected console statement  no-console

✖ 100 problems (96 errors, 4 warnings)

 
[code-quality] [2025-09-23T09:05:06.171Z] [ERROR] Error Message: Command failed: npx eslint . --ext .js,.jsx,.ts,.tsx --no-error-on-unmatched-pattern
 
[code-quality] [2025-09-23T09:05:06.171Z] [ERROR] PRETTIER FAILED: 
[code-quality] [2025-09-23T09:05:06.172Z] [ERROR] Output: Checking formatting...
 
[code-quality] [2025-09-23T09:05:06.172Z] [ERROR] Error: [[33mwarn[39m] .eslintrc.js
[[33mwarn[39m] .prettierrc.json
[[33mwarn[39m] .vscode/pipeline-status.json
[[33mwarn[39m] .vscode/settings.json
[[33mwarn[39m] ESLINT_NO_CONSOLE_SETUP.md
[[33mwarn[39m] package-lock.json
[[33mwarn[39m] package.json
[[33mwarn[39m] PIPELINE_STATUS.md
[[33mwarn[39m] public/index.html
[[33mwarn[39m] README.md
[[33mwarn[39m] src/App.js
[[33mwarn[39m] src/components/Dashboard.js
[[33mwarn[39m] src/components/TestConsole.js
[[33mwarn[39m] windsurf-pipeline/DEVELOPER_SETUP.md
[[33mwarn[39m] windsurf-pipeline/eslint.config.js
[[33mwarn[39m] windsurf-pipeline/local-pipeline/auto-start-service.js
[[33mwarn[39m] windsurf-pipeline/local-pipeline/cleanup-locks.js
[[33mwarn[39m] windsurf-pipeline/local-pipeline/code-review-assistant.js
[[33mwarn[39m] windsurf-pipeline/local-pipeline/code-review-generator.js
[[33mwarn[39m] windsurf-pipeline/local-pipeline/file-watcher.js
[[33mwarn[39m] windsurf-pipeline/local-pipeline/notifications.js
[[33mwarn[39m] windsurf-pipeline/local-pipeline/run-pipeline.js
[[33mwarn[39m] windsurf-pipeline/local-pipeline/simple-coverage.js
[[33mwarn[39m] windsurf-pipeline/local-pipeline/startup.js
[[33mwarn[39m] windsurf-pipeline/local-pipeline/status-indicator.js
[[33mwarn[39m] windsurf-pipeline/README.md
[[33mwarn[39m] windsurf-pipeline/reports/code-review-2025-09-19-18-47.md
[[33mwarn[39m] windsurf-pipeline/reports/code-review-2025-09-19-19-26.md
[[33mwarn[39m] windsurf-pipeline/reports/code-review-2025-09-22-17-35.md
[[33mwarn[39m] windsurf-pipeline/reports/code-review-2025-09-23-09-58.md
[[33mwarn[39m] windsurf-pipeline/reports/code-review-2025-09-23-14-31.md
[[33mwarn[39m] windsurf-pipeline/reports/latest-code-review.md
[[33mwarn[39m] Code style issues found in 32 files. Run Prettier with --write to fix.
 
[code-quality] [2025-09-23T09:05:06.173Z] [ERROR] Error Message: Command failed: npx prettier --check . --ignore-unknown
[[33mwarn[39m] .eslintrc.js
[[33mwarn[39m] .prettierrc.json
[[33mwarn[39m] .vscode/pipeline-status.json
[[33mwarn[39m] .vscode/settings.json
[[33mwarn[39m] ESLINT_NO_CONSOLE_SETUP.md
[[33mwarn[39m] package-lock.json
[[33mwarn[39m] package.json
[[33mwarn[39m] PIPELINE_STATUS.md
[[33mwarn[39m] public/index.html
[[33mwarn[39m] README.md
[[33mwarn[39m] src/App.js
[[33mwarn[39m] src/components/Dashboard.js
[[33mwarn[39m] src/components/TestConsole.js
[[33mwarn[39m] windsurf-pipeline/DEVELOPER_SETUP.md
[[33mwarn[39m] windsurf-pipeline/eslint.config.js
[[33mwarn[39m] windsurf-pipeline/local-pipeline/auto-start-service.js
[[33mwarn[39m] windsurf-pipeline/local-pipeline/cleanup-locks.js
[[33mwarn[39m] windsurf-pipeline/local-pipeline/code-review-assistant.js
[[33mwarn[39m] windsurf-pipeline/local-pipeline/code-review-generator.js
[[33mwarn[39m] windsurf-pipeline/local-pipeline/file-watcher.js
[[33mwarn[39m] windsurf-pipeline/local-pipeline/notifications.js
[[33mwarn[39m] windsurf-pipeline/local-pipeline/run-pipeline.js
[[33mwarn[39m] windsurf-pipeline/local-pipeline/simple-coverage.js
[[33mwarn[39m] windsurf-pipeline/local-pipeline/startup.js
[[33mwarn[39m] windsurf-pipeline/local-pipeline/status-indicator.js
[[33mwarn[39m] windsurf-pipeline/README.md
[[33mwarn[39m] windsurf-pipeline/reports/code-review-2025-09-19-18-47.md
[[33mwarn[39m] windsurf-pipeline/reports/code-review-2025-09-19-19-26.md
[[33mwarn[39m] windsurf-pipeline/reports/code-review-2025-09-22-17-35.md
[[33mwarn[39m] windsurf-pipeline/reports/code-review-2025-09-23-09-58.md
[[33mwarn[39m] windsurf-pipeline/reports/code-review-2025-09-23-14-31.md
[[33mwarn[39m] windsurf-pipeline/reports/latest-code-review.md
[[33mwarn[39m] Code style issues found in 32 files. Run Prettier with --write to fix.
 
[code-quality] [2025-09-23T09:05:06.173Z] [ERROR] SYNTAX FAILED: 
[code-quality] [2025-09-23T09:05:06.173Z] [INFO] Code quality checks completed. Overall success: false 
[npm-version-scan] [2025-09-23T09:05:06.175Z] [INFO] Starting npm version vulnerability scan 
[npm-version-scan] [2025-09-23T09:05:13.807Z] [ERROR] npm version scan: FAILED 
[npm-version-scan] [2025-09-23T09:05:13.808Z] [ERROR] === NPM VERSION SCAN FAILURE DETAILS === 
[npm-version-scan] [2025-09-23T09:05:13.809Z] [WARN] Outdated package: @mui/icons-material (current: 5.18.0, wanted: 5.18.0, latest: 7.3.2) 
[npm-version-scan] [2025-09-23T09:05:13.809Z] [WARN] Outdated package: @mui/material (current: 5.18.0, wanted: 5.18.0, latest: 7.3.2) 
[npm-version-scan] [2025-09-23T09:05:13.810Z] [WARN] Outdated package: husky (current: 8.0.3, wanted: 8.0.3, latest: 9.1.7) 
[npm-version-scan] [2025-09-23T09:05:13.823Z] [WARN] Outdated package: lint-staged (current: 15.5.2, wanted: 15.5.2, latest: 16.2.0) 
[npm-version-scan] [2025-09-23T09:05:13.823Z] [WARN] Outdated package: react (current: 18.3.1, wanted: 18.3.1, latest: 19.1.1) 
[npm-version-scan] [2025-09-23T09:05:13.824Z] [WARN] Outdated package: react-dom (current: 18.3.1, wanted: 18.3.1, latest: 19.1.1) 
[npm-version-scan] [2025-09-23T09:05:13.824Z] [ERROR] Vulnerable package: @svgr/plugin-svgo 
[npm-version-scan] [2025-09-23T09:05:13.825Z] [ERROR] Vulnerable package: @svgr/webpack 
[npm-version-scan] [2025-09-23T09:05:13.825Z] [ERROR] Vulnerable package: css-select 
[npm-version-scan] [2025-09-23T09:05:13.825Z] [ERROR] Vulnerable package: nth-check 
[npm-version-scan] [2025-09-23T09:05:13.826Z] [ERROR] Vulnerable package: postcss 
[npm-version-scan] [2025-09-23T09:05:13.826Z] [ERROR] Vulnerable package: react-scripts 
[npm-version-scan] [2025-09-23T09:05:13.826Z] [ERROR] Vulnerable package: resolve-url-loader 
[npm-version-scan] [2025-09-23T09:05:13.827Z] [ERROR] Vulnerable package: svgo 
[npm-version-scan] [2025-09-23T09:05:13.827Z] [ERROR] Vulnerable package: webpack-dev-server 
[npm-version-scan] [2025-09-23T09:05:13.827Z] [INFO] npm version scan completed. Overall success: false 
[secret-detection] [2025-09-23T09:05:13.830Z] [INFO] Starting secret detection scan 
[secret-detection] [2025-09-23T09:05:13.865Z] [INFO] Secret detection: NO SECRETS FOUND 
[secret-detection] [2025-09-23T09:05:13.866Z] [INFO] Secret detection completed. Overall success: true 
[sast-scan] [2025-09-23T09:05:13.868Z] [INFO] Starting code coverage analysis for languages: nodejs
[sast-scan] [2025-09-23T09:05:13.875Z] [INFO] Code coverage analysis: SUCCESS 
[sast-scan] [2025-09-23T09:05:13.875Z] [INFO] === CODE COVERAGE RESULTS === 
[sast-scan] [2025-09-23T09:05:13.876Z] [INFO] Total files analyzed: 4 
[sast-scan] [2025-09-23T09:05:13.876Z] [INFO] Total lines of code: 313 
[sast-scan] [2025-09-23T09:05:13.877Z] [INFO] Average complexity: 1 
[sast-scan] [2025-09-23T09:05:13.877Z] [INFO] Code to total ratio: 91% 
[sast-scan] [2025-09-23T09:05:13.877Z] [INFO] Code coverage analysis completed. Overall success: true 
[summary] [2025-09-23T09:05:13.879Z] [INFO] PIPELINE EXECUTION SUMMARY 
[summary] [2025-09-23T09:05:13.880Z] [INFO] ================================================== 
[summary] [2025-09-23T09:05:13.880Z] [INFO] Execution started: 2025-09-23T09:04:48.001Z 
[summary] [2025-09-23T09:05:13.881Z] [INFO] Execution completed: 2025-09-23T09:05:13.881Z 
[summary] [2025-09-23T09:05:13.881Z] [INFO] Total duration: 25.88 seconds 
[summary] [2025-09-23T09:05:13.881Z] [INFO]  
[summary] [2025-09-23T09:05:13.882Z] [INFO] STAGE RESULTS: 
[summary] [2025-09-23T09:05:13.882Z] [INFO] Language Detection   ✅ PASS 
[summary] [2025-09-23T09:05:13.883Z] [INFO]   Languages detected: nodejs 
[summary] [2025-09-23T09:05:13.883Z] [INFO]   Primary language: nodejs 
[summary] [2025-09-23T09:05:13.884Z] [INFO] Dependency Check     ✅ PASS 
[summary] [2025-09-23T09:05:13.885Z] [INFO]   nodejs: SUCCESS 
[summary] [2025-09-23T09:05:13.885Z] [INFO] Code Quality         ❌ FAIL 
[summary] [2025-09-23T09:05:13.886Z] [INFO]   nodejs: FAILED 
[summary] [2025-09-23T09:05:13.887Z] [INFO] NPM Version Scan     ❌ FAIL 
[summary] [2025-09-23T09:05:13.888Z] [INFO]   nodejs: FAILED 
[summary] [2025-09-23T09:05:13.888Z] [INFO] Secret Detection     ✅ PASS 
[summary] [2025-09-23T09:05:13.889Z] [INFO]   secretScan: SUCCESS 
[summary] [2025-09-23T09:05:13.889Z] [INFO] SAST Scan            ✅ PASS 
[summary] [2025-09-23T09:05:13.890Z] [INFO]   coverage: SUCCESS 
[summary] [2025-09-23T09:05:13.891Z] [ERROR]  
[summary] [2025-09-23T09:05:13.892Z] [ERROR] ❌ PIPELINE FAILED: Please review the issues above. 
[summary] [2025-09-23T09:05:13.892Z] [INFO]  
[summary] [2025-09-23T09:05:13.893Z] [INFO] FINAL STATUS: FAILED 
[summary] [2025-09-23T09:05:13.893Z] [INFO] Log files location: C:\Users\hsjagad\CascadeProjects\windsurf-cicd-pipeline-pre-commit\React_demo-master\windsurf-pipeline\logs\run-2025-09-23T09-04-48-001Z 
[language-detection] [2025-09-23T09:35:31.576Z] [INFO] Starting language detection process 
[language-detection] [2025-09-23T09:35:31.576Z] [INFO] Detected Node.js via package.json in root 
[language-detection] [2025-09-23T09:35:31.578Z] [INFO] Final results: 1 languages detected 
[language-detection] [2025-09-23T09:35:31.578Z] [INFO] Languages: nodejs 
[language-detection] [2025-09-23T09:35:31.579Z] [INFO] Primary language: nodejs 
[language-detection] [2025-09-23T09:35:31.579Z] [INFO] Detection files: package.json 
[dependency-check] [2025-09-23T09:35:31.582Z] [INFO] Starting dependency check for languages: nodejs
[dependency-check] [2025-09-23T09:35:31.582Z] [INFO] Checking nodejs dependencies 
[dependency-check] [2025-09-23T09:35:36.897Z] [INFO] nodejs dependency check: SUCCESS 
[dependency-check] [2025-09-23T09:35:36.898Z] [INFO] Dependency check completed. Overall success: true 
[code-quality] [2025-09-23T09:35:36.901Z] [INFO] Starting code quality checks for languages: nodejs
[code-quality] [2025-09-23T09:35:36.902Z] [INFO] Running nodejs code quality checks 
[code-quality] [2025-09-23T09:35:54.358Z] [ERROR] nodejs code quality: FAILED 
[code-quality] [2025-09-23T09:35:54.359Z] [ERROR] === NODEJS CODE QUALITY FAILURE DETAILS === 
[code-quality] [2025-09-23T09:35:54.359Z] [ERROR] ESLINT FAILED: 
[code-quality] [2025-09-23T09:35:54.360Z] [ERROR] Output: 
C:\Users\hsjagad\CascadeProjects\windsurf-cicd-pipeline-pre-commit\React_demo-master\windsurf-pipeline\local-pipeline\auto-start-service.js
   21:5  error  Unexpected console statement  no-console
   25:7  error  Unexpected console statement  no-console
   44:5  error  Unexpected console statement  no-console
   63:7  error  Unexpected console statement  no-console
   68:7  error  Unexpected console statement  no-console
   73:5  error  Unexpected console statement  no-console
   88:5  error  Unexpected console statement  no-console
  104:7  error  Unexpected console statement  no-console
  110:7  error  Unexpected console statement  no-console
  121:7  error  Unexpected console statement  no-console
  132:5  error  Unexpected console statement  no-console

C:\Users\hsjagad\CascadeProjects\windsurf-cicd-pipeline-pre-commit\React_demo-master\windsurf-pipeline\local-pipeline\cleanup-locks.js
  29:5   error  Unexpected console statement  no-console
  32:9   error  Unexpected console statement  no-console
  41:9   error  Unexpected console statement  no-console
  42:9   error  Unexpected console statement  no-console
  43:9   error  Unexpected console statement  no-console
  46:13  error  Unexpected console statement  no-console
  48:13  error  Unexpected console statement  no-console
  50:13  error  Unexpected console statement  no-console
  53:9   error  Unexpected console statement  no-console
  55:9   error  Unexpected console statement  no-console

C:\Users\hsjagad\CascadeProjects\windsurf-cicd-pipeline-pre-commit\React_demo-master\windsurf-pipeline\local-pipeline\code-review-assistant.js
   37:9   error    Unexpected console statement                no-console
   38:9   error    Unexpected console statement                no-console
  128:13  error    Unexpected console statement                no-console
  196:9   warning  Expected a default case                     default-case
  288:30  error    'fixes' is assigned a value but never used  no-unused-vars
  299:9   error    Unexpected console statement                no-console
  300:9   error    Unexpected console statement                no-console
  303:13  error    Unexpected console statement                no-console
  308:13  error    Unexpected console statement                no-console
  311:17  error    Unexpected console statement                no-console
  313:21  error    Unexpected console statement                no-console
  318:9   error    Unexpected console statement                no-console
  319:9   error    Unexpected console statement                no-console
  327:17  error    Unexpected console statement                no-console
  360:9   error    Unexpected console statement                no-console
  361:9   error    Unexpected console statement                no-console
  368:17  error    Unexpected console statement                no-console
  369:17  error    Unexpected console statement                no-console
  372:21  error    Unexpected console statement                no-console
  373:21  error    Unexpected console statement                no-console
  374:21  error    Unexpected console statement                no-console
  377:25  error    Unexpected console statement                no-console
  378:25  error    Unexpected console statement                no-console
  392:13  error    Unexpected console statement                no-console
  397:9   error    Unexpected console statement                no-console
  398:9   error    Unexpected console statement                no-console
  412:25  error    Unexpected console statement                no-console
  417:25  error    Unexpected console statement                no-console
  420:21  error    Unexpected console statement                no-console
  427:9   error    Unexpected console statement                no-console
  428:9   error    Unexpected console statement                no-console
  429:9   error    Unexpected console statement                no-console
  430:9   error    Unexpected console statement                no-console
  431:9   error    Unexpected console statement                no-console
  432:9   error    Unexpected console statement                no-console
  433:9   error    Unexpected console statement                no-console
  434:9   error    Unexpected console statement                no-console
  435:9   error    Unexpected console statement                no-console
  436:9   error    Unexpected console statement                no-console
  437:9   error    Unexpected console statement                no-console
  438:9   error    Unexpected console statement                no-console
  439:9   error    Unexpected console statement                no-console
  440:9   error    Unexpected console statement                no-console
  444:9   error    Unexpected console statement                no-console
  461:13  error    Unexpected console statement                no-console
  465:9   error    Unexpected console statement                no-console
  467:13  error    Unexpected console statement                no-console
  469:17  error    Unexpected console statement                no-console
  530:13  error    Unexpected console statement                no-console
  532:13  error    Unexpected console statement                no-console
  543:9   error    Unexpected console statement                no-console
  551:9   error    Unexpected console statement                no-console

C:\Users\hsjagad\CascadeProjects\windsurf-cicd-pipeline-pre-commit\React_demo-master\windsurf-pipeline\local-pipeline\code-review-generator.js
  51:15  error  'stageResults' is assigned a value but never used  no-unused-vars

C:\Users\hsjagad\CascadeProjects\windsurf-cicd-pipeline-pre-commit\React_demo-master\windsurf-pipeline\local-pipeline\file-watcher.js
  160:13  error  Unexpected console statement  no-console
  367:9   error  Unexpected console statement  no-console

C:\Users\hsjagad\CascadeProjects\windsurf-cicd-pipeline-pre-commit\React_demo-master\windsurf-pipeline\local-pipeline\notifications.js
   76:9   error  Unexpected console statement  no-console
   77:9   error  Unexpected console statement  no-console
   78:9   error  Unexpected console statement  no-console
   79:9   error  Unexpected console statement  no-console
   80:9   error  Unexpected console statement  no-console
   98:13  error  Unexpected console statement  no-console
  157:17  error  Unexpected console statement  no-console
  162:21  error  Unexpected console statement  no-console
  164:21  error  Unexpected console statement  no-console

C:\Users\hsjagad\CascadeProjects\windsurf-cicd-pipeline-pre-commit\React_demo-master\windsurf-pipeline\local-pipeline\run-pipeline.js
    10:9    error    'spawn' is assigned a value but never used          no-unused-vars
    89:13   error    Unexpected console statement                        no-console
   113:13   error    Unexpected console statement                        no-console
   270:17   warning  Expected a default case                             default-case
   392:15   error    'safetyInstall' is assigned a value but never used  no-unused-vars
   445:17   warning  Expected a default case                             default-case
   969:15   error    'workingDir' is assigned a value but never used     no-unused-vars
  1092:190  warning  Unnecessary escape character: \.                    no-useless-escape
  1521:13   error    Unexpected console statement                        no-console
  1534:9    error    Unexpected console statement                        no-console

C:\Users\hsjagad\CascadeProjects\windsurf-cicd-pipeline-pre-commit\React_demo-master\windsurf-pipeline\local-pipeline\startup.js
  16:3  error  Unexpected console statement  no-console
  21:1  error  Unexpected console statement  no-console
  39:1  error  Unexpected console statement  no-console
  40:1  error  Unexpected console statement  no-console

C:\Users\hsjagad\CascadeProjects\windsurf-cicd-pipeline-pre-commit\React_demo-master\windsurf-pipeline\local-pipeline\status-indicator.js
  47:13  error  Unexpected console statement  no-console

✖ 100 problems (96 errors, 4 warnings)

 
[code-quality] [2025-09-23T09:35:54.373Z] [ERROR] Error Message: Command failed: npx eslint . --ext .js,.jsx,.ts,.tsx --no-error-on-unmatched-pattern
 
[code-quality] [2025-09-23T09:35:54.373Z] [ERROR] PRETTIER FAILED: 
[code-quality] [2025-09-23T09:35:54.373Z] [ERROR] Output: Checking formatting...
 
[code-quality] [2025-09-23T09:35:54.374Z] [ERROR] Error: [[33mwarn[39m] .eslintrc.js
[[33mwarn[39m] .prettierrc.json
[[33mwarn[39m] .vscode/pipeline-status.json
[[33mwarn[39m] .vscode/settings.json
[[33mwarn[39m] ESLINT_NO_CONSOLE_SETUP.md
[[33mwarn[39m] package-lock.json
[[33mwarn[39m] package.json
[[33mwarn[39m] PIPELINE_STATUS.md
[[33mwarn[39m] public/index.html
[[33mwarn[39m] README.md
[[33mwarn[39m] src/App.js
[[33mwarn[39m] src/components/Dashboard.js
[[33mwarn[39m] src/components/TestConsole.js
[[33mwarn[39m] windsurf-pipeline/DEVELOPER_SETUP.md
[[33mwarn[39m] windsurf-pipeline/eslint.config.js
[[33mwarn[39m] windsurf-pipeline/local-pipeline/auto-start-service.js
[[33mwarn[39m] windsurf-pipeline/local-pipeline/cleanup-locks.js
[[33mwarn[39m] windsurf-pipeline/local-pipeline/code-review-assistant.js
[[33mwarn[39m] windsurf-pipeline/local-pipeline/code-review-generator.js
[[33mwarn[39m] windsurf-pipeline/local-pipeline/file-watcher.js
[[33mwarn[39m] windsurf-pipeline/local-pipeline/notifications.js
[[33mwarn[39m] windsurf-pipeline/local-pipeline/run-pipeline.js
[[33mwarn[39m] windsurf-pipeline/local-pipeline/simple-coverage.js
[[33mwarn[39m] windsurf-pipeline/local-pipeline/startup.js
[[33mwarn[39m] windsurf-pipeline/local-pipeline/status-indicator.js
[[33mwarn[39m] windsurf-pipeline/README.md
[[33mwarn[39m] windsurf-pipeline/reports/code-review-2025-09-19-18-47.md
[[33mwarn[39m] windsurf-pipeline/reports/code-review-2025-09-19-19-26.md
[[33mwarn[39m] windsurf-pipeline/reports/code-review-2025-09-22-17-35.md
[[33mwarn[39m] windsurf-pipeline/reports/code-review-2025-09-23-09-58.md
[[33mwarn[39m] windsurf-pipeline/reports/code-review-2025-09-23-14-31.md
[[33mwarn[39m] windsurf-pipeline/reports/code-review-2025-09-23-14-35.md
[[33mwarn[39m] windsurf-pipeline/reports/latest-code-review.md
[[33mwarn[39m] Code style issues found in 33 files. Run Prettier with --write to fix.
 
[code-quality] [2025-09-23T09:35:54.374Z] [ERROR] Error Message: Command failed: npx prettier --check . --ignore-unknown
[[33mwarn[39m] .eslintrc.js
[[33mwarn[39m] .prettierrc.json
[[33mwarn[39m] .vscode/pipeline-status.json
[[33mwarn[39m] .vscode/settings.json
[[33mwarn[39m] ESLINT_NO_CONSOLE_SETUP.md
[[33mwarn[39m] package-lock.json
[[33mwarn[39m] package.json
[[33mwarn[39m] PIPELINE_STATUS.md
[[33mwarn[39m] public/index.html
[[33mwarn[39m] README.md
[[33mwarn[39m] src/App.js
[[33mwarn[39m] src/components/Dashboard.js
[[33mwarn[39m] src/components/TestConsole.js
[[33mwarn[39m] windsurf-pipeline/DEVELOPER_SETUP.md
[[33mwarn[39m] windsurf-pipeline/eslint.config.js
[[33mwarn[39m] windsurf-pipeline/local-pipeline/auto-start-service.js
[[33mwarn[39m] windsurf-pipeline/local-pipeline/cleanup-locks.js
[[33mwarn[39m] windsurf-pipeline/local-pipeline/code-review-assistant.js
[[33mwarn[39m] windsurf-pipeline/local-pipeline/code-review-generator.js
[[33mwarn[39m] windsurf-pipeline/local-pipeline/file-watcher.js
[[33mwarn[39m] windsurf-pipeline/local-pipeline/notifications.js
[[33mwarn[39m] windsurf-pipeline/local-pipeline/run-pipeline.js
[[33mwarn[39m] windsurf-pipeline/local-pipeline/simple-coverage.js
[[33mwarn[39m] windsurf-pipeline/local-pipeline/startup.js
[[33mwarn[39m] windsurf-pipeline/local-pipeline/status-indicator.js
[[33mwarn[39m] windsurf-pipeline/README.md
[[33mwarn[39m] windsurf-pipeline/reports/code-review-2025-09-19-18-47.md
[[33mwarn[39m] windsurf-pipeline/reports/code-review-2025-09-19-19-26.md
[[33mwarn[39m] windsurf-pipeline/reports/code-review-2025-09-22-17-35.md
[[33mwarn[39m] windsurf-pipeline/reports/code-review-2025-09-23-09-58.md
[[33mwarn[39m] windsurf-pipeline/reports/code-review-2025-09-23-14-31.md
[[33mwarn[39m] windsurf-pipeline/reports/code-review-2025-09-23-14-35.md
[[33mwarn[39m] windsurf-pipeline/reports/latest-code-review.md
[[33mwarn[39m] Code style issues found in 33 files. Run Prettier with --write to fix.
 
[code-quality] [2025-09-23T09:35:54.375Z] [ERROR] SYNTAX FAILED: 
[code-quality] [2025-09-23T09:35:54.375Z] [INFO] Code quality checks completed. Overall success: false 
[npm-version-scan] [2025-09-23T09:35:54.378Z] [INFO] Starting npm version vulnerability scan 
[npm-version-scan] [2025-09-23T09:36:03.528Z] [ERROR] npm version scan: FAILED 
[npm-version-scan] [2025-09-23T09:36:03.528Z] [ERROR] === NPM VERSION SCAN FAILURE DETAILS === 
[npm-version-scan] [2025-09-23T09:36:03.529Z] [WARN] Outdated package: @mui/icons-material (current: 5.18.0, wanted: 5.18.0, latest: 7.3.2) 
[npm-version-scan] [2025-09-23T09:36:03.529Z] [WARN] Outdated package: @mui/material (current: 5.18.0, wanted: 5.18.0, latest: 7.3.2) 
[npm-version-scan] [2025-09-23T09:36:03.529Z] [WARN] Outdated package: husky (current: 8.0.3, wanted: 8.0.3, latest: 9.1.7) 
[npm-version-scan] [2025-09-23T09:36:03.542Z] [WARN] Outdated package: lint-staged (current: 15.5.2, wanted: 15.5.2, latest: 16.2.0) 
[npm-version-scan] [2025-09-23T09:36:03.542Z] [WARN] Outdated package: react (current: 18.3.1, wanted: 18.3.1, latest: 19.1.1) 
[npm-version-scan] [2025-09-23T09:36:03.542Z] [WARN] Outdated package: react-dom (current: 18.3.1, wanted: 18.3.1, latest: 19.1.1) 
[npm-version-scan] [2025-09-23T09:36:03.543Z] [ERROR] Vulnerable package: @svgr/plugin-svgo 
[npm-version-scan] [2025-09-23T09:36:03.543Z] [ERROR] Vulnerable package: @svgr/webpack 
[npm-version-scan] [2025-09-23T09:36:03.543Z] [ERROR] Vulnerable package: css-select 
[npm-version-scan] [2025-09-23T09:36:03.544Z] [ERROR] Vulnerable package: nth-check 
[npm-version-scan] [2025-09-23T09:36:03.544Z] [ERROR] Vulnerable package: postcss 
[npm-version-scan] [2025-09-23T09:36:03.544Z] [ERROR] Vulnerable package: react-scripts 
[npm-version-scan] [2025-09-23T09:36:03.545Z] [ERROR] Vulnerable package: resolve-url-loader 
[npm-version-scan] [2025-09-23T09:36:03.545Z] [ERROR] Vulnerable package: svgo 
[npm-version-scan] [2025-09-23T09:36:03.545Z] [ERROR] Vulnerable package: webpack-dev-server 
[npm-version-scan] [2025-09-23T09:36:03.546Z] [INFO] npm version scan completed. Overall success: false 
[secret-detection] [2025-09-23T09:36:03.549Z] [INFO] Starting secret detection scan 
[secret-detection] [2025-09-23T09:36:03.585Z] [INFO] Secret detection: NO SECRETS FOUND 
[secret-detection] [2025-09-23T09:36:03.585Z] [INFO] Secret detection completed. Overall success: true 
[sast-scan] [2025-09-23T09:36:03.589Z] [INFO] Starting code coverage analysis for languages: nodejs
[sast-scan] [2025-09-23T09:36:03.596Z] [INFO] Code coverage analysis: SUCCESS 
[sast-scan] [2025-09-23T09:36:03.597Z] [INFO] === CODE COVERAGE RESULTS === 
[sast-scan] [2025-09-23T09:36:03.597Z] [INFO] Total files analyzed: 4 
[sast-scan] [2025-09-23T09:36:03.598Z] [INFO] Total lines of code: 313 
[sast-scan] [2025-09-23T09:36:03.598Z] [INFO] Average complexity: 1 
[sast-scan] [2025-09-23T09:36:03.599Z] [INFO] Code to total ratio: 91% 
[sast-scan] [2025-09-23T09:36:03.600Z] [INFO] Code coverage analysis completed. Overall success: true 
[summary] [2025-09-23T09:36:03.602Z] [INFO] PIPELINE EXECUTION SUMMARY 
[summary] [2025-09-23T09:36:03.603Z] [INFO] ================================================== 
[summary] [2025-09-23T09:36:03.603Z] [INFO] Execution started: 2025-09-23T09:35:31.503Z 
[summary] [2025-09-23T09:36:03.604Z] [INFO] Execution completed: 2025-09-23T09:36:03.604Z 
[summary] [2025-09-23T09:36:03.604Z] [INFO] Total duration: 32.10 seconds 
[summary] [2025-09-23T09:36:03.604Z] [INFO]  
[summary] [2025-09-23T09:36:03.605Z] [INFO] STAGE RESULTS: 
[summary] [2025-09-23T09:36:03.605Z] [INFO] Language Detection   ✅ PASS 
[summary] [2025-09-23T09:36:03.606Z] [INFO]   Languages detected: nodejs 
[summary] [2025-09-23T09:36:03.607Z] [INFO]   Primary language: nodejs 
[summary] [2025-09-23T09:36:03.607Z] [INFO] Dependency Check     ✅ PASS 
[summary] [2025-09-23T09:36:03.608Z] [INFO]   nodejs: SUCCESS 
[summary] [2025-09-23T09:36:03.609Z] [INFO] Code Quality         ❌ FAIL 
[summary] [2025-09-23T09:36:03.609Z] [INFO]   nodejs: FAILED 
[summary] [2025-09-23T09:36:03.610Z] [INFO] NPM Version Scan     ❌ FAIL 
[summary] [2025-09-23T09:36:03.611Z] [INFO]   nodejs: FAILED 
[summary] [2025-09-23T09:36:03.612Z] [INFO] Secret Detection     ✅ PASS 
[summary] [2025-09-23T09:36:03.612Z] [INFO]   secretScan: SUCCESS 
[summary] [2025-09-23T09:36:03.613Z] [INFO] SAST Scan            ✅ PASS 
[summary] [2025-09-23T09:36:03.613Z] [INFO]   coverage: SUCCESS 
[summary] [2025-09-23T09:36:03.614Z] [ERROR]  
[summary] [2025-09-23T09:36:03.615Z] [ERROR] ❌ PIPELINE FAILED: Please review the issues above. 
[summary] [2025-09-23T09:36:03.616Z] [INFO]  
[summary] [2025-09-23T09:36:03.617Z] [INFO] FINAL STATUS: FAILED 
[summary] [2025-09-23T09:36:03.617Z] [INFO] Log files location: C:\Users\hsjagad\CascadeProjects\windsurf-cicd-pipeline-pre-commit\React_demo-master\windsurf-pipeline\logs\run-2025-09-23T09-35-31-504Z 
[language-detection] [2025-09-23T09:40:20.159Z] [INFO] Starting language detection process 
[language-detection] [2025-09-23T09:40:20.159Z] [INFO] Detected Node.js via package.json in root 
[language-detection] [2025-09-23T09:40:20.162Z] [INFO] Final results: 1 languages detected 
[language-detection] [2025-09-23T09:40:20.163Z] [INFO] Languages: nodejs 
[language-detection] [2025-09-23T09:40:20.163Z] [INFO] Primary language: nodejs 
[language-detection] [2025-09-23T09:40:20.164Z] [INFO] Detection files: package.json 
[dependency-check] [2025-09-23T09:40:20.167Z] [INFO] Starting dependency check for languages: nodejs
[dependency-check] [2025-09-23T09:40:20.168Z] [INFO] Checking nodejs dependencies 
[dependency-check] [2025-09-23T09:40:25.827Z] [INFO] nodejs dependency check: SUCCESS 
[dependency-check] [2025-09-23T09:40:25.828Z] [INFO] Dependency check completed. Overall success: true 
[code-quality] [2025-09-23T09:40:25.830Z] [INFO] Starting code quality checks for languages: nodejs
[code-quality] [2025-09-23T09:40:25.831Z] [INFO] Running nodejs code quality checks 
[code-quality] [2025-09-23T09:40:40.350Z] [ERROR] nodejs code quality: FAILED 
[code-quality] [2025-09-23T09:40:40.350Z] [ERROR] === NODEJS CODE QUALITY FAILURE DETAILS === 
[code-quality] [2025-09-23T09:40:40.351Z] [ERROR] ESLINT FAILED: 
[code-quality] [2025-09-23T09:40:40.351Z] [ERROR] Output: 
C:\Users\hsjagad\CascadeProjects\windsurf-cicd-pipeline-pre-commit\React_demo-master\windsurf-pipeline\local-pipeline\auto-start-service.js
   21:5  error  Unexpected console statement  no-console
   25:7  error  Unexpected console statement  no-console
   44:5  error  Unexpected console statement  no-console
   63:7  error  Unexpected console statement  no-console
   68:7  error  Unexpected console statement  no-console
   73:5  error  Unexpected console statement  no-console
   88:5  error  Unexpected console statement  no-console
  104:7  error  Unexpected console statement  no-console
  110:7  error  Unexpected console statement  no-console
  121:7  error  Unexpected console statement  no-console
  132:5  error  Unexpected console statement  no-console

C:\Users\hsjagad\CascadeProjects\windsurf-cicd-pipeline-pre-commit\React_demo-master\windsurf-pipeline\local-pipeline\cleanup-locks.js
  29:5   error  Unexpected console statement  no-console
  32:9   error  Unexpected console statement  no-console
  41:9   error  Unexpected console statement  no-console
  42:9   error  Unexpected console statement  no-console
  43:9   error  Unexpected console statement  no-console
  46:13  error  Unexpected console statement  no-console
  48:13  error  Unexpected console statement  no-console
  50:13  error  Unexpected console statement  no-console
  53:9   error  Unexpected console statement  no-console
  55:9   error  Unexpected console statement  no-console

C:\Users\hsjagad\CascadeProjects\windsurf-cicd-pipeline-pre-commit\React_demo-master\windsurf-pipeline\local-pipeline\code-review-assistant.js
   37:9   error    Unexpected console statement                no-console
   38:9   error    Unexpected console statement                no-console
  128:13  error    Unexpected console statement                no-console
  196:9   warning  Expected a default case                     default-case
  288:30  error    'fixes' is assigned a value but never used  no-unused-vars
  299:9   error    Unexpected console statement                no-console
  300:9   error    Unexpected console statement                no-console
  303:13  error    Unexpected console statement                no-console
  308:13  error    Unexpected console statement                no-console
  311:17  error    Unexpected console statement                no-console
  313:21  error    Unexpected console statement                no-console
  318:9   error    Unexpected console statement                no-console
  319:9   error    Unexpected console statement                no-console
  327:17  error    Unexpected console statement                no-console
  360:9   error    Unexpected console statement                no-console
  361:9   error    Unexpected console statement                no-console
  368:17  error    Unexpected console statement                no-console
  369:17  error    Unexpected console statement                no-console
  372:21  error    Unexpected console statement                no-console
  373:21  error    Unexpected console statement                no-console
  374:21  error    Unexpected console statement                no-console
  377:25  error    Unexpected console statement                no-console
  378:25  error    Unexpected console statement                no-console
  392:13  error    Unexpected console statement                no-console
  397:9   error    Unexpected console statement                no-console
  398:9   error    Unexpected console statement                no-console
  412:25  error    Unexpected console statement                no-console
  417:25  error    Unexpected console statement                no-console
  420:21  error    Unexpected console statement                no-console
  427:9   error    Unexpected console statement                no-console
  428:9   error    Unexpected console statement                no-console
  429:9   error    Unexpected console statement                no-console
  430:9   error    Unexpected console statement                no-console
  431:9   error    Unexpected console statement                no-console
  432:9   error    Unexpected console statement                no-console
  433:9   error    Unexpected console statement                no-console
  434:9   error    Unexpected console statement                no-console
  435:9   error    Unexpected console statement                no-console
  436:9   error    Unexpected console statement                no-console
  437:9   error    Unexpected console statement                no-console
  438:9   error    Unexpected console statement                no-console
  439:9   error    Unexpected console statement                no-console
  440:9   error    Unexpected console statement                no-console
  444:9   error    Unexpected console statement                no-console
  461:13  error    Unexpected console statement                no-console
  465:9   error    Unexpected console statement                no-console
  467:13  error    Unexpected console statement                no-console
  469:17  error    Unexpected console statement                no-console
  530:13  error    Unexpected console statement                no-console
  532:13  error    Unexpected console statement                no-console
  543:9   error    Unexpected console statement                no-console
  551:9   error    Unexpected console statement                no-console

C:\Users\hsjagad\CascadeProjects\windsurf-cicd-pipeline-pre-commit\React_demo-master\windsurf-pipeline\local-pipeline\code-review-generator.js
  51:15  error  'stageResults' is assigned a value but never used  no-unused-vars

C:\Users\hsjagad\CascadeProjects\windsurf-cicd-pipeline-pre-commit\React_demo-master\windsurf-pipeline\local-pipeline\file-watcher.js
  160:13  error  Unexpected console statement  no-console
  367:9   error  Unexpected console statement  no-console

C:\Users\hsjagad\CascadeProjects\windsurf-cicd-pipeline-pre-commit\React_demo-master\windsurf-pipeline\local-pipeline\notifications.js
   76:9   error  Unexpected console statement  no-console
   77:9   error  Unexpected console statement  no-console
   78:9   error  Unexpected console statement  no-console
   79:9   error  Unexpected console statement  no-console
   80:9   error  Unexpected console statement  no-console
   98:13  error  Unexpected console statement  no-console
  157:17  error  Unexpected console statement  no-console
  162:21  error  Unexpected console statement  no-console
  164:21  error  Unexpected console statement  no-console

C:\Users\hsjagad\CascadeProjects\windsurf-cicd-pipeline-pre-commit\React_demo-master\windsurf-pipeline\local-pipeline\run-pipeline.js
    10:9    error    'spawn' is assigned a value but never used          no-unused-vars
    89:13   error    Unexpected console statement                        no-console
   113:13   error    Unexpected console statement                        no-console
   270:17   warning  Expected a default case                             default-case
   392:15   error    'safetyInstall' is assigned a value but never used  no-unused-vars
   445:17   warning  Expected a default case                             default-case
   969:15   error    'workingDir' is assigned a value but never used     no-unused-vars
  1092:190  warning  Unnecessary escape character: \.                    no-useless-escape
  1521:13   error    Unexpected console statement                        no-console
  1534:9    error    Unexpected console statement                        no-console

C:\Users\hsjagad\CascadeProjects\windsurf-cicd-pipeline-pre-commit\React_demo-master\windsurf-pipeline\local-pipeline\startup.js
  16:3  error  Unexpected console statement  no-console
  21:1  error  Unexpected console statement  no-console
  39:1  error  Unexpected console statement  no-console
  40:1  error  Unexpected console statement  no-console

C:\Users\hsjagad\CascadeProjects\windsurf-cicd-pipeline-pre-commit\React_demo-master\windsurf-pipeline\local-pipeline\status-indicator.js
  47:13  error  Unexpected console statement  no-console

✖ 100 problems (96 errors, 4 warnings)

 
[code-quality] [2025-09-23T09:40:40.364Z] [ERROR] Error Message: Command failed: npx eslint . --ext .js,.jsx,.ts,.tsx --no-error-on-unmatched-pattern
 
[code-quality] [2025-09-23T09:40:40.365Z] [ERROR] PRETTIER FAILED: 
[code-quality] [2025-09-23T09:40:40.365Z] [ERROR] Output: Checking formatting...
 
[code-quality] [2025-09-23T09:40:40.365Z] [ERROR] Error: [[33mwarn[39m] .eslintrc.js
[[33mwarn[39m] .prettierrc.json
[[33mwarn[39m] .vscode/pipeline-status.json
[[33mwarn[39m] .vscode/settings.json
[[33mwarn[39m] ESLINT_NO_CONSOLE_SETUP.md
[[33mwarn[39m] package-lock.json
[[33mwarn[39m] package.json
[[33mwarn[39m] PIPELINE_STATUS.md
[[33mwarn[39m] public/index.html
[[33mwarn[39m] README.md
[[33mwarn[39m] src/App.js
[[33mwarn[39m] src/components/Dashboard.js
[[33mwarn[39m] src/components/TestConsole.js
[[33mwarn[39m] windsurf-pipeline/DEVELOPER_SETUP.md
[[33mwarn[39m] windsurf-pipeline/eslint.config.js
[[33mwarn[39m] windsurf-pipeline/local-pipeline/auto-start-service.js
[[33mwarn[39m] windsurf-pipeline/local-pipeline/cleanup-locks.js
[[33mwarn[39m] windsurf-pipeline/local-pipeline/code-review-assistant.js
[[33mwarn[39m] windsurf-pipeline/local-pipeline/code-review-generator.js
[[33mwarn[39m] windsurf-pipeline/local-pipeline/file-watcher.js
[[33mwarn[39m] windsurf-pipeline/local-pipeline/notifications.js
[[33mwarn[39m] windsurf-pipeline/local-pipeline/run-pipeline.js
[[33mwarn[39m] windsurf-pipeline/local-pipeline/simple-coverage.js
[[33mwarn[39m] windsurf-pipeline/local-pipeline/startup.js
[[33mwarn[39m] windsurf-pipeline/local-pipeline/status-indicator.js
[[33mwarn[39m] windsurf-pipeline/README.md
[[33mwarn[39m] windsurf-pipeline/reports/code-review-2025-09-19-18-47.md
[[33mwarn[39m] windsurf-pipeline/reports/code-review-2025-09-19-19-26.md
[[33mwarn[39m] windsurf-pipeline/reports/code-review-2025-09-22-17-35.md
[[33mwarn[39m] windsurf-pipeline/reports/code-review-2025-09-23-09-58.md
[[33mwarn[39m] windsurf-pipeline/reports/code-review-2025-09-23-14-31.md
[[33mwarn[39m] windsurf-pipeline/reports/code-review-2025-09-23-14-35.md
[[33mwarn[39m] windsurf-pipeline/reports/code-review-2025-09-23-15-06.md
[[33mwarn[39m] windsurf-pipeline/reports/latest-code-review.md
[[33mwarn[39m] Code style issues found in 34 files. Run Prettier with --write to fix.
 
[code-quality] [2025-09-23T09:40:40.366Z] [ERROR] Error Message: Command failed: npx prettier --check . --ignore-unknown
[[33mwarn[39m] .eslintrc.js
[[33mwarn[39m] .prettierrc.json
[[33mwarn[39m] .vscode/pipeline-status.json
[[33mwarn[39m] .vscode/settings.json
[[33mwarn[39m] ESLINT_NO_CONSOLE_SETUP.md
[[33mwarn[39m] package-lock.json
[[33mwarn[39m] package.json
[[33mwarn[39m] PIPELINE_STATUS.md
[[33mwarn[39m] public/index.html
[[33mwarn[39m] README.md
[[33mwarn[39m] src/App.js
[[33mwarn[39m] src/components/Dashboard.js
[[33mwarn[39m] src/components/TestConsole.js
[[33mwarn[39m] windsurf-pipeline/DEVELOPER_SETUP.md
[[33mwarn[39m] windsurf-pipeline/eslint.config.js
[[33mwarn[39m] windsurf-pipeline/local-pipeline/auto-start-service.js
[[33mwarn[39m] windsurf-pipeline/local-pipeline/cleanup-locks.js
[[33mwarn[39m] windsurf-pipeline/local-pipeline/code-review-assistant.js
[[33mwarn[39m] windsurf-pipeline/local-pipeline/code-review-generator.js
[[33mwarn[39m] windsurf-pipeline/local-pipeline/file-watcher.js
[[33mwarn[39m] windsurf-pipeline/local-pipeline/notifications.js
[[33mwarn[39m] windsurf-pipeline/local-pipeline/run-pipeline.js
[[33mwarn[39m] windsurf-pipeline/local-pipeline/simple-coverage.js
[[33mwarn[39m] windsurf-pipeline/local-pipeline/startup.js
[[33mwarn[39m] windsurf-pipeline/local-pipeline/status-indicator.js
[[33mwarn[39m] windsurf-pipeline/README.md
[[33mwarn[39m] windsurf-pipeline/reports/code-review-2025-09-19-18-47.md
[[33mwarn[39m] windsurf-pipeline/reports/code-review-2025-09-19-19-26.md
[[33mwarn[39m] windsurf-pipeline/reports/code-review-2025-09-22-17-35.md
[[33mwarn[39m] windsurf-pipeline/reports/code-review-2025-09-23-09-58.md
[[33mwarn[39m] windsurf-pipeline/reports/code-review-2025-09-23-14-31.md
[[33mwarn[39m] windsurf-pipeline/reports/code-review-2025-09-23-14-35.md
[[33mwarn[39m] windsurf-pipeline/reports/code-review-2025-09-23-15-06.md
[[33mwarn[39m] windsurf-pipeline/reports/latest-code-review.md
[[33mwarn[39m] Code style issues found in 34 files. Run Prettier with --write to fix.
 
[code-quality] [2025-09-23T09:40:40.366Z] [ERROR] SYNTAX FAILED: 
[code-quality] [2025-09-23T09:40:40.367Z] [INFO] Code quality checks completed. Overall success: false 
[npm-version-scan] [2025-09-23T09:40:40.369Z] [INFO] Starting npm version vulnerability scan 
[npm-version-scan] [2025-09-23T09:40:49.946Z] [ERROR] npm version scan: FAILED 
[npm-version-scan] [2025-09-23T09:40:49.947Z] [ERROR] === NPM VERSION SCAN FAILURE DETAILS === 
[npm-version-scan] [2025-09-23T09:40:49.948Z] [WARN] Outdated package: @mui/icons-material (current: 5.18.0, wanted: 5.18.0, latest: 7.3.2) 
[npm-version-scan] [2025-09-23T09:40:49.948Z] [WARN] Outdated package: @mui/material (current: 5.18.0, wanted: 5.18.0, latest: 7.3.2) 
[npm-version-scan] [2025-09-23T09:40:49.949Z] [WARN] Outdated package: husky (current: 8.0.3, wanted: 8.0.3, latest: 9.1.7) 
[npm-version-scan] [2025-09-23T09:40:49.966Z] [WARN] Outdated package: lint-staged (current: 15.5.2, wanted: 15.5.2, latest: 16.2.0) 
[npm-version-scan] [2025-09-23T09:40:49.966Z] [WARN] Outdated package: react (current: 18.3.1, wanted: 18.3.1, latest: 19.1.1) 
[npm-version-scan] [2025-09-23T09:40:49.967Z] [WARN] Outdated package: react-dom (current: 18.3.1, wanted: 18.3.1, latest: 19.1.1) 
[npm-version-scan] [2025-09-23T09:40:49.967Z] [ERROR] Vulnerable package: @svgr/plugin-svgo 
[npm-version-scan] [2025-09-23T09:40:49.967Z] [ERROR] Vulnerable package: @svgr/webpack 
[npm-version-scan] [2025-09-23T09:40:49.968Z] [ERROR] Vulnerable package: css-select 
[npm-version-scan] [2025-09-23T09:40:49.968Z] [ERROR] Vulnerable package: nth-check 
[npm-version-scan] [2025-09-23T09:40:49.968Z] [ERROR] Vulnerable package: postcss 
[npm-version-scan] [2025-09-23T09:40:49.969Z] [ERROR] Vulnerable package: react-scripts 
[npm-version-scan] [2025-09-23T09:40:49.969Z] [ERROR] Vulnerable package: resolve-url-loader 
[npm-version-scan] [2025-09-23T09:40:49.969Z] [ERROR] Vulnerable package: svgo 
[npm-version-scan] [2025-09-23T09:40:49.970Z] [ERROR] Vulnerable package: webpack-dev-server 
[npm-version-scan] [2025-09-23T09:40:49.970Z] [INFO] npm version scan completed. Overall success: false 
[secret-detection] [2025-09-23T09:40:49.974Z] [INFO] Starting secret detection scan 
[secret-detection] [2025-09-23T09:40:50.017Z] [INFO] Secret detection: NO SECRETS FOUND 
[secret-detection] [2025-09-23T09:40:50.018Z] [INFO] Secret detection completed. Overall success: true 
[sast-scan] [2025-09-23T09:40:50.020Z] [INFO] Starting code coverage analysis for languages: nodejs
[sast-scan] [2025-09-23T09:40:50.029Z] [INFO] Code coverage analysis: SUCCESS 
[sast-scan] [2025-09-23T09:40:50.029Z] [INFO] === CODE COVERAGE RESULTS === 
[sast-scan] [2025-09-23T09:40:50.030Z] [INFO] Total files analyzed: 4 
[sast-scan] [2025-09-23T09:40:50.030Z] [INFO] Total lines of code: 313 
[sast-scan] [2025-09-23T09:40:50.030Z] [INFO] Average complexity: 1 
[sast-scan] [2025-09-23T09:40:50.031Z] [INFO] Code to total ratio: 90% 
[sast-scan] [2025-09-23T09:40:50.032Z] [INFO] Code coverage analysis completed. Overall success: true 
[summary] [2025-09-23T09:40:50.041Z] [INFO] PIPELINE EXECUTION SUMMARY 
[summary] [2025-09-23T09:40:50.042Z] [INFO] ================================================== 
[summary] [2025-09-23T09:40:50.042Z] [INFO] Execution started: 2025-09-23T09:40:20.083Z 
[summary] [2025-09-23T09:40:50.043Z] [INFO] Execution completed: 2025-09-23T09:40:50.043Z 
[summary] [2025-09-23T09:40:50.043Z] [INFO] Total duration: 29.96 seconds 
[summary] [2025-09-23T09:40:50.044Z] [INFO]  
[summary] [2025-09-23T09:40:50.044Z] [INFO] STAGE RESULTS: 
[summary] [2025-09-23T09:40:50.045Z] [INFO] Language Detection   ✅ PASS 
[summary] [2025-09-23T09:40:50.046Z] [INFO]   Languages detected: nodejs 
[summary] [2025-09-23T09:40:50.047Z] [INFO]   Primary language: nodejs 
[summary] [2025-09-23T09:40:50.047Z] [INFO] Dependency Check     ✅ PASS 
[summary] [2025-09-23T09:40:50.048Z] [INFO]   nodejs: SUCCESS 
[summary] [2025-09-23T09:40:50.049Z] [INFO] Code Quality         ❌ FAIL 
[summary] [2025-09-23T09:40:50.049Z] [INFO]   nodejs: FAILED 
[summary] [2025-09-23T09:40:50.050Z] [INFO] NPM Version Scan     ❌ FAIL 
[summary] [2025-09-23T09:40:50.050Z] [INFO]   nodejs: FAILED 
[summary] [2025-09-23T09:40:50.051Z] [INFO] Secret Detection     ✅ PASS 
[summary] [2025-09-23T09:40:50.052Z] [INFO]   secretScan: SUCCESS 
[summary] [2025-09-23T09:40:50.053Z] [INFO] SAST Scan            ✅ PASS 
[summary] [2025-09-23T09:40:50.053Z] [INFO]   coverage: SUCCESS 
[summary] [2025-09-23T09:40:50.055Z] [ERROR]  
[summary] [2025-09-23T09:40:50.056Z] [ERROR] ❌ PIPELINE FAILED: Please review the issues above. 
[summary] [2025-09-23T09:40:50.057Z] [INFO]  
[summary] [2025-09-23T09:40:50.057Z] [INFO] FINAL STATUS: FAILED 
[summary] [2025-09-23T09:40:50.058Z] [INFO] Log files location: C:\Users\hsjagad\CascadeProjects\windsurf-cicd-pipeline-pre-commit\React_demo-master\windsurf-pipeline\logs\run-2025-09-23T09-40-20-084Z 
[language-detection] [2025-09-23T09:52:41.838Z] [INFO] Starting language detection process 
[language-detection] [2025-09-23T09:52:41.839Z] [INFO] Detected Node.js via package.json in root 
[language-detection] [2025-09-23T09:52:41.840Z] [INFO] Final results: 1 languages detected 
[language-detection] [2025-09-23T09:52:41.841Z] [INFO] Languages: nodejs 
[language-detection] [2025-09-23T09:52:41.841Z] [INFO] Primary language: nodejs 
[language-detection] [2025-09-23T09:52:41.841Z] [INFO] Detection files: package.json 
[dependency-check] [2025-09-23T09:52:41.843Z] [INFO] Starting dependency check for languages: nodejs
[dependency-check] [2025-09-23T09:52:41.844Z] [INFO] Checking nodejs dependencies 
[dependency-check] [2025-09-23T09:52:46.584Z] [INFO] nodejs dependency check: SUCCESS 
[dependency-check] [2025-09-23T09:52:46.585Z] [INFO] Dependency check completed. Overall success: true 
[code-quality] [2025-09-23T09:52:46.587Z] [INFO] Starting code quality checks for languages: nodejs
[code-quality] [2025-09-23T09:52:46.588Z] [INFO] Running nodejs code quality checks 
[code-quality] [2025-09-23T09:52:58.224Z] [ERROR] nodejs code quality: FAILED 
[code-quality] [2025-09-23T09:52:58.224Z] [ERROR] === NODEJS CODE QUALITY FAILURE DETAILS === 
[code-quality] [2025-09-23T09:52:58.225Z] [ERROR] ESLINT FAILED: 
[code-quality] [2025-09-23T09:52:58.225Z] [ERROR] Output: 
C:\Users\hsjagad\CascadeProjects\windsurf-cicd-pipeline-pre-commit\React_demo-master\windsurf-pipeline\local-pipeline\auto-start-service.js
   21:5  error  Unexpected console statement  no-console
   25:7  error  Unexpected console statement  no-console
   44:5  error  Unexpected console statement  no-console
   63:7  error  Unexpected console statement  no-console
   68:7  error  Unexpected console statement  no-console
   73:5  error  Unexpected console statement  no-console
   88:5  error  Unexpected console statement  no-console
  104:7  error  Unexpected console statement  no-console
  110:7  error  Unexpected console statement  no-console
  121:7  error  Unexpected console statement  no-console
  132:5  error  Unexpected console statement  no-console

C:\Users\hsjagad\CascadeProjects\windsurf-cicd-pipeline-pre-commit\React_demo-master\windsurf-pipeline\local-pipeline\cleanup-locks.js
  29:5   error  Unexpected console statement  no-console
  32:9   error  Unexpected console statement  no-console
  41:9   error  Unexpected console statement  no-console
  42:9   error  Unexpected console statement  no-console
  43:9   error  Unexpected console statement  no-console
  46:13  error  Unexpected console statement  no-console
  48:13  error  Unexpected console statement  no-console
  50:13  error  Unexpected console statement  no-console
  53:9   error  Unexpected console statement  no-console
  55:9   error  Unexpected console statement  no-console

C:\Users\hsjagad\CascadeProjects\windsurf-cicd-pipeline-pre-commit\React_demo-master\windsurf-pipeline\local-pipeline\code-review-assistant.js
   37:9   error    Unexpected console statement                no-console
   38:9   error    Unexpected console statement                no-console
  128:13  error    Unexpected console statement                no-console
  196:9   warning  Expected a default case                     default-case
  288:30  error    'fixes' is assigned a value but never used  no-unused-vars
  299:9   error    Unexpected console statement                no-console
  300:9   error    Unexpected console statement                no-console
  303:13  error    Unexpected console statement                no-console
  308:13  error    Unexpected console statement                no-console
  311:17  error    Unexpected console statement                no-console
  313:21  error    Unexpected console statement                no-console
  318:9   error    Unexpected console statement                no-console
  319:9   error    Unexpected console statement                no-console
  327:17  error    Unexpected console statement                no-console
  360:9   error    Unexpected console statement                no-console
  361:9   error    Unexpected console statement                no-console
  368:17  error    Unexpected console statement                no-console
  369:17  error    Unexpected console statement                no-console
  372:21  error    Unexpected console statement                no-console
  373:21  error    Unexpected console statement                no-console
  374:21  error    Unexpected console statement                no-console
  377:25  error    Unexpected console statement                no-console
  378:25  error    Unexpected console statement                no-console
  392:13  error    Unexpected console statement                no-console
  397:9   error    Unexpected console statement                no-console
  398:9   error    Unexpected console statement                no-console
  412:25  error    Unexpected console statement                no-console
  417:25  error    Unexpected console statement                no-console
  420:21  error    Unexpected console statement                no-console
  427:9   error    Unexpected console statement                no-console
  428:9   error    Unexpected console statement                no-console
  429:9   error    Unexpected console statement                no-console
  430:9   error    Unexpected console statement                no-console
  431:9   error    Unexpected console statement                no-console
  432:9   error    Unexpected console statement                no-console
  433:9   error    Unexpected console statement                no-console
  434:9   error    Unexpected console statement                no-console
  435:9   error    Unexpected console statement                no-console
  436:9   error    Unexpected console statement                no-console
  437:9   error    Unexpected console statement                no-console
  438:9   error    Unexpected console statement                no-console
  439:9   error    Unexpected console statement                no-console
  440:9   error    Unexpected console statement                no-console
  444:9   error    Unexpected console statement                no-console
  461:13  error    Unexpected console statement                no-console
  465:9   error    Unexpected console statement                no-console
  467:13  error    Unexpected console statement                no-console
  469:17  error    Unexpected console statement                no-console
  530:13  error    Unexpected console statement                no-console
  532:13  error    Unexpected console statement                no-console
  543:9   error    Unexpected console statement                no-console
  551:9   error    Unexpected console statement                no-console

C:\Users\hsjagad\CascadeProjects\windsurf-cicd-pipeline-pre-commit\React_demo-master\windsurf-pipeline\local-pipeline\code-review-generator.js
  51:15  error  'stageResults' is assigned a value but never used  no-unused-vars

C:\Users\hsjagad\CascadeProjects\windsurf-cicd-pipeline-pre-commit\React_demo-master\windsurf-pipeline\local-pipeline\file-watcher.js
  160:13  error  Unexpected console statement  no-console
  367:9   error  Unexpected console statement  no-console

C:\Users\hsjagad\CascadeProjects\windsurf-cicd-pipeline-pre-commit\React_demo-master\windsurf-pipeline\local-pipeline\notifications.js
   76:9   error  Unexpected console statement  no-console
   77:9   error  Unexpected console statement  no-console
   78:9   error  Unexpected console statement  no-console
   79:9   error  Unexpected console statement  no-console
   80:9   error  Unexpected console statement  no-console
   98:13  error  Unexpected console statement  no-console
  157:17  error  Unexpected console statement  no-console
  162:21  error  Unexpected console statement  no-console
  164:21  error  Unexpected console statement  no-console

C:\Users\hsjagad\CascadeProjects\windsurf-cicd-pipeline-pre-commit\React_demo-master\windsurf-pipeline\local-pipeline\run-pipeline.js
    10:9    error    'spawn' is assigned a value but never used          no-unused-vars
    89:13   error    Unexpected console statement                        no-console
   113:13   error    Unexpected console statement                        no-console
   270:17   warning  Expected a default case                             default-case
   392:15   error    'safetyInstall' is assigned a value but never used  no-unused-vars
   445:17   warning  Expected a default case                             default-case
   969:15   error    'workingDir' is assigned a value but never used     no-unused-vars
  1092:190  warning  Unnecessary escape character: \.                    no-useless-escape
  1521:13   error    Unexpected console statement                        no-console
  1534:9    error    Unexpected console statement                        no-console

C:\Users\hsjagad\CascadeProjects\windsurf-cicd-pipeline-pre-commit\React_demo-master\windsurf-pipeline\local-pipeline\startup.js
  16:3  error  Unexpected console statement  no-console
  21:1  error  Unexpected console statement  no-console
  39:1  error  Unexpected console statement  no-console
  40:1  error  Unexpected console statement  no-console

C:\Users\hsjagad\CascadeProjects\windsurf-cicd-pipeline-pre-commit\React_demo-master\windsurf-pipeline\local-pipeline\status-indicator.js
  47:13  error  Unexpected console statement  no-console

✖ 100 problems (96 errors, 4 warnings)

 
[code-quality] [2025-09-23T09:52:58.238Z] [ERROR] Error Message: Command failed: npx eslint . --ext .js,.jsx,.ts,.tsx --no-error-on-unmatched-pattern
 
[code-quality] [2025-09-23T09:52:58.238Z] [ERROR] PRETTIER FAILED: 
[code-quality] [2025-09-23T09:52:58.239Z] [ERROR] Output: Checking formatting...
 
[code-quality] [2025-09-23T09:52:58.239Z] [ERROR] Error: [[33mwarn[39m] .eslintrc.js
[[33mwarn[39m] .prettierrc.json
[[33mwarn[39m] .vscode/pipeline-status.json
[[33mwarn[39m] .vscode/settings.json
[[33mwarn[39m] ESLINT_NO_CONSOLE_SETUP.md
[[33mwarn[39m] package-lock.json
[[33mwarn[39m] package.json
[[33mwarn[39m] PIPELINE_STATUS.md
[[33mwarn[39m] public/index.html
[[33mwarn[39m] README.md
[[33mwarn[39m] src/App.js
[[33mwarn[39m] src/components/Dashboard.js
[[33mwarn[39m] src/components/TestConsole.js
[[33mwarn[39m] windsurf-pipeline/DEVELOPER_SETUP.md
[[33mwarn[39m] windsurf-pipeline/eslint.config.js
[[33mwarn[39m] windsurf-pipeline/local-pipeline/auto-start-service.js
[[33mwarn[39m] windsurf-pipeline/local-pipeline/cleanup-locks.js
[[33mwarn[39m] windsurf-pipeline/local-pipeline/code-review-assistant.js
[[33mwarn[39m] windsurf-pipeline/local-pipeline/code-review-generator.js
[[33mwarn[39m] windsurf-pipeline/local-pipeline/file-watcher.js
[[33mwarn[39m] windsurf-pipeline/local-pipeline/notifications.js
[[33mwarn[39m] windsurf-pipeline/local-pipeline/run-pipeline.js
[[33mwarn[39m] windsurf-pipeline/local-pipeline/simple-coverage.js
[[33mwarn[39m] windsurf-pipeline/local-pipeline/startup.js
[[33mwarn[39m] windsurf-pipeline/local-pipeline/status-indicator.js
[[33mwarn[39m] windsurf-pipeline/README.md
[[33mwarn[39m] windsurf-pipeline/reports/code-review-2025-09-19-18-47.md
[[33mwarn[39m] windsurf-pipeline/reports/code-review-2025-09-19-19-26.md
[[33mwarn[39m] windsurf-pipeline/reports/code-review-2025-09-22-17-35.md
[[33mwarn[39m] windsurf-pipeline/reports/code-review-2025-09-23-09-58.md
[[33mwarn[39m] windsurf-pipeline/reports/code-review-2025-09-23-14-31.md
[[33mwarn[39m] windsurf-pipeline/reports/code-review-2025-09-23-14-35.md
[[33mwarn[39m] windsurf-pipeline/reports/code-review-2025-09-23-15-06.md
[[33mwarn[39m] windsurf-pipeline/reports/code-review-2025-09-23-15-10.md
[[33mwarn[39m] windsurf-pipeline/reports/latest-code-review.md
[[33mwarn[39m] Code style issues found in 35 files. Run Prettier with --write to fix.
 
[code-quality] [2025-09-23T09:52:58.239Z] [ERROR] Error Message: Command failed: npx prettier --check . --ignore-unknown
[[33mwarn[39m] .eslintrc.js
[[33mwarn[39m] .prettierrc.json
[[33mwarn[39m] .vscode/pipeline-status.json
[[33mwarn[39m] .vscode/settings.json
[[33mwarn[39m] ESLINT_NO_CONSOLE_SETUP.md
[[33mwarn[39m] package-lock.json
[[33mwarn[39m] package.json
[[33mwarn[39m] PIPELINE_STATUS.md
[[33mwarn[39m] public/index.html
[[33mwarn[39m] README.md
[[33mwarn[39m] src/App.js
[[33mwarn[39m] src/components/Dashboard.js
[[33mwarn[39m] src/components/TestConsole.js
[[33mwarn[39m] windsurf-pipeline/DEVELOPER_SETUP.md
[[33mwarn[39m] windsurf-pipeline/eslint.config.js
[[33mwarn[39m] windsurf-pipeline/local-pipeline/auto-start-service.js
[[33mwarn[39m] windsurf-pipeline/local-pipeline/cleanup-locks.js
[[33mwarn[39m] windsurf-pipeline/local-pipeline/code-review-assistant.js
[[33mwarn[39m] windsurf-pipeline/local-pipeline/code-review-generator.js
[[33mwarn[39m] windsurf-pipeline/local-pipeline/file-watcher.js
[[33mwarn[39m] windsurf-pipeline/local-pipeline/notifications.js
[[33mwarn[39m] windsurf-pipeline/local-pipeline/run-pipeline.js
[[33mwarn[39m] windsurf-pipeline/local-pipeline/simple-coverage.js
[[33mwarn[39m] windsurf-pipeline/local-pipeline/startup.js
[[33mwarn[39m] windsurf-pipeline/local-pipeline/status-indicator.js
[[33mwarn[39m] windsurf-pipeline/README.md
[[33mwarn[39m] windsurf-pipeline/reports/code-review-2025-09-19-18-47.md
[[33mwarn[39m] windsurf-pipeline/reports/code-review-2025-09-19-19-26.md
[[33mwarn[39m] windsurf-pipeline/reports/code-review-2025-09-22-17-35.md
[[33mwarn[39m] windsurf-pipeline/reports/code-review-2025-09-23-09-58.md
[[33mwarn[39m] windsurf-pipeline/reports/code-review-2025-09-23-14-31.md
[[33mwarn[39m] windsurf-pipeline/reports/code-review-2025-09-23-14-35.md
[[33mwarn[39m] windsurf-pipeline/reports/code-review-2025-09-23-15-06.md
[[33mwarn[39m] windsurf-pipeline/reports/code-review-2025-09-23-15-10.md
[[33mwarn[39m] windsurf-pipeline/reports/latest-code-review.md
[[33mwarn[39m] Code style issues found in 35 files. Run Prettier with --write to fix.
 
[code-quality] [2025-09-23T09:52:58.240Z] [ERROR] SYNTAX FAILED: 
[code-quality] [2025-09-23T09:52:58.240Z] [INFO] Code quality checks completed. Overall success: false 
[npm-version-scan] [2025-09-23T09:52:58.243Z] [INFO] Starting npm version vulnerability scan 
[npm-version-scan] [2025-09-23T09:53:04.169Z] [ERROR] npm version scan: FAILED 
[npm-version-scan] [2025-09-23T09:53:04.170Z] [ERROR] === NPM VERSION SCAN FAILURE DETAILS === 
[npm-version-scan] [2025-09-23T09:53:04.170Z] [WARN] Outdated package: @mui/icons-material (current: 5.18.0, wanted: 5.18.0, latest: 7.3.2) 
[npm-version-scan] [2025-09-23T09:53:04.170Z] [WARN] Outdated package: @mui/material (current: 5.18.0, wanted: 5.18.0, latest: 7.3.2) 
[npm-version-scan] [2025-09-23T09:53:04.171Z] [WARN] Outdated package: husky (current: 8.0.3, wanted: 8.0.3, latest: 9.1.7) 
[npm-version-scan] [2025-09-23T09:53:04.183Z] [WARN] Outdated package: lint-staged (current: 15.5.2, wanted: 15.5.2, latest: 16.2.0) 
[npm-version-scan] [2025-09-23T09:53:04.183Z] [WARN] Outdated package: react (current: 18.3.1, wanted: 18.3.1, latest: 19.1.1) 
[npm-version-scan] [2025-09-23T09:53:04.184Z] [WARN] Outdated package: react-dom (current: 18.3.1, wanted: 18.3.1, latest: 19.1.1) 
[npm-version-scan] [2025-09-23T09:53:04.184Z] [ERROR] Vulnerable package: @svgr/plugin-svgo 
[npm-version-scan] [2025-09-23T09:53:04.185Z] [ERROR] Vulnerable package: @svgr/webpack 
[npm-version-scan] [2025-09-23T09:53:04.185Z] [ERROR] Vulnerable package: css-select 
[npm-version-scan] [2025-09-23T09:53:04.185Z] [ERROR] Vulnerable package: nth-check 
[npm-version-scan] [2025-09-23T09:53:04.185Z] [ERROR] Vulnerable package: postcss 
[npm-version-scan] [2025-09-23T09:53:04.186Z] [ERROR] Vulnerable package: react-scripts 
[npm-version-scan] [2025-09-23T09:53:04.186Z] [ERROR] Vulnerable package: resolve-url-loader 
[npm-version-scan] [2025-09-23T09:53:04.186Z] [ERROR] Vulnerable package: svgo 
[npm-version-scan] [2025-09-23T09:53:04.187Z] [ERROR] Vulnerable package: webpack-dev-server 
[npm-version-scan] [2025-09-23T09:53:04.187Z] [INFO] npm version scan completed. Overall success: false 
[secret-detection] [2025-09-23T09:53:04.189Z] [INFO] Starting secret detection scan 
[secret-detection] [2025-09-23T09:53:04.215Z] [INFO] Secret detection: NO SECRETS FOUND 
[secret-detection] [2025-09-23T09:53:04.215Z] [INFO] Secret detection completed. Overall success: true 
[sast-scan] [2025-09-23T09:53:04.217Z] [INFO] Starting code coverage analysis for languages: nodejs
[sast-scan] [2025-09-23T09:53:04.222Z] [INFO] Code coverage analysis: SUCCESS 
[sast-scan] [2025-09-23T09:53:04.222Z] [INFO] === CODE COVERAGE RESULTS === 
[sast-scan] [2025-09-23T09:53:04.222Z] [INFO] Total files analyzed: 4 
[sast-scan] [2025-09-23T09:53:04.222Z] [INFO] Total lines of code: 313 
[sast-scan] [2025-09-23T09:53:04.223Z] [INFO] Average complexity: 1 
[sast-scan] [2025-09-23T09:53:04.223Z] [INFO] Code to total ratio: 91% 
[sast-scan] [2025-09-23T09:53:04.223Z] [INFO] Code coverage analysis completed. Overall success: true 
[summary] [2025-09-23T09:53:04.225Z] [INFO] PIPELINE EXECUTION SUMMARY 
[summary] [2025-09-23T09:53:04.226Z] [INFO] ================================================== 
[summary] [2025-09-23T09:53:04.226Z] [INFO] Execution started: 2025-09-23T09:52:41.784Z 
[summary] [2025-09-23T09:53:04.226Z] [INFO] Execution completed: 2025-09-23T09:53:04.226Z 
[summary] [2025-09-23T09:53:04.227Z] [INFO] Total duration: 22.44 seconds 
[summary] [2025-09-23T09:53:04.227Z] [INFO]  
[summary] [2025-09-23T09:53:04.227Z] [INFO] STAGE RESULTS: 
[summary] [2025-09-23T09:53:04.228Z] [INFO] Language Detection   ✅ PASS 
[summary] [2025-09-23T09:53:04.229Z] [INFO]   Languages detected: nodejs 
[summary] [2025-09-23T09:53:04.230Z] [INFO]   Primary language: nodejs 
[summary] [2025-09-23T09:53:04.230Z] [INFO] Dependency Check     ✅ PASS 
[summary] [2025-09-23T09:53:04.231Z] [INFO]   nodejs: SUCCESS 
[summary] [2025-09-23T09:53:04.231Z] [INFO] Code Quality         ❌ FAIL 
[summary] [2025-09-23T09:53:04.232Z] [INFO]   nodejs: FAILED 
[summary] [2025-09-23T09:53:04.232Z] [INFO] NPM Version Scan     ❌ FAIL 
[summary] [2025-09-23T09:53:04.233Z] [INFO]   nodejs: FAILED 
[summary] [2025-09-23T09:53:04.233Z] [INFO] Secret Detection     ✅ PASS 
[summary] [2025-09-23T09:53:04.233Z] [INFO]   secretScan: SUCCESS 
[summary] [2025-09-23T09:53:04.234Z] [INFO] SAST Scan            ✅ PASS 
[summary] [2025-09-23T09:53:04.235Z] [INFO]   coverage: SUCCESS 
[summary] [2025-09-23T09:53:04.235Z] [ERROR]  
[summary] [2025-09-23T09:53:04.236Z] [ERROR] ❌ PIPELINE FAILED: Please review the issues above. 
[summary] [2025-09-23T09:53:04.236Z] [INFO]  
[summary] [2025-09-23T09:53:04.236Z] [INFO] FINAL STATUS: FAILED 
[summary] [2025-09-23T09:53:04.237Z] [INFO] Log files location: C:\Users\hsjagad\CascadeProjects\windsurf-cicd-pipeline-pre-commit\React_demo-master\windsurf-pipeline\logs\run-2025-09-23T09-52-41-785Z 
[language-detection] [2025-09-23T11:47:13.261Z] [INFO] Starting language detection process 
[language-detection] [2025-09-23T11:47:13.262Z] [INFO] Detected Node.js via package.json in root 
[language-detection] [2025-09-23T11:47:13.263Z] [INFO] Final results: 1 languages detected 
[language-detection] [2025-09-23T11:47:13.264Z] [INFO] Languages: nodejs 
[language-detection] [2025-09-23T11:47:13.265Z] [INFO] Primary language: nodejs 
[language-detection] [2025-09-23T11:47:13.266Z] [INFO] Detection files: package.json 
[dependency-check] [2025-09-23T11:47:13.269Z] [INFO] Starting dependency check for languages: nodejs
[dependency-check] [2025-09-23T11:47:13.270Z] [INFO] Checking nodejs dependencies 
[dependency-check] [2025-09-23T11:47:18.998Z] [INFO] nodejs dependency check: SUCCESS 
[dependency-check] [2025-09-23T11:47:18.999Z] [INFO] Dependency check completed. Overall success: true 
[code-quality] [2025-09-23T11:47:19.003Z] [INFO] Starting code quality checks for languages: nodejs
[code-quality] [2025-09-23T11:47:19.004Z] [INFO] Running nodejs code quality checks 
[code-quality] [2025-09-23T11:47:34.626Z] [ERROR] nodejs code quality: FAILED 
[code-quality] [2025-09-23T11:47:34.626Z] [ERROR] === NODEJS CODE QUALITY FAILURE DETAILS === 
[code-quality] [2025-09-23T11:47:34.627Z] [ERROR] ESLINT FAILED: 
[code-quality] [2025-09-23T11:47:34.628Z] [ERROR] Output: 
C:\Users\hsjagad\CascadeProjects\windsurf-cicd-pipeline-pre-commit\React_demo-master\windsurf-pipeline\local-pipeline\auto-start-service.js
   21:5  error  Unexpected console statement  no-console
   25:7  error  Unexpected console statement  no-console
   44:5  error  Unexpected console statement  no-console
   63:7  error  Unexpected console statement  no-console
   68:7  error  Unexpected console statement  no-console
   73:5  error  Unexpected console statement  no-console
   88:5  error  Unexpected console statement  no-console
  104:7  error  Unexpected console statement  no-console
  110:7  error  Unexpected console statement  no-console
  121:7  error  Unexpected console statement  no-console
  132:5  error  Unexpected console statement  no-console

C:\Users\hsjagad\CascadeProjects\windsurf-cicd-pipeline-pre-commit\React_demo-master\windsurf-pipeline\local-pipeline\cleanup-locks.js
  29:5   error  Unexpected console statement  no-console
  32:9   error  Unexpected console statement  no-console
  41:9   error  Unexpected console statement  no-console
  42:9   error  Unexpected console statement  no-console
  43:9   error  Unexpected console statement  no-console
  46:13  error  Unexpected console statement  no-console
  48:13  error  Unexpected console statement  no-console
  50:13  error  Unexpected console statement  no-console
  53:9   error  Unexpected console statement  no-console
  55:9   error  Unexpected console statement  no-console

C:\Users\hsjagad\CascadeProjects\windsurf-cicd-pipeline-pre-commit\React_demo-master\windsurf-pipeline\local-pipeline\code-review-assistant.js
   37:9   error    Unexpected console statement                no-console
   38:9   error    Unexpected console statement                no-console
  128:13  error    Unexpected console statement                no-console
  196:9   warning  Expected a default case                     default-case
  288:30  error    'fixes' is assigned a value but never used  no-unused-vars
  299:9   error    Unexpected console statement                no-console
  300:9   error    Unexpected console statement                no-console
  303:13  error    Unexpected console statement                no-console
  308:13  error    Unexpected console statement                no-console
  311:17  error    Unexpected console statement                no-console
  313:21  error    Unexpected console statement                no-console
  318:9   error    Unexpected console statement                no-console
  319:9   error    Unexpected console statement                no-console
  327:17  error    Unexpected console statement                no-console
  360:9   error    Unexpected console statement                no-console
  361:9   error    Unexpected console statement                no-console
  368:17  error    Unexpected console statement                no-console
  369:17  error    Unexpected console statement                no-console
  372:21  error    Unexpected console statement                no-console
  373:21  error    Unexpected console statement                no-console
  374:21  error    Unexpected console statement                no-console
  377:25  error    Unexpected console statement                no-console
  378:25  error    Unexpected console statement                no-console
  392:13  error    Unexpected console statement                no-console
  397:9   error    Unexpected console statement                no-console
  398:9   error    Unexpected console statement                no-console
  412:25  error    Unexpected console statement                no-console
  417:25  error    Unexpected console statement                no-console
  420:21  error    Unexpected console statement                no-console
  427:9   error    Unexpected console statement                no-console
  428:9   error    Unexpected console statement                no-console
  429:9   error    Unexpected console statement                no-console
  430:9   error    Unexpected console statement                no-console
  431:9   error    Unexpected console statement                no-console
  432:9   error    Unexpected console statement                no-console
  433:9   error    Unexpected console statement                no-console
  434:9   error    Unexpected console statement                no-console
  435:9   error    Unexpected console statement                no-console
  436:9   error    Unexpected console statement                no-console
  437:9   error    Unexpected console statement                no-console
  438:9   error    Unexpected console statement                no-console
  439:9   error    Unexpected console statement                no-console
  440:9   error    Unexpected console statement                no-console
  444:9   error    Unexpected console statement                no-console
  461:13  error    Unexpected console statement                no-console
  465:9   error    Unexpected console statement                no-console
  467:13  error    Unexpected console statement                no-console
  469:17  error    Unexpected console statement                no-console
  530:13  error    Unexpected console statement                no-console
  532:13  error    Unexpected console statement                no-console
  543:9   error    Unexpected console statement                no-console
  551:9   error    Unexpected console statement                no-console

C:\Users\hsjagad\CascadeProjects\windsurf-cicd-pipeline-pre-commit\React_demo-master\windsurf-pipeline\local-pipeline\code-review-generator.js
  51:15  error  'stageResults' is assigned a value but never used  no-unused-vars

C:\Users\hsjagad\CascadeProjects\windsurf-cicd-pipeline-pre-commit\React_demo-master\windsurf-pipeline\local-pipeline\file-watcher.js
  160:13  error  Unexpected console statement  no-console
  367:9   error  Unexpected console statement  no-console

C:\Users\hsjagad\CascadeProjects\windsurf-cicd-pipeline-pre-commit\React_demo-master\windsurf-pipeline\local-pipeline\notifications.js
   76:9   error  Unexpected console statement  no-console
   77:9   error  Unexpected console statement  no-console
   78:9   error  Unexpected console statement  no-console
   79:9   error  Unexpected console statement  no-console
   80:9   error  Unexpected console statement  no-console
   98:13  error  Unexpected console statement  no-console
  157:17  error  Unexpected console statement  no-console
  162:21  error  Unexpected console statement  no-console
  164:21  error  Unexpected console statement  no-console

C:\Users\hsjagad\CascadeProjects\windsurf-cicd-pipeline-pre-commit\React_demo-master\windsurf-pipeline\local-pipeline\run-pipeline.js
    10:9    error    'spawn' is assigned a value but never used          no-unused-vars
    89:13   error    Unexpected console statement                        no-console
   113:13   error    Unexpected console statement                        no-console
   270:17   warning  Expected a default case                             default-case
   392:15   error    'safetyInstall' is assigned a value but never used  no-unused-vars
   445:17   warning  Expected a default case                             default-case
   969:15   error    'workingDir' is assigned a value but never used     no-unused-vars
  1092:190  warning  Unnecessary escape character: \.                    no-useless-escape
  1521:13   error    Unexpected console statement                        no-console
  1534:9    error    Unexpected console statement                        no-console

C:\Users\hsjagad\CascadeProjects\windsurf-cicd-pipeline-pre-commit\React_demo-master\windsurf-pipeline\local-pipeline\startup.js
  16:3  error  Unexpected console statement  no-console
  21:1  error  Unexpected console statement  no-console
  39:1  error  Unexpected console statement  no-console
  40:1  error  Unexpected console statement  no-console

C:\Users\hsjagad\CascadeProjects\windsurf-cicd-pipeline-pre-commit\React_demo-master\windsurf-pipeline\local-pipeline\status-indicator.js
  47:13  error  Unexpected console statement  no-console

✖ 100 problems (96 errors, 4 warnings)

 
[code-quality] [2025-09-23T11:47:34.629Z] [ERROR] Error Message: Command failed: npx eslint . --ext .js,.jsx,.ts,.tsx --no-error-on-unmatched-pattern
 
[code-quality] [2025-09-23T11:47:34.629Z] [ERROR] PRETTIER FAILED: 
[code-quality] [2025-09-23T11:47:34.630Z] [ERROR] Output: Checking formatting...
 
[code-quality] [2025-09-23T11:47:34.631Z] [ERROR] Error: [[33mwarn[39m] .eslintrc.js
[[33mwarn[39m] .prettierrc.json
[[33mwarn[39m] .vscode/pipeline-status.json
[[33mwarn[39m] .vscode/settings.json
[[33mwarn[39m] ESLINT_NO_CONSOLE_SETUP.md
[[33mwarn[39m] package-lock.json
[[33mwarn[39m] package.json
[[33mwarn[39m] PIPELINE_STATUS.md
[[33mwarn[39m] public/index.html
[[33mwarn[39m] README.md
[[33mwarn[39m] src/App.js
[[33mwarn[39m] src/components/Dashboard.js
[[33mwarn[39m] src/components/TestConsole.js
[[33mwarn[39m] Code style issues found in 13 files. Run Prettier with --write to fix.
 
[code-quality] [2025-09-23T11:47:34.631Z] [ERROR] Error Message: Command failed: npx prettier --check . --ignore-unknown
[[33mwarn[39m] .eslintrc.js
[[33mwarn[39m] .prettierrc.json
[[33mwarn[39m] .vscode/pipeline-status.json
[[33mwarn[39m] .vscode/settings.json
[[33mwarn[39m] ESLINT_NO_CONSOLE_SETUP.md
[[33mwarn[39m] package-lock.json
[[33mwarn[39m] package.json
[[33mwarn[39m] PIPELINE_STATUS.md
[[33mwarn[39m] public/index.html
[[33mwarn[39m] README.md
[[33mwarn[39m] src/App.js
[[33mwarn[39m] src/components/Dashboard.js
[[33mwarn[39m] src/components/TestConsole.js
[[33mwarn[39m] Code style issues found in 13 files. Run Prettier with --write to fix.
 
[code-quality] [2025-09-23T11:47:34.632Z] [ERROR] SYNTAX FAILED: 
[code-quality] [2025-09-23T11:47:34.632Z] [INFO] Code quality checks completed. Overall success: false 
[npm-version-scan] [2025-09-23T11:47:34.635Z] [INFO] Starting npm version vulnerability scan 
[npm-version-scan] [2025-09-23T11:47:43.159Z] [ERROR] npm version scan: FAILED 
[npm-version-scan] [2025-09-23T11:47:43.160Z] [ERROR] === NPM VERSION SCAN FAILURE DETAILS === 
[npm-version-scan] [2025-09-23T11:47:43.160Z] [WARN] Outdated package: @mui/icons-material (current: 5.18.0, wanted: 5.18.0, latest: 7.3.2) 
[npm-version-scan] [2025-09-23T11:47:43.161Z] [WARN] Outdated package: @mui/material (current: 5.18.0, wanted: 5.18.0, latest: 7.3.2) 
[npm-version-scan] [2025-09-23T11:47:43.162Z] [WARN] Outdated package: husky (current: 8.0.3, wanted: 8.0.3, latest: 9.1.7) 
[npm-version-scan] [2025-09-23T11:47:43.175Z] [WARN] Outdated package: lint-staged (current: 15.5.2, wanted: 15.5.2, latest: 16.2.0) 
[npm-version-scan] [2025-09-23T11:47:43.175Z] [WARN] Outdated package: react (current: 18.3.1, wanted: 18.3.1, latest: 19.1.1) 
[npm-version-scan] [2025-09-23T11:47:43.176Z] [WARN] Outdated package: react-dom (current: 18.3.1, wanted: 18.3.1, latest: 19.1.1) 
[npm-version-scan] [2025-09-23T11:47:43.176Z] [ERROR] Vulnerable package: @svgr/plugin-svgo 
[npm-version-scan] [2025-09-23T11:47:43.176Z] [ERROR] Vulnerable package: @svgr/webpack 
[npm-version-scan] [2025-09-23T11:47:43.177Z] [ERROR] Vulnerable package: css-select 
[npm-version-scan] [2025-09-23T11:47:43.177Z] [ERROR] Vulnerable package: nth-check 
[npm-version-scan] [2025-09-23T11:47:43.178Z] [ERROR] Vulnerable package: postcss 
[npm-version-scan] [2025-09-23T11:47:43.178Z] [ERROR] Vulnerable package: react-scripts 
[npm-version-scan] [2025-09-23T11:47:43.179Z] [ERROR] Vulnerable package: resolve-url-loader 
[npm-version-scan] [2025-09-23T11:47:43.180Z] [ERROR] Vulnerable package: svgo 
[npm-version-scan] [2025-09-23T11:47:43.180Z] [ERROR] Vulnerable package: webpack-dev-server 
[npm-version-scan] [2025-09-23T11:47:43.181Z] [INFO] npm version scan completed. Overall success: false 
[secret-detection] [2025-09-23T11:47:43.184Z] [INFO] Starting secret detection scan 
[secret-detection] [2025-09-23T11:47:43.223Z] [INFO] Secret detection: NO SECRETS FOUND 
[secret-detection] [2025-09-23T11:47:43.224Z] [INFO] Secret detection completed. Overall success: true 
[sast-scan] [2025-09-23T11:47:43.226Z] [INFO] Starting code coverage analysis for languages: nodejs
[sast-scan] [2025-09-23T11:47:43.236Z] [INFO] Code coverage analysis: SUCCESS 
[sast-scan] [2025-09-23T11:47:43.237Z] [INFO] === CODE COVERAGE RESULTS === 
[sast-scan] [2025-09-23T11:47:43.237Z] [INFO] Total files analyzed: 4 
[sast-scan] [2025-09-23T11:47:43.237Z] [INFO] Total lines of code: 313 
[sast-scan] [2025-09-23T11:47:43.238Z] [INFO] Average complexity: 1 
[sast-scan] [2025-09-23T11:47:43.238Z] [INFO] Code to total ratio: 91% 
[sast-scan] [2025-09-23T11:47:43.238Z] [INFO] Code coverage analysis completed. Overall success: true 
[summary] [2025-09-23T11:47:43.253Z] [INFO] PIPELINE EXECUTION SUMMARY 
[summary] [2025-09-23T11:47:43.254Z] [INFO] ================================================== 
[summary] [2025-09-23T11:47:43.254Z] [INFO] Execution started: 2025-09-23T11:47:13.184Z 
[summary] [2025-09-23T11:47:43.255Z] [INFO] Execution completed: 2025-09-23T11:47:43.255Z 
[summary] [2025-09-23T11:47:43.255Z] [INFO] Total duration: 30.07 seconds 
[summary] [2025-09-23T11:47:43.256Z] [INFO]  
[summary] [2025-09-23T11:47:43.256Z] [INFO] STAGE RESULTS: 
[summary] [2025-09-23T11:47:43.257Z] [INFO] Language Detection   ✅ PASS 
[summary] [2025-09-23T11:47:43.258Z] [INFO]   Languages detected: nodejs 
[summary] [2025-09-23T11:47:43.258Z] [INFO]   Primary language: nodejs 
[summary] [2025-09-23T11:47:43.259Z] [INFO] Dependency Check     ✅ PASS 
[summary] [2025-09-23T11:47:43.260Z] [INFO]   nodejs: SUCCESS 
[summary] [2025-09-23T11:47:43.261Z] [INFO] Code Quality         ❌ FAIL 
[summary] [2025-09-23T11:47:43.262Z] [INFO]   nodejs: FAILED 
[summary] [2025-09-23T11:47:43.263Z] [INFO] NPM Version Scan     ❌ FAIL 
[summary] [2025-09-23T11:47:43.264Z] [INFO]   nodejs: FAILED 
[summary] [2025-09-23T11:47:43.265Z] [INFO] Secret Detection     ✅ PASS 
[summary] [2025-09-23T11:47:43.265Z] [INFO]   secretScan: SUCCESS 
[summary] [2025-09-23T11:47:43.266Z] [INFO] SAST Scan            ✅ PASS 
[summary] [2025-09-23T11:47:43.267Z] [INFO]   coverage: SUCCESS 
[summary] [2025-09-23T11:47:43.267Z] [ERROR]  
[summary] [2025-09-23T11:47:43.268Z] [ERROR] ❌ PIPELINE FAILED: Please review the issues above. 
[summary] [2025-09-23T11:47:43.269Z] [INFO]  
[summary] [2025-09-23T11:47:43.269Z] [INFO] FINAL STATUS: FAILED 
[summary] [2025-09-23T11:47:43.270Z] [INFO] Log files location: C:\Users\hsjagad\CascadeProjects\windsurf-cicd-pipeline-pre-commit\React_demo-master\windsurf-pipeline\logs\run-2025-09-23T11-47-13-185Z 
[language-detection] [2025-09-23T11:51:45.981Z] [INFO] Starting language detection process 
[language-detection] [2025-09-23T11:51:45.982Z] [INFO] Detected Node.js via package.json in root 
[language-detection] [2025-09-23T11:51:45.984Z] [INFO] Final results: 1 languages detected 
[language-detection] [2025-09-23T11:51:45.984Z] [INFO] Languages: nodejs 
[language-detection] [2025-09-23T11:51:45.985Z] [INFO] Primary language: nodejs 
[language-detection] [2025-09-23T11:51:45.985Z] [INFO] Detection files: package.json 
[dependency-check] [2025-09-23T11:51:45.989Z] [INFO] Starting dependency check for languages: nodejs
[dependency-check] [2025-09-23T11:51:45.990Z] [INFO] Checking nodejs dependencies 
[dependency-check] [2025-09-23T11:51:50.823Z] [INFO] nodejs dependency check: SUCCESS 
[dependency-check] [2025-09-23T11:51:50.824Z] [INFO] Dependency check completed. Overall success: true 
[code-quality] [2025-09-23T11:51:50.827Z] [INFO] Starting code quality checks for languages: nodejs
[code-quality] [2025-09-23T11:51:50.828Z] [INFO] Running nodejs code quality checks 
[code-quality] [2025-09-23T11:52:06.226Z] [ERROR] nodejs code quality: FAILED 
[code-quality] [2025-09-23T11:52:06.227Z] [ERROR] === NODEJS CODE QUALITY FAILURE DETAILS === 
[code-quality] [2025-09-23T11:52:06.227Z] [ERROR] ESLINT FAILED: 
[code-quality] [2025-09-23T11:52:06.228Z] [ERROR] Output: 
C:\Users\hsjagad\CascadeProjects\windsurf-cicd-pipeline-pre-commit\React_demo-master\windsurf-pipeline\local-pipeline\auto-start-service.js
   21:5  error  Unexpected console statement  no-console
   25:7  error  Unexpected console statement  no-console
   44:5  error  Unexpected console statement  no-console
   63:7  error  Unexpected console statement  no-console
   68:7  error  Unexpected console statement  no-console
   73:5  error  Unexpected console statement  no-console
   88:5  error  Unexpected console statement  no-console
  104:7  error  Unexpected console statement  no-console
  110:7  error  Unexpected console statement  no-console
  121:7  error  Unexpected console statement  no-console
  132:5  error  Unexpected console statement  no-console

C:\Users\hsjagad\CascadeProjects\windsurf-cicd-pipeline-pre-commit\React_demo-master\windsurf-pipeline\local-pipeline\cleanup-locks.js
  29:5   error  Unexpected console statement  no-console
  32:9   error  Unexpected console statement  no-console
  41:9   error  Unexpected console statement  no-console
  42:9   error  Unexpected console statement  no-console
  43:9   error  Unexpected console statement  no-console
  46:13  error  Unexpected console statement  no-console
  48:13  error  Unexpected console statement  no-console
  50:13  error  Unexpected console statement  no-console
  53:9   error  Unexpected console statement  no-console
  55:9   error  Unexpected console statement  no-console

C:\Users\hsjagad\CascadeProjects\windsurf-cicd-pipeline-pre-commit\React_demo-master\windsurf-pipeline\local-pipeline\code-review-assistant.js
   37:9   error    Unexpected console statement                no-console
   38:9   error    Unexpected console statement                no-console
  128:13  error    Unexpected console statement                no-console
  196:9   warning  Expected a default case                     default-case
  288:30  error    'fixes' is assigned a value but never used  no-unused-vars
  299:9   error    Unexpected console statement                no-console
  300:9   error    Unexpected console statement                no-console
  303:13  error    Unexpected console statement                no-console
  308:13  error    Unexpected console statement                no-console
  311:17  error    Unexpected console statement                no-console
  313:21  error    Unexpected console statement                no-console
  318:9   error    Unexpected console statement                no-console
  319:9   error    Unexpected console statement                no-console
  327:17  error    Unexpected console statement                no-console
  360:9   error    Unexpected console statement                no-console
  361:9   error    Unexpected console statement                no-console
  368:17  error    Unexpected console statement                no-console
  369:17  error    Unexpected console statement                no-console
  372:21  error    Unexpected console statement                no-console
  373:21  error    Unexpected console statement                no-console
  374:21  error    Unexpected console statement                no-console
  377:25  error    Unexpected console statement                no-console
  378:25  error    Unexpected console statement                no-console
  392:13  error    Unexpected console statement                no-console
  397:9   error    Unexpected console statement                no-console
  398:9   error    Unexpected console statement                no-console
  412:25  error    Unexpected console statement                no-console
  417:25  error    Unexpected console statement                no-console
  420:21  error    Unexpected console statement                no-console
  427:9   error    Unexpected console statement                no-console
  428:9   error    Unexpected console statement                no-console
  429:9   error    Unexpected console statement                no-console
  430:9   error    Unexpected console statement                no-console
  431:9   error    Unexpected console statement                no-console
  432:9   error    Unexpected console statement                no-console
  433:9   error    Unexpected console statement                no-console
  434:9   error    Unexpected console statement                no-console
  435:9   error    Unexpected console statement                no-console
  436:9   error    Unexpected console statement                no-console
  437:9   error    Unexpected console statement                no-console
  438:9   error    Unexpected console statement                no-console
  439:9   error    Unexpected console statement                no-console
  440:9   error    Unexpected console statement                no-console
  444:9   error    Unexpected console statement                no-console
  461:13  error    Unexpected console statement                no-console
  465:9   error    Unexpected console statement                no-console
  467:13  error    Unexpected console statement                no-console
  469:17  error    Unexpected console statement                no-console
  530:13  error    Unexpected console statement                no-console
  532:13  error    Unexpected console statement                no-console
  543:9   error    Unexpected console statement                no-console
  551:9   error    Unexpected console statement                no-console

C:\Users\hsjagad\CascadeProjects\windsurf-cicd-pipeline-pre-commit\React_demo-master\windsurf-pipeline\local-pipeline\code-review-generator.js
  51:15  error  'stageResults' is assigned a value but never used  no-unused-vars

C:\Users\hsjagad\CascadeProjects\windsurf-cicd-pipeline-pre-commit\React_demo-master\windsurf-pipeline\local-pipeline\file-watcher.js
  160:13  error  Unexpected console statement  no-console
  367:9   error  Unexpected console statement  no-console

C:\Users\hsjagad\CascadeProjects\windsurf-cicd-pipeline-pre-commit\React_demo-master\windsurf-pipeline\local-pipeline\notifications.js
   76:9   error  Unexpected console statement  no-console
   77:9   error  Unexpected console statement  no-console
   78:9   error  Unexpected console statement  no-console
   79:9   error  Unexpected console statement  no-console
   80:9   error  Unexpected console statement  no-console
   98:13  error  Unexpected console statement  no-console
  157:17  error  Unexpected console statement  no-console
  162:21  error  Unexpected console statement  no-console
  164:21  error  Unexpected console statement  no-console

C:\Users\hsjagad\CascadeProjects\windsurf-cicd-pipeline-pre-commit\React_demo-master\windsurf-pipeline\local-pipeline\run-pipeline.js
    10:9    error    'spawn' is assigned a value but never used          no-unused-vars
    89:13   error    Unexpected console statement                        no-console
   113:13   error    Unexpected console statement                        no-console
   270:17   warning  Expected a default case                             default-case
   392:15   error    'safetyInstall' is assigned a value but never used  no-unused-vars
   445:17   warning  Expected a default case                             default-case
   969:15   error    'workingDir' is assigned a value but never used     no-unused-vars
  1092:190  warning  Unnecessary escape character: \.                    no-useless-escape
  1521:13   error    Unexpected console statement                        no-console
  1534:9    error    Unexpected console statement                        no-console

C:\Users\hsjagad\CascadeProjects\windsurf-cicd-pipeline-pre-commit\React_demo-master\windsurf-pipeline\local-pipeline\startup.js
  16:3  error  Unexpected console statement  no-console
  21:1  error  Unexpected console statement  no-console
  39:1  error  Unexpected console statement  no-console
  40:1  error  Unexpected console statement  no-console

C:\Users\hsjagad\CascadeProjects\windsurf-cicd-pipeline-pre-commit\React_demo-master\windsurf-pipeline\local-pipeline\status-indicator.js
  47:13  error  Unexpected console statement  no-console

✖ 100 problems (96 errors, 4 warnings)

 
[code-quality] [2025-09-23T11:52:06.241Z] [ERROR] Error Message: Command failed: npx eslint . --ext .js,.jsx,.ts,.tsx --no-error-on-unmatched-pattern
 
[code-quality] [2025-09-23T11:52:06.241Z] [ERROR] PRETTIER FAILED: 
[code-quality] [2025-09-23T11:52:06.242Z] [ERROR] Output: Checking formatting...
 
[code-quality] [2025-09-23T11:52:06.243Z] [ERROR] Error: [[33mwarn[39m] .eslintrc.js
[[33mwarn[39m] .prettierrc.json
[[33mwarn[39m] .vscode/pipeline-status.json
[[33mwarn[39m] .vscode/settings.json
[[33mwarn[39m] ESLINT_NO_CONSOLE_SETUP.md
[[33mwarn[39m] package-lock.json
[[33mwarn[39m] package.json
[[33mwarn[39m] PIPELINE_STATUS.md
[[33mwarn[39m] public/index.html
[[33mwarn[39m] README.md
[[33mwarn[39m] src/components/Dashboard.js
[[33mwarn[39m] src/components/TestConsole.js
[[33mwarn[39m] Code style issues found in 12 files. Run Prettier with --write to fix.
 
[code-quality] [2025-09-23T11:52:06.243Z] [ERROR] Error Message: Command failed: npx prettier --check . --ignore-unknown
[[33mwarn[39m] .eslintrc.js
[[33mwarn[39m] .prettierrc.json
[[33mwarn[39m] .vscode/pipeline-status.json
[[33mwarn[39m] .vscode/settings.json
[[33mwarn[39m] ESLINT_NO_CONSOLE_SETUP.md
[[33mwarn[39m] package-lock.json
[[33mwarn[39m] package.json
[[33mwarn[39m] PIPELINE_STATUS.md
[[33mwarn[39m] public/index.html
[[33mwarn[39m] README.md
[[33mwarn[39m] src/components/Dashboard.js
[[33mwarn[39m] src/components/TestConsole.js
[[33mwarn[39m] Code style issues found in 12 files. Run Prettier with --write to fix.
 
[code-quality] [2025-09-23T11:52:06.244Z] [ERROR] SYNTAX FAILED: 
[code-quality] [2025-09-23T11:52:06.245Z] [INFO] Code quality checks completed. Overall success: false 
[npm-version-scan] [2025-09-23T11:52:06.248Z] [INFO] Starting npm version vulnerability scan 
[npm-version-scan] [2025-09-23T11:52:15.127Z] [ERROR] npm version scan: FAILED 
[npm-version-scan] [2025-09-23T11:52:15.128Z] [ERROR] === NPM VERSION SCAN FAILURE DETAILS === 
[npm-version-scan] [2025-09-23T11:52:15.128Z] [WARN] Outdated package: @mui/icons-material (current: 5.18.0, wanted: 5.18.0, latest: 7.3.2) 
[npm-version-scan] [2025-09-23T11:52:15.129Z] [WARN] Outdated package: @mui/material (current: 5.18.0, wanted: 5.18.0, latest: 7.3.2) 
[npm-version-scan] [2025-09-23T11:52:15.129Z] [WARN] Outdated package: husky (current: 8.0.3, wanted: 8.0.3, latest: 9.1.7) 
[npm-version-scan] [2025-09-23T11:52:15.142Z] [WARN] Outdated package: lint-staged (current: 15.5.2, wanted: 15.5.2, latest: 16.2.0) 
[npm-version-scan] [2025-09-23T11:52:15.143Z] [WARN] Outdated package: react (current: 18.3.1, wanted: 18.3.1, latest: 19.1.1) 
[npm-version-scan] [2025-09-23T11:52:15.143Z] [WARN] Outdated package: react-dom (current: 18.3.1, wanted: 18.3.1, latest: 19.1.1) 
[npm-version-scan] [2025-09-23T11:52:15.144Z] [ERROR] Vulnerable package: @svgr/plugin-svgo 
[npm-version-scan] [2025-09-23T11:52:15.145Z] [ERROR] Vulnerable package: @svgr/webpack 
[npm-version-scan] [2025-09-23T11:52:15.145Z] [ERROR] Vulnerable package: css-select 
[npm-version-scan] [2025-09-23T11:52:15.146Z] [ERROR] Vulnerable package: nth-check 
[npm-version-scan] [2025-09-23T11:52:15.146Z] [ERROR] Vulnerable package: postcss 
[npm-version-scan] [2025-09-23T11:52:15.147Z] [ERROR] Vulnerable package: react-scripts 
[npm-version-scan] [2025-09-23T11:52:15.148Z] [ERROR] Vulnerable package: resolve-url-loader 
[npm-version-scan] [2025-09-23T11:52:15.148Z] [ERROR] Vulnerable package: svgo 
[npm-version-scan] [2025-09-23T11:52:15.149Z] [ERROR] Vulnerable package: webpack-dev-server 
[npm-version-scan] [2025-09-23T11:52:15.149Z] [INFO] npm version scan completed. Overall success: false 
[secret-detection] [2025-09-23T11:52:15.153Z] [INFO] Starting secret detection scan 
[secret-detection] [2025-09-23T11:52:15.193Z] [INFO] Secret detection: NO SECRETS FOUND 
[secret-detection] [2025-09-23T11:52:15.193Z] [INFO] Secret detection completed. Overall success: true 
[sast-scan] [2025-09-23T11:52:15.195Z] [INFO] Starting code coverage analysis for languages: nodejs
[sast-scan] [2025-09-23T11:52:15.204Z] [INFO] Code coverage analysis: SUCCESS 
[sast-scan] [2025-09-23T11:52:15.205Z] [INFO] === CODE COVERAGE RESULTS === 
[sast-scan] [2025-09-23T11:52:15.206Z] [INFO] Total files analyzed: 4 
[sast-scan] [2025-09-23T11:52:15.206Z] [INFO] Total lines of code: 313 
[sast-scan] [2025-09-23T11:52:15.207Z] [INFO] Average complexity: 1 
[sast-scan] [2025-09-23T11:52:15.207Z] [INFO] Code to total ratio: 91% 
[sast-scan] [2025-09-23T11:52:15.208Z] [INFO] Code coverage analysis completed. Overall success: true 
[summary] [2025-09-23T11:52:15.211Z] [INFO] PIPELINE EXECUTION SUMMARY 
[summary] [2025-09-23T11:52:15.211Z] [INFO] ================================================== 
[summary] [2025-09-23T11:52:15.212Z] [INFO] Execution started: 2025-09-23T11:51:45.907Z 
[summary] [2025-09-23T11:52:15.212Z] [INFO] Execution completed: 2025-09-23T11:52:15.212Z 
[summary] [2025-09-23T11:52:15.213Z] [INFO] Total duration: 29.30 seconds 
[summary] [2025-09-23T11:52:15.213Z] [INFO]  
[summary] [2025-09-23T11:52:15.214Z] [INFO] STAGE RESULTS: 
[summary] [2025-09-23T11:52:15.215Z] [INFO] Language Detection   ✅ PASS 
[summary] [2025-09-23T11:52:15.216Z] [INFO]   Languages detected: nodejs 
[summary] [2025-09-23T11:52:15.217Z] [INFO]   Primary language: nodejs 
[summary] [2025-09-23T11:52:15.218Z] [INFO] Dependency Check     ✅ PASS 
[summary] [2025-09-23T11:52:15.218Z] [INFO]   nodejs: SUCCESS 
[summary] [2025-09-23T11:52:15.219Z] [INFO] Code Quality         ❌ FAIL 
[summary] [2025-09-23T11:52:15.220Z] [INFO]   nodejs: FAILED 
[summary] [2025-09-23T11:52:15.221Z] [INFO] NPM Version Scan     ❌ FAIL 
[summary] [2025-09-23T11:52:15.221Z] [INFO]   nodejs: FAILED 
[summary] [2025-09-23T11:52:15.222Z] [INFO] Secret Detection     ✅ PASS 
[summary] [2025-09-23T11:52:15.222Z] [INFO]   secretScan: SUCCESS 
[summary] [2025-09-23T11:52:15.223Z] [INFO] SAST Scan            ✅ PASS 
[summary] [2025-09-23T11:52:15.223Z] [INFO]   coverage: SUCCESS 
[summary] [2025-09-23T11:52:15.225Z] [ERROR]  
[summary] [2025-09-23T11:52:15.225Z] [ERROR] ❌ PIPELINE FAILED: Please review the issues above. 
[summary] [2025-09-23T11:52:15.225Z] [INFO]  
[summary] [2025-09-23T11:52:15.226Z] [INFO] FINAL STATUS: FAILED 
[summary] [2025-09-23T11:52:15.226Z] [INFO] Log files location: C:\Users\hsjagad\CascadeProjects\windsurf-cicd-pipeline-pre-commit\React_demo-master\windsurf-pipeline\logs\run-2025-09-23T11-51-45-908Z 
[language-detection] [2025-09-23T12:19:39.431Z] [INFO] Starting language detection process 
[language-detection] [2025-09-23T12:19:39.432Z] [INFO] Detected Node.js via package.json in root 
[language-detection] [2025-09-23T12:19:39.433Z] [INFO] Final results: 1 languages detected 
[language-detection] [2025-09-23T12:19:39.433Z] [INFO] Languages: nodejs 
[language-detection] [2025-09-23T12:19:39.434Z] [INFO] Primary language: nodejs 
[language-detection] [2025-09-23T12:19:39.434Z] [INFO] Detection files: package.json 
[dependency-check] [2025-09-23T12:19:39.436Z] [INFO] Starting dependency check for languages: nodejs
[dependency-check] [2025-09-23T12:19:39.436Z] [INFO] Checking nodejs dependencies 
[dependency-check] [2025-09-23T12:19:43.369Z] [INFO] nodejs dependency check: SUCCESS 
[dependency-check] [2025-09-23T12:19:43.370Z] [INFO] Dependency check completed. Overall success: true 
[code-quality] [2025-09-23T12:19:43.371Z] [INFO] Starting code quality checks for languages: nodejs
[code-quality] [2025-09-23T12:19:43.372Z] [INFO] Running nodejs code quality checks 
[code-quality] [2025-09-23T12:19:54.762Z] [ERROR] nodejs code quality: FAILED 
[code-quality] [2025-09-23T12:19:54.763Z] [ERROR] === NODEJS CODE QUALITY FAILURE DETAILS === 
[code-quality] [2025-09-23T12:19:54.763Z] [ERROR] ESLINT FAILED: 
[code-quality] [2025-09-23T12:19:54.764Z] [ERROR] Output: 
C:\Users\hsjagad\CascadeProjects\windsurf-cicd-pipeline-pre-commit\React_demo-master\windsurf-pipeline\local-pipeline\auto-start-service.js
   21:5  error  Unexpected console statement  no-console
   25:7  error  Unexpected console statement  no-console
   44:5  error  Unexpected console statement  no-console
   63:7  error  Unexpected console statement  no-console
   68:7  error  Unexpected console statement  no-console
   73:5  error  Unexpected console statement  no-console
   88:5  error  Unexpected console statement  no-console
  104:7  error  Unexpected console statement  no-console
  110:7  error  Unexpected console statement  no-console
  121:7  error  Unexpected console statement  no-console
  132:5  error  Unexpected console statement  no-console

C:\Users\hsjagad\CascadeProjects\windsurf-cicd-pipeline-pre-commit\React_demo-master\windsurf-pipeline\local-pipeline\cleanup-locks.js
  29:5   error  Unexpected console statement  no-console
  32:9   error  Unexpected console statement  no-console
  41:9   error  Unexpected console statement  no-console
  42:9   error  Unexpected console statement  no-console
  43:9   error  Unexpected console statement  no-console
  46:13  error  Unexpected console statement  no-console
  48:13  error  Unexpected console statement  no-console
  50:13  error  Unexpected console statement  no-console
  53:9   error  Unexpected console statement  no-console
  55:9   error  Unexpected console statement  no-console

C:\Users\hsjagad\CascadeProjects\windsurf-cicd-pipeline-pre-commit\React_demo-master\windsurf-pipeline\local-pipeline\code-review-assistant.js
   37:9   error    Unexpected console statement                no-console
   38:9   error    Unexpected console statement                no-console
  128:13  error    Unexpected console statement                no-console
  196:9   warning  Expected a default case                     default-case
  288:30  error    'fixes' is assigned a value but never used  no-unused-vars
  299:9   error    Unexpected console statement                no-console
  300:9   error    Unexpected console statement                no-console
  303:13  error    Unexpected console statement                no-console
  308:13  error    Unexpected console statement                no-console
  311:17  error    Unexpected console statement                no-console
  313:21  error    Unexpected console statement                no-console
  318:9   error    Unexpected console statement                no-console
  319:9   error    Unexpected console statement                no-console
  327:17  error    Unexpected console statement                no-console
  360:9   error    Unexpected console statement                no-console
  361:9   error    Unexpected console statement                no-console
  368:17  error    Unexpected console statement                no-console
  369:17  error    Unexpected console statement                no-console
  372:21  error    Unexpected console statement                no-console
  373:21  error    Unexpected console statement                no-console
  374:21  error    Unexpected console statement                no-console
  377:25  error    Unexpected console statement                no-console
  378:25  error    Unexpected console statement                no-console
  392:13  error    Unexpected console statement                no-console
  397:9   error    Unexpected console statement                no-console
  398:9   error    Unexpected console statement                no-console
  412:25  error    Unexpected console statement                no-console
  417:25  error    Unexpected console statement                no-console
  420:21  error    Unexpected console statement                no-console
  427:9   error    Unexpected console statement                no-console
  428:9   error    Unexpected console statement                no-console
  429:9   error    Unexpected console statement                no-console
  430:9   error    Unexpected console statement                no-console
  431:9   error    Unexpected console statement                no-console
  432:9   error    Unexpected console statement                no-console
  433:9   error    Unexpected console statement                no-console
  434:9   error    Unexpected console statement                no-console
  435:9   error    Unexpected console statement                no-console
  436:9   error    Unexpected console statement                no-console
  437:9   error    Unexpected console statement                no-console
  438:9   error    Unexpected console statement                no-console
  439:9   error    Unexpected console statement                no-console
  440:9   error    Unexpected console statement                no-console
  444:9   error    Unexpected console statement                no-console
  461:13  error    Unexpected console statement                no-console
  465:9   error    Unexpected console statement                no-console
  467:13  error    Unexpected console statement                no-console
  469:17  error    Unexpected console statement                no-console
  530:13  error    Unexpected console statement                no-console
  532:13  error    Unexpected console statement                no-console
  543:9   error    Unexpected console statement                no-console
  551:9   error    Unexpected console statement                no-console

C:\Users\hsjagad\CascadeProjects\windsurf-cicd-pipeline-pre-commit\React_demo-master\windsurf-pipeline\local-pipeline\code-review-generator.js
  51:15  error  'stageResults' is assigned a value but never used  no-unused-vars

C:\Users\hsjagad\CascadeProjects\windsurf-cicd-pipeline-pre-commit\React_demo-master\windsurf-pipeline\local-pipeline\file-watcher.js
  160:13  error  Unexpected console statement  no-console
  367:9   error  Unexpected console statement  no-console

C:\Users\hsjagad\CascadeProjects\windsurf-cicd-pipeline-pre-commit\React_demo-master\windsurf-pipeline\local-pipeline\notifications.js
   76:9   error  Unexpected console statement  no-console
   77:9   error  Unexpected console statement  no-console
   78:9   error  Unexpected console statement  no-console
   79:9   error  Unexpected console statement  no-console
   80:9   error  Unexpected console statement  no-console
   98:13  error  Unexpected console statement  no-console
  157:17  error  Unexpected console statement  no-console
  162:21  error  Unexpected console statement  no-console
  164:21  error  Unexpected console statement  no-console

C:\Users\hsjagad\CascadeProjects\windsurf-cicd-pipeline-pre-commit\React_demo-master\windsurf-pipeline\local-pipeline\run-pipeline.js
    10:9    error    'spawn' is assigned a value but never used          no-unused-vars
    89:13   error    Unexpected console statement                        no-console
   113:13   error    Unexpected console statement                        no-console
   270:17   warning  Expected a default case                             default-case
   392:15   error    'safetyInstall' is assigned a value but never used  no-unused-vars
   445:17   warning  Expected a default case                             default-case
   969:15   error    'workingDir' is assigned a value but never used     no-unused-vars
  1092:190  warning  Unnecessary escape character: \.                    no-useless-escape
  1521:13   error    Unexpected console statement                        no-console
  1534:9    error    Unexpected console statement                        no-console

C:\Users\hsjagad\CascadeProjects\windsurf-cicd-pipeline-pre-commit\React_demo-master\windsurf-pipeline\local-pipeline\startup.js
  16:3  error  Unexpected console statement  no-console
  21:1  error  Unexpected console statement  no-console
  39:1  error  Unexpected console statement  no-console
  40:1  error  Unexpected console statement  no-console

C:\Users\hsjagad\CascadeProjects\windsurf-cicd-pipeline-pre-commit\React_demo-master\windsurf-pipeline\local-pipeline\status-indicator.js
  47:13  error  Unexpected console statement  no-console

✖ 100 problems (96 errors, 4 warnings)

 
[code-quality] [2025-09-23T12:19:54.778Z] [ERROR] Error Message: Command failed: npx eslint . --ext .js,.jsx,.ts,.tsx --no-error-on-unmatched-pattern
 
[code-quality] [2025-09-23T12:19:54.778Z] [ERROR] PRETTIER FAILED: 
[code-quality] [2025-09-23T12:19:54.778Z] [ERROR] Output: Checking formatting...
 
[code-quality] [2025-09-23T12:19:54.779Z] [ERROR] Error: [[33mwarn[39m] .eslintrc.js
[[33mwarn[39m] .prettierrc.json
[[33mwarn[39m] .vscode/settings.json
[[33mwarn[39m] ESLINT_NO_CONSOLE_SETUP.md
[[33mwarn[39m] package-lock.json
[[33mwarn[39m] package.json
[[33mwarn[39m] public/index.html
[[33mwarn[39m] README.md
[[33mwarn[39m] src/App.js
[[33mwarn[39m] src/components/Dashboard.js
[[33mwarn[39m] src/components/TestConsole.js
[[33mwarn[39m] Code style issues found in 11 files. Run Prettier with --write to fix.
 
[code-quality] [2025-09-23T12:19:54.779Z] [ERROR] Error Message: Command failed: npx prettier --check . --ignore-unknown
[[33mwarn[39m] .eslintrc.js
[[33mwarn[39m] .prettierrc.json
[[33mwarn[39m] .vscode/settings.json
[[33mwarn[39m] ESLINT_NO_CONSOLE_SETUP.md
[[33mwarn[39m] package-lock.json
[[33mwarn[39m] package.json
[[33mwarn[39m] public/index.html
[[33mwarn[39m] README.md
[[33mwarn[39m] src/App.js
[[33mwarn[39m] src/components/Dashboard.js
[[33mwarn[39m] src/components/TestConsole.js
[[33mwarn[39m] Code style issues found in 11 files. Run Prettier with --write to fix.
 
[code-quality] [2025-09-23T12:19:54.779Z] [ERROR] SYNTAX FAILED: 
[code-quality] [2025-09-23T12:19:54.779Z] [INFO] Code quality checks completed. Overall success: false 
[npm-version-scan] [2025-09-23T12:19:54.783Z] [INFO] Starting npm version vulnerability scan 
[npm-version-scan] [2025-09-23T12:20:01.005Z] [ERROR] npm version scan: FAILED 
[npm-version-scan] [2025-09-23T12:20:01.006Z] [ERROR] === NPM VERSION SCAN FAILURE DETAILS === 
[npm-version-scan] [2025-09-23T12:20:01.006Z] [WARN] Outdated package: @mui/icons-material (current: 5.18.0, wanted: 5.18.0, latest: 7.3.2) 
[npm-version-scan] [2025-09-23T12:20:01.006Z] [WARN] Outdated package: @mui/material (current: 5.18.0, wanted: 5.18.0, latest: 7.3.2) 
[npm-version-scan] [2025-09-23T12:20:01.007Z] [WARN] Outdated package: husky (current: 8.0.3, wanted: 8.0.3, latest: 9.1.7) 
[npm-version-scan] [2025-09-23T12:20:01.007Z] [WARN] Outdated package: lint-staged (current: 15.5.2, wanted: 15.5.2, latest: 16.2.0) 
[npm-version-scan] [2025-09-23T12:20:01.008Z] [WARN] Outdated package: react (current: 18.3.1, wanted: 18.3.1, latest: 19.1.1) 
[npm-version-scan] [2025-09-23T12:20:01.008Z] [WARN] Outdated package: react-dom (current: 18.3.1, wanted: 18.3.1, latest: 19.1.1) 
[npm-version-scan] [2025-09-23T12:20:01.009Z] [ERROR] Vulnerable package: @svgr/plugin-svgo 
[npm-version-scan] [2025-09-23T12:20:01.009Z] [ERROR] Vulnerable package: @svgr/webpack 
[npm-version-scan] [2025-09-23T12:20:01.009Z] [ERROR] Vulnerable package: css-select 
[npm-version-scan] [2025-09-23T12:20:01.009Z] [ERROR] Vulnerable package: nth-check 
[npm-version-scan] [2025-09-23T12:20:01.010Z] [ERROR] Vulnerable package: postcss 
[npm-version-scan] [2025-09-23T12:20:01.010Z] [ERROR] Vulnerable package: react-scripts 
[npm-version-scan] [2025-09-23T12:20:01.010Z] [ERROR] Vulnerable package: resolve-url-loader 
[npm-version-scan] [2025-09-23T12:20:01.011Z] [ERROR] Vulnerable package: svgo 
[npm-version-scan] [2025-09-23T12:20:01.011Z] [ERROR] Vulnerable package: webpack-dev-server 
[npm-version-scan] [2025-09-23T12:20:01.011Z] [INFO] npm version scan completed. Overall success: false 
[secret-detection] [2025-09-23T12:20:01.014Z] [INFO] Starting secret detection scan 
[secret-detection] [2025-09-23T12:20:01.045Z] [INFO] Secret detection: NO SECRETS FOUND 
[secret-detection] [2025-09-23T12:20:01.045Z] [INFO] Secret detection completed. Overall success: true 
[sast-scan] [2025-09-23T12:20:01.047Z] [INFO] Starting code coverage analysis for languages: nodejs
[sast-scan] [2025-09-23T12:20:01.053Z] [INFO] Code coverage analysis: SUCCESS 
[sast-scan] [2025-09-23T12:20:01.053Z] [INFO] === CODE COVERAGE RESULTS === 
[sast-scan] [2025-09-23T12:20:01.054Z] [INFO] Total files analyzed: 4 
[sast-scan] [2025-09-23T12:20:01.054Z] [INFO] Total lines of code: 313 
[sast-scan] [2025-09-23T12:20:01.054Z] [INFO] Average complexity: 1 
[sast-scan] [2025-09-23T12:20:01.055Z] [INFO] Code to total ratio: 91% 
[sast-scan] [2025-09-23T12:20:01.055Z] [INFO] Code coverage analysis completed. Overall success: true 
[summary] [2025-09-23T12:20:01.056Z] [INFO] PIPELINE EXECUTION SUMMARY 
[summary] [2025-09-23T12:20:01.056Z] [INFO] ================================================== 
[summary] [2025-09-23T12:20:01.057Z] [INFO] Execution started: 2025-09-23T12:19:39.389Z 
[summary] [2025-09-23T12:20:01.057Z] [INFO] Execution completed: 2025-09-23T12:20:01.057Z 
[summary] [2025-09-23T12:20:01.058Z] [INFO] Total duration: 21.67 seconds 
[summary] [2025-09-23T12:20:01.058Z] [INFO]  
[summary] [2025-09-23T12:20:01.058Z] [INFO] STAGE RESULTS: 
[summary] [2025-09-23T12:20:01.059Z] [INFO] Language Detection   ✅ PASS 
[summary] [2025-09-23T12:20:01.059Z] [INFO]   Languages detected: nodejs 
[summary] [2025-09-23T12:20:01.060Z] [INFO]   Primary language: nodejs 
[summary] [2025-09-23T12:20:01.060Z] [INFO] Dependency Check     ✅ PASS 
[summary] [2025-09-23T12:20:01.061Z] [INFO]   nodejs: SUCCESS 
[summary] [2025-09-23T12:20:01.061Z] [INFO] Code Quality         ❌ FAIL 
[summary] [2025-09-23T12:20:01.062Z] [INFO]   nodejs: FAILED 
[summary] [2025-09-23T12:20:01.062Z] [INFO] NPM Version Scan     ❌ FAIL 
[summary] [2025-09-23T12:20:01.062Z] [INFO]   nodejs: FAILED 
[summary] [2025-09-23T12:20:01.063Z] [INFO] Secret Detection     ✅ PASS 
[summary] [2025-09-23T12:20:01.063Z] [INFO]   secretScan: SUCCESS 
[summary] [2025-09-23T12:20:01.064Z] [INFO] SAST Scan            ✅ PASS 
[summary] [2025-09-23T12:20:01.064Z] [INFO]   coverage: SUCCESS 
[summary] [2025-09-23T12:20:01.065Z] [ERROR]  
[summary] [2025-09-23T12:20:01.065Z] [ERROR] ❌ PIPELINE FAILED: Please review the issues above. 
[summary] [2025-09-23T12:20:01.065Z] [INFO]  
[summary] [2025-09-23T12:20:01.066Z] [INFO] FINAL STATUS: FAILED 
[summary] [2025-09-23T12:20:01.066Z] [INFO] Log files location: C:\Users\hsjagad\CascadeProjects\windsurf-cicd-pipeline-pre-commit\React_demo-master\windsurf-pipeline\logs\run-2025-09-23T12-19-39-390Z 
[language-detection] [2025-09-23T12:30:38.636Z] [INFO] Starting language detection process 
[language-detection] [2025-09-23T12:30:38.637Z] [INFO] Detected Node.js via package.json in root 
[language-detection] [2025-09-23T12:30:38.638Z] [INFO] Final results: 1 languages detected 
[language-detection] [2025-09-23T12:30:38.638Z] [INFO] Languages: nodejs 
[language-detection] [2025-09-23T12:30:38.638Z] [INFO] Primary language: nodejs 
[language-detection] [2025-09-23T12:30:38.639Z] [INFO] Detection files: package.json 
[dependency-check] [2025-09-23T12:30:38.641Z] [INFO] Starting dependency check for languages: nodejs
[dependency-check] [2025-09-23T12:30:38.641Z] [INFO] Checking nodejs dependencies 
[dependency-check] [2025-09-23T12:30:42.413Z] [INFO] nodejs dependency check: SUCCESS 
[dependency-check] [2025-09-23T12:30:42.414Z] [INFO] Dependency check completed. Overall success: true 
[code-quality] [2025-09-23T12:30:42.416Z] [INFO] Starting code quality checks for languages: nodejs
[code-quality] [2025-09-23T12:30:42.417Z] [INFO] Running nodejs code quality checks 
[code-quality] [2025-09-23T12:30:53.457Z] [ERROR] nodejs code quality: FAILED 
[code-quality] [2025-09-23T12:30:53.457Z] [ERROR] === NODEJS CODE QUALITY FAILURE DETAILS === 
[code-quality] [2025-09-23T12:30:53.457Z] [ERROR] ESLINT FAILED: 
[code-quality] [2025-09-23T12:30:53.458Z] [ERROR] Output: 
C:\Users\hsjagad\CascadeProjects\windsurf-cicd-pipeline-pre-commit\React_demo-master\windsurf-pipeline\local-pipeline\auto-start-service.js
   21:5  error  Unexpected console statement  no-console
   25:7  error  Unexpected console statement  no-console
   44:5  error  Unexpected console statement  no-console
   63:7  error  Unexpected console statement  no-console
   68:7  error  Unexpected console statement  no-console
   73:5  error  Unexpected console statement  no-console
   88:5  error  Unexpected console statement  no-console
  104:7  error  Unexpected console statement  no-console
  110:7  error  Unexpected console statement  no-console
  121:7  error  Unexpected console statement  no-console
  132:5  error  Unexpected console statement  no-console

C:\Users\hsjagad\CascadeProjects\windsurf-cicd-pipeline-pre-commit\React_demo-master\windsurf-pipeline\local-pipeline\cleanup-locks.js
  29:5   error  Unexpected console statement  no-console
  32:9   error  Unexpected console statement  no-console
  41:9   error  Unexpected console statement  no-console
  42:9   error  Unexpected console statement  no-console
  43:9   error  Unexpected console statement  no-console
  46:13  error  Unexpected console statement  no-console
  48:13  error  Unexpected console statement  no-console
  50:13  error  Unexpected console statement  no-console
  53:9   error  Unexpected console statement  no-console
  55:9   error  Unexpected console statement  no-console

C:\Users\hsjagad\CascadeProjects\windsurf-cicd-pipeline-pre-commit\React_demo-master\windsurf-pipeline\local-pipeline\code-review-assistant.js
   37:9   error    Unexpected console statement                no-console
   38:9   error    Unexpected console statement                no-console
  128:13  error    Unexpected console statement                no-console
  196:9   warning  Expected a default case                     default-case
  288:30  error    'fixes' is assigned a value but never used  no-unused-vars
  299:9   error    Unexpected console statement                no-console
  300:9   error    Unexpected console statement                no-console
  303:13  error    Unexpected console statement                no-console
  308:13  error    Unexpected console statement                no-console
  311:17  error    Unexpected console statement                no-console
  313:21  error    Unexpected console statement                no-console
  318:9   error    Unexpected console statement                no-console
  319:9   error    Unexpected console statement                no-console
  327:17  error    Unexpected console statement                no-console
  360:9   error    Unexpected console statement                no-console
  361:9   error    Unexpected console statement                no-console
  368:17  error    Unexpected console statement                no-console
  369:17  error    Unexpected console statement                no-console
  372:21  error    Unexpected console statement                no-console
  373:21  error    Unexpected console statement                no-console
  374:21  error    Unexpected console statement                no-console
  377:25  error    Unexpected console statement                no-console
  378:25  error    Unexpected console statement                no-console
  392:13  error    Unexpected console statement                no-console
  397:9   error    Unexpected console statement                no-console
  398:9   error    Unexpected console statement                no-console
  412:25  error    Unexpected console statement                no-console
  417:25  error    Unexpected console statement                no-console
  420:21  error    Unexpected console statement                no-console
  427:9   error    Unexpected console statement                no-console
  428:9   error    Unexpected console statement                no-console
  429:9   error    Unexpected console statement                no-console
  430:9   error    Unexpected console statement                no-console
  431:9   error    Unexpected console statement                no-console
  432:9   error    Unexpected console statement                no-console
  433:9   error    Unexpected console statement                no-console
  434:9   error    Unexpected console statement                no-console
  435:9   error    Unexpected console statement                no-console
  436:9   error    Unexpected console statement                no-console
  437:9   error    Unexpected console statement                no-console
  438:9   error    Unexpected console statement                no-console
  439:9   error    Unexpected console statement                no-console
  440:9   error    Unexpected console statement                no-console
  444:9   error    Unexpected console statement                no-console
  461:13  error    Unexpected console statement                no-console
  465:9   error    Unexpected console statement                no-console
  467:13  error    Unexpected console statement                no-console
  469:17  error    Unexpected console statement                no-console
  530:13  error    Unexpected console statement                no-console
  532:13  error    Unexpected console statement                no-console
  543:9   error    Unexpected console statement                no-console
  551:9   error    Unexpected console statement                no-console

C:\Users\hsjagad\CascadeProjects\windsurf-cicd-pipeline-pre-commit\React_demo-master\windsurf-pipeline\local-pipeline\code-review-generator.js
  51:15  error  'stageResults' is assigned a value but never used  no-unused-vars

C:\Users\hsjagad\CascadeProjects\windsurf-cicd-pipeline-pre-commit\React_demo-master\windsurf-pipeline\local-pipeline\file-watcher.js
  160:13  error  Unexpected console statement  no-console
  367:9   error  Unexpected console statement  no-console

C:\Users\hsjagad\CascadeProjects\windsurf-cicd-pipeline-pre-commit\React_demo-master\windsurf-pipeline\local-pipeline\notifications.js
   76:9   error  Unexpected console statement  no-console
   77:9   error  Unexpected console statement  no-console
   78:9   error  Unexpected console statement  no-console
   79:9   error  Unexpected console statement  no-console
   80:9   error  Unexpected console statement  no-console
   98:13  error  Unexpected console statement  no-console
  157:17  error  Unexpected console statement  no-console
  162:21  error  Unexpected console statement  no-console
  164:21  error  Unexpected console statement  no-console

C:\Users\hsjagad\CascadeProjects\windsurf-cicd-pipeline-pre-commit\React_demo-master\windsurf-pipeline\local-pipeline\run-pipeline.js
    10:9    error    'spawn' is assigned a value but never used          no-unused-vars
    89:13   error    Unexpected console statement                        no-console
   113:13   error    Unexpected console statement                        no-console
   270:17   warning  Expected a default case                             default-case
   392:15   error    'safetyInstall' is assigned a value but never used  no-unused-vars
   445:17   warning  Expected a default case                             default-case
   969:15   error    'workingDir' is assigned a value but never used     no-unused-vars
  1092:190  warning  Unnecessary escape character: \.                    no-useless-escape
  1521:13   error    Unexpected console statement                        no-console
  1534:9    error    Unexpected console statement                        no-console

C:\Users\hsjagad\CascadeProjects\windsurf-cicd-pipeline-pre-commit\React_demo-master\windsurf-pipeline\local-pipeline\startup.js
  16:3  error  Unexpected console statement  no-console
  21:1  error  Unexpected console statement  no-console
  39:1  error  Unexpected console statement  no-console
  40:1  error  Unexpected console statement  no-console

C:\Users\hsjagad\CascadeProjects\windsurf-cicd-pipeline-pre-commit\React_demo-master\windsurf-pipeline\local-pipeline\status-indicator.js
  47:13  error  Unexpected console statement  no-console

✖ 100 problems (96 errors, 4 warnings)

 
[code-quality] [2025-09-23T12:30:53.474Z] [ERROR] Error Message: Command failed: npx eslint . --ext .js,.jsx,.ts,.tsx --no-error-on-unmatched-pattern
 
[code-quality] [2025-09-23T12:30:53.474Z] [ERROR] PRETTIER FAILED: 
[code-quality] [2025-09-23T12:30:53.474Z] [ERROR] Output: Checking formatting...
 
[code-quality] [2025-09-23T12:30:53.475Z] [ERROR] Error: [[33mwarn[39m] .eslintrc.js
[[33mwarn[39m] .prettierrc.json
[[33mwarn[39m] .vscode/settings.json
[[33mwarn[39m] ESLINT_NO_CONSOLE_SETUP.md
[[33mwarn[39m] package-lock.json
[[33mwarn[39m] package.json
[[33mwarn[39m] public/index.html
[[33mwarn[39m] README.md
[[33mwarn[39m] src/App.js
[[33mwarn[39m] src/components/Dashboard.js
[[33mwarn[39m] src/components/TestConsole.js
[[33mwarn[39m] Code style issues found in 11 files. Run Prettier with --write to fix.
 
[code-quality] [2025-09-23T12:30:53.475Z] [ERROR] Error Message: Command failed: npx prettier --check . --ignore-unknown
[[33mwarn[39m] .eslintrc.js
[[33mwarn[39m] .prettierrc.json
[[33mwarn[39m] .vscode/settings.json
[[33mwarn[39m] ESLINT_NO_CONSOLE_SETUP.md
[[33mwarn[39m] package-lock.json
[[33mwarn[39m] package.json
[[33mwarn[39m] public/index.html
[[33mwarn[39m] README.md
[[33mwarn[39m] src/App.js
[[33mwarn[39m] src/components/Dashboard.js
[[33mwarn[39m] src/components/TestConsole.js
[[33mwarn[39m] Code style issues found in 11 files. Run Prettier with --write to fix.
 
[code-quality] [2025-09-23T12:30:53.475Z] [ERROR] SYNTAX FAILED: 
[code-quality] [2025-09-23T12:30:53.475Z] [INFO] Code quality checks completed. Overall success: false 
[npm-version-scan] [2025-09-23T12:30:53.478Z] [INFO] Starting npm version vulnerability scan 
[npm-version-scan] [2025-09-23T12:30:59.547Z] [ERROR] npm version scan: FAILED 
[npm-version-scan] [2025-09-23T12:30:59.547Z] [ERROR] === NPM VERSION SCAN FAILURE DETAILS === 
[npm-version-scan] [2025-09-23T12:30:59.548Z] [WARN] Outdated package: @mui/icons-material (current: 5.18.0, wanted: 5.18.0, latest: 7.3.2) 
[npm-version-scan] [2025-09-23T12:30:59.548Z] [WARN] Outdated package: @mui/material (current: 5.18.0, wanted: 5.18.0, latest: 7.3.2) 
[npm-version-scan] [2025-09-23T12:30:59.548Z] [WARN] Outdated package: husky (current: 8.0.3, wanted: 8.0.3, latest: 9.1.7) 
[npm-version-scan] [2025-09-23T12:30:59.549Z] [WARN] Outdated package: lint-staged (current: 15.5.2, wanted: 15.5.2, latest: 16.2.0) 
[npm-version-scan] [2025-09-23T12:30:59.550Z] [WARN] Outdated package: react (current: 18.3.1, wanted: 18.3.1, latest: 19.1.1) 
[npm-version-scan] [2025-09-23T12:30:59.550Z] [WARN] Outdated package: react-dom (current: 18.3.1, wanted: 18.3.1, latest: 19.1.1) 
[npm-version-scan] [2025-09-23T12:30:59.551Z] [ERROR] Vulnerable package: @svgr/plugin-svgo 
[npm-version-scan] [2025-09-23T12:30:59.551Z] [ERROR] Vulnerable package: @svgr/webpack 
[npm-version-scan] [2025-09-23T12:30:59.551Z] [ERROR] Vulnerable package: css-select 
[npm-version-scan] [2025-09-23T12:30:59.552Z] [ERROR] Vulnerable package: nth-check 
[npm-version-scan] [2025-09-23T12:30:59.552Z] [ERROR] Vulnerable package: postcss 
[npm-version-scan] [2025-09-23T12:30:59.552Z] [ERROR] Vulnerable package: react-scripts 
[npm-version-scan] [2025-09-23T12:30:59.553Z] [ERROR] Vulnerable package: resolve-url-loader 
[npm-version-scan] [2025-09-23T12:30:59.553Z] [ERROR] Vulnerable package: svgo 
[npm-version-scan] [2025-09-23T12:30:59.553Z] [ERROR] Vulnerable package: webpack-dev-server 
[npm-version-scan] [2025-09-23T12:30:59.554Z] [INFO] npm version scan completed. Overall success: false 
[secret-detection] [2025-09-23T12:30:59.556Z] [INFO] Starting secret detection scan 
[secret-detection] [2025-09-23T12:30:59.578Z] [INFO] Secret detection: NO SECRETS FOUND 
[secret-detection] [2025-09-23T12:30:59.578Z] [INFO] Secret detection completed. Overall success: true 
[sast-scan] [2025-09-23T12:30:59.579Z] [INFO] Starting code coverage analysis for languages: nodejs
[sast-scan] [2025-09-23T12:30:59.585Z] [INFO] Code coverage analysis: SUCCESS 
[sast-scan] [2025-09-23T12:30:59.585Z] [INFO] === CODE COVERAGE RESULTS === 
[sast-scan] [2025-09-23T12:30:59.586Z] [INFO] Total files analyzed: 4 
[sast-scan] [2025-09-23T12:30:59.586Z] [INFO] Total lines of code: 313 
[sast-scan] [2025-09-23T12:30:59.586Z] [INFO] Average complexity: 1 
[sast-scan] [2025-09-23T12:30:59.586Z] [INFO] Code to total ratio: 91% 
[sast-scan] [2025-09-23T12:30:59.587Z] [INFO] Code coverage analysis completed. Overall success: true 
[summary] [2025-09-23T12:30:59.588Z] [INFO] PIPELINE EXECUTION SUMMARY 
[summary] [2025-09-23T12:30:59.588Z] [INFO] ================================================== 
[summary] [2025-09-23T12:30:59.589Z] [INFO] Execution started: 2025-09-23T12:30:38.596Z 
[summary] [2025-09-23T12:30:59.589Z] [INFO] Execution completed: 2025-09-23T12:30:59.589Z 
[summary] [2025-09-23T12:30:59.589Z] [INFO] Total duration: 20.99 seconds 
[summary] [2025-09-23T12:30:59.589Z] [INFO]  
[summary] [2025-09-23T12:30:59.589Z] [INFO] STAGE RESULTS: 
[summary] [2025-09-23T12:30:59.590Z] [INFO] Language Detection   ✅ PASS 
[summary] [2025-09-23T12:30:59.590Z] [INFO]   Languages detected: nodejs 
[summary] [2025-09-23T12:30:59.591Z] [INFO]   Primary language: nodejs 
[summary] [2025-09-23T12:30:59.591Z] [INFO] Dependency Check     ✅ PASS 
[summary] [2025-09-23T12:30:59.592Z] [INFO]   nodejs: SUCCESS 
[summary] [2025-09-23T12:30:59.592Z] [INFO] Code Quality         ❌ FAIL 
[summary] [2025-09-23T12:30:59.592Z] [INFO]   nodejs: FAILED 
[summary] [2025-09-23T12:30:59.593Z] [INFO] NPM Version Scan     ❌ FAIL 
[summary] [2025-09-23T12:30:59.593Z] [INFO]   nodejs: FAILED 
[summary] [2025-09-23T12:30:59.593Z] [INFO] Secret Detection     ✅ PASS 
[summary] [2025-09-23T12:30:59.594Z] [INFO]   secretScan: SUCCESS 
[summary] [2025-09-23T12:30:59.594Z] [INFO] SAST Scan            ✅ PASS 
[summary] [2025-09-23T12:30:59.594Z] [INFO]   coverage: SUCCESS 
[summary] [2025-09-23T12:30:59.595Z] [ERROR]  
[summary] [2025-09-23T12:30:59.595Z] [ERROR] ❌ PIPELINE FAILED: Please review the issues above. 
[summary] [2025-09-23T12:30:59.595Z] [INFO]  
[summary] [2025-09-23T12:30:59.596Z] [INFO] FINAL STATUS: FAILED 
[summary] [2025-09-23T12:30:59.596Z] [INFO] Log files location: C:\Users\hsjagad\CascadeProjects\windsurf-cicd-pipeline-pre-commit\React_demo-master\windsurf-pipeline\logs\run-2025-09-23T12-30-38-596Z 
[language-detection] [2025-09-23T13:31:30.528Z] [INFO] Starting language detection process 
[language-detection] [2025-09-23T13:31:30.529Z] [INFO] Detected Node.js via package.json in root 
[language-detection] [2025-09-23T13:31:30.531Z] [INFO] Final results: 1 languages detected 
[language-detection] [2025-09-23T13:31:30.531Z] [INFO] Languages: nodejs 
[language-detection] [2025-09-23T13:31:30.532Z] [INFO] Primary language: nodejs 
[language-detection] [2025-09-23T13:31:30.532Z] [INFO] Detection files: package.json 
[dependency-check] [2025-09-23T13:31:30.536Z] [INFO] Starting dependency check for languages: nodejs
[dependency-check] [2025-09-23T13:31:30.537Z] [INFO] Checking nodejs dependencies 
[dependency-check] [2025-09-23T13:31:36.509Z] [INFO] nodejs dependency check: SUCCESS 
[dependency-check] [2025-09-23T13:31:36.510Z] [INFO] Dependency check completed. Overall success: true 
[code-quality] [2025-09-23T13:31:36.513Z] [INFO] Starting code quality checks for languages: nodejs
[code-quality] [2025-09-23T13:31:36.514Z] [INFO] Running nodejs code quality checks 
[code-quality] [2025-09-23T13:31:54.790Z] [ERROR] nodejs code quality: FAILED 
[code-quality] [2025-09-23T13:31:54.791Z] [ERROR] === NODEJS CODE QUALITY FAILURE DETAILS === 
[code-quality] [2025-09-23T13:31:54.792Z] [ERROR] ESLINT FAILED: 
[code-quality] [2025-09-23T13:31:54.793Z] [ERROR] Output: 
C:\Users\hsjagad\CascadeProjects\windsurf-cicd-pipeline-pre-commit\React_demo-master\windsurf-pipeline\local-pipeline\auto-start-service.js
   21:5  error  Unexpected console statement  no-console
   25:7  error  Unexpected console statement  no-console
   44:5  error  Unexpected console statement  no-console
   63:7  error  Unexpected console statement  no-console
   68:7  error  Unexpected console statement  no-console
   73:5  error  Unexpected console statement  no-console
   88:5  error  Unexpected console statement  no-console
  104:7  error  Unexpected console statement  no-console
  110:7  error  Unexpected console statement  no-console
  121:7  error  Unexpected console statement  no-console
  132:5  error  Unexpected console statement  no-console

C:\Users\hsjagad\CascadeProjects\windsurf-cicd-pipeline-pre-commit\React_demo-master\windsurf-pipeline\local-pipeline\cleanup-locks.js
  29:5   error  Unexpected console statement  no-console
  32:9   error  Unexpected console statement  no-console
  41:9   error  Unexpected console statement  no-console
  42:9   error  Unexpected console statement  no-console
  43:9   error  Unexpected console statement  no-console
  46:13  error  Unexpected console statement  no-console
  48:13  error  Unexpected console statement  no-console
  50:13  error  Unexpected console statement  no-console
  53:9   error  Unexpected console statement  no-console
  55:9   error  Unexpected console statement  no-console

C:\Users\hsjagad\CascadeProjects\windsurf-cicd-pipeline-pre-commit\React_demo-master\windsurf-pipeline\local-pipeline\code-review-assistant.js
   37:9   error    Unexpected console statement                no-console
   38:9   error    Unexpected console statement                no-console
  128:13  error    Unexpected console statement                no-console
  196:9   warning  Expected a default case                     default-case
  288:30  error    'fixes' is assigned a value but never used  no-unused-vars
  299:9   error    Unexpected console statement                no-console
  300:9   error    Unexpected console statement                no-console
  303:13  error    Unexpected console statement                no-console
  308:13  error    Unexpected console statement                no-console
  311:17  error    Unexpected console statement                no-console
  313:21  error    Unexpected console statement                no-console
  318:9   error    Unexpected console statement                no-console
  319:9   error    Unexpected console statement                no-console
  327:17  error    Unexpected console statement                no-console
  360:9   error    Unexpected console statement                no-console
  361:9   error    Unexpected console statement                no-console
  368:17  error    Unexpected console statement                no-console
  369:17  error    Unexpected console statement                no-console
  372:21  error    Unexpected console statement                no-console
  373:21  error    Unexpected console statement                no-console
  374:21  error    Unexpected console statement                no-console
  377:25  error    Unexpected console statement                no-console
  378:25  error    Unexpected console statement                no-console
  392:13  error    Unexpected console statement                no-console
  397:9   error    Unexpected console statement                no-console
  398:9   error    Unexpected console statement                no-console
  412:25  error    Unexpected console statement                no-console
  417:25  error    Unexpected console statement                no-console
  420:21  error    Unexpected console statement                no-console
  427:9   error    Unexpected console statement                no-console
  428:9   error    Unexpected console statement                no-console
  429:9   error    Unexpected console statement                no-console
  430:9   error    Unexpected console statement                no-console
  431:9   error    Unexpected console statement                no-console
  432:9   error    Unexpected console statement                no-console
  433:9   error    Unexpected console statement                no-console
  434:9   error    Unexpected console statement                no-console
  435:9   error    Unexpected console statement                no-console
  436:9   error    Unexpected console statement                no-console
  437:9   error    Unexpected console statement                no-console
  438:9   error    Unexpected console statement                no-console
  439:9   error    Unexpected console statement                no-console
  440:9   error    Unexpected console statement                no-console
  444:9   error    Unexpected console statement                no-console
  461:13  error    Unexpected console statement                no-console
  465:9   error    Unexpected console statement                no-console
  467:13  error    Unexpected console statement                no-console
  469:17  error    Unexpected console statement                no-console
  530:13  error    Unexpected console statement                no-console
  532:13  error    Unexpected console statement                no-console
  543:9   error    Unexpected console statement                no-console
  551:9   error    Unexpected console statement                no-console

C:\Users\hsjagad\CascadeProjects\windsurf-cicd-pipeline-pre-commit\React_demo-master\windsurf-pipeline\local-pipeline\code-review-generator.js
  51:15  error  'stageResults' is assigned a value but never used  no-unused-vars

C:\Users\hsjagad\CascadeProjects\windsurf-cicd-pipeline-pre-commit\React_demo-master\windsurf-pipeline\local-pipeline\file-watcher.js
  160:13  error  Unexpected console statement  no-console
  367:9   error  Unexpected console statement  no-console

C:\Users\hsjagad\CascadeProjects\windsurf-cicd-pipeline-pre-commit\React_demo-master\windsurf-pipeline\local-pipeline\notifications.js
   76:9   error  Unexpected console statement  no-console
   77:9   error  Unexpected console statement  no-console
   78:9   error  Unexpected console statement  no-console
   79:9   error  Unexpected console statement  no-console
   80:9   error  Unexpected console statement  no-console
   98:13  error  Unexpected console statement  no-console
  157:17  error  Unexpected console statement  no-console
  162:21  error  Unexpected console statement  no-console
  164:21  error  Unexpected console statement  no-console

C:\Users\hsjagad\CascadeProjects\windsurf-cicd-pipeline-pre-commit\React_demo-master\windsurf-pipeline\local-pipeline\run-pipeline.js
    10:9    error    'spawn' is assigned a value but never used          no-unused-vars
    89:13   error    Unexpected console statement                        no-console
   113:13   error    Unexpected console statement                        no-console
   270:17   warning  Expected a default case                             default-case
   392:15   error    'safetyInstall' is assigned a value but never used  no-unused-vars
   445:17   warning  Expected a default case                             default-case
   969:15   error    'workingDir' is assigned a value but never used     no-unused-vars
  1092:190  warning  Unnecessary escape character: \.                    no-useless-escape
  1521:13   error    Unexpected console statement                        no-console
  1534:9    error    Unexpected console statement                        no-console

C:\Users\hsjagad\CascadeProjects\windsurf-cicd-pipeline-pre-commit\React_demo-master\windsurf-pipeline\local-pipeline\startup.js
  16:3  error  Unexpected console statement  no-console
  21:1  error  Unexpected console statement  no-console
  39:1  error  Unexpected console statement  no-console
  40:1  error  Unexpected console statement  no-console

C:\Users\hsjagad\CascadeProjects\windsurf-cicd-pipeline-pre-commit\React_demo-master\windsurf-pipeline\local-pipeline\status-indicator.js
  47:13  error  Unexpected console statement  no-console

✖ 100 problems (96 errors, 4 warnings)

 
[code-quality] [2025-09-23T13:31:54.794Z] [ERROR] Error Message: Command failed: npx eslint . --ext .js,.jsx,.ts,.tsx --no-error-on-unmatched-pattern
 
[code-quality] [2025-09-23T13:31:54.795Z] [ERROR] PRETTIER FAILED: 
[code-quality] [2025-09-23T13:31:54.796Z] [ERROR] Output: Checking formatting...
 
[code-quality] [2025-09-23T13:31:54.797Z] [ERROR] Error: [[33mwarn[39m] .eslintrc.js
[[33mwarn[39m] .prettierrc.json
[[33mwarn[39m] .vscode/settings.json
[[33mwarn[39m] ESLINT_NO_CONSOLE_SETUP.md
[[33mwarn[39m] package-lock.json
[[33mwarn[39m] package.json
[[33mwarn[39m] public/index.html
[[33mwarn[39m] README.md
[[33mwarn[39m] src/App.js
[[33mwarn[39m] src/components/Dashboard.js
[[33mwarn[39m] src/components/TestConsole.js
[[33mwarn[39m] Code style issues found in 11 files. Run Prettier with --write to fix.
 
[code-quality] [2025-09-23T13:31:54.797Z] [ERROR] Error Message: Command failed: npx prettier --check . --ignore-unknown
[[33mwarn[39m] .eslintrc.js
[[33mwarn[39m] .prettierrc.json
[[33mwarn[39m] .vscode/settings.json
[[33mwarn[39m] ESLINT_NO_CONSOLE_SETUP.md
[[33mwarn[39m] package-lock.json
[[33mwarn[39m] package.json
[[33mwarn[39m] public/index.html
[[33mwarn[39m] README.md
[[33mwarn[39m] src/App.js
[[33mwarn[39m] src/components/Dashboard.js
[[33mwarn[39m] src/components/TestConsole.js
[[33mwarn[39m] Code style issues found in 11 files. Run Prettier with --write to fix.
 
[code-quality] [2025-09-23T13:31:54.800Z] [ERROR] SYNTAX FAILED: 
[code-quality] [2025-09-23T13:31:54.801Z] [INFO] Code quality checks completed. Overall success: false 
[npm-version-scan] [2025-09-23T13:31:54.805Z] [INFO] Starting npm version vulnerability scan 
[npm-version-scan] [2025-09-23T13:32:04.161Z] [ERROR] npm version scan: FAILED 
[npm-version-scan] [2025-09-23T13:32:04.162Z] [ERROR] === NPM VERSION SCAN FAILURE DETAILS === 
[npm-version-scan] [2025-09-23T13:32:04.163Z] [WARN] Outdated package: @mui/icons-material (current: 5.18.0, wanted: 5.18.0, latest: 7.3.2) 
[npm-version-scan] [2025-09-23T13:32:04.163Z] [WARN] Outdated package: @mui/material (current: 5.18.0, wanted: 5.18.0, latest: 7.3.2) 
[npm-version-scan] [2025-09-23T13:32:04.164Z] [WARN] Outdated package: husky (current: 8.0.3, wanted: 8.0.3, latest: 9.1.7) 
[npm-version-scan] [2025-09-23T13:32:04.177Z] [WARN] Outdated package: lint-staged (current: 15.5.2, wanted: 15.5.2, latest: 16.2.0) 
[npm-version-scan] [2025-09-23T13:32:04.178Z] [WARN] Outdated package: react (current: 18.3.1, wanted: 18.3.1, latest: 19.1.1) 
[npm-version-scan] [2025-09-23T13:32:04.178Z] [WARN] Outdated package: react-dom (current: 18.3.1, wanted: 18.3.1, latest: 19.1.1) 
[npm-version-scan] [2025-09-23T13:32:04.179Z] [ERROR] Vulnerable package: @svgr/plugin-svgo 
[npm-version-scan] [2025-09-23T13:32:04.179Z] [ERROR] Vulnerable package: @svgr/webpack 
[npm-version-scan] [2025-09-23T13:32:04.180Z] [ERROR] Vulnerable package: css-select 
[npm-version-scan] [2025-09-23T13:32:04.180Z] [ERROR] Vulnerable package: nth-check 
[npm-version-scan] [2025-09-23T13:32:04.181Z] [ERROR] Vulnerable package: postcss 
[npm-version-scan] [2025-09-23T13:32:04.181Z] [ERROR] Vulnerable package: react-scripts 
[npm-version-scan] [2025-09-23T13:32:04.181Z] [ERROR] Vulnerable package: resolve-url-loader 
[npm-version-scan] [2025-09-23T13:32:04.182Z] [ERROR] Vulnerable package: svgo 
[npm-version-scan] [2025-09-23T13:32:04.182Z] [ERROR] Vulnerable package: webpack-dev-server 
[npm-version-scan] [2025-09-23T13:32:04.183Z] [INFO] npm version scan completed. Overall success: false 
[secret-detection] [2025-09-23T13:32:04.187Z] [INFO] Starting secret detection scan 
[secret-detection] [2025-09-23T13:32:04.235Z] [INFO] Secret detection: NO SECRETS FOUND 
[secret-detection] [2025-09-23T13:32:04.236Z] [INFO] Secret detection completed. Overall success: true 
[sast-scan] [2025-09-23T13:32:04.241Z] [INFO] Starting code coverage analysis for languages: nodejs
[sast-scan] [2025-09-23T13:32:04.256Z] [INFO] Code coverage analysis: SUCCESS 
[sast-scan] [2025-09-23T13:32:04.257Z] [INFO] === CODE COVERAGE RESULTS === 
[sast-scan] [2025-09-23T13:32:04.257Z] [INFO] Total files analyzed: 4 
[sast-scan] [2025-09-23T13:32:04.259Z] [INFO] Total lines of code: 313 
[sast-scan] [2025-09-23T13:32:04.260Z] [INFO] Average complexity: 1 
[sast-scan] [2025-09-23T13:32:04.261Z] [INFO] Code to total ratio: 91% 
[sast-scan] [2025-09-23T13:32:04.262Z] [INFO] Code coverage analysis completed. Overall success: true 
[summary] [2025-09-23T13:32:04.267Z] [INFO] PIPELINE EXECUTION SUMMARY 
[summary] [2025-09-23T13:32:04.268Z] [INFO] ================================================== 
[summary] [2025-09-23T13:32:04.269Z] [INFO] Execution started: 2025-09-23T13:31:30.435Z 
[summary] [2025-09-23T13:32:04.269Z] [INFO] Execution completed: 2025-09-23T13:32:04.269Z 
[summary] [2025-09-23T13:32:04.270Z] [INFO] Total duration: 33.83 seconds 
[summary] [2025-09-23T13:32:04.270Z] [INFO]  
[summary] [2025-09-23T13:32:04.272Z] [INFO] STAGE RESULTS: 
[summary] [2025-09-23T13:32:04.273Z] [INFO] Language Detection   ✅ PASS 
[summary] [2025-09-23T13:32:04.276Z] [INFO]   Languages detected: nodejs 
[summary] [2025-09-23T13:32:04.277Z] [INFO]   Primary language: nodejs 
[summary] [2025-09-23T13:32:04.281Z] [INFO] Dependency Check     ✅ PASS 
[summary] [2025-09-23T13:32:04.282Z] [INFO]   nodejs: SUCCESS 
[summary] [2025-09-23T13:32:04.283Z] [INFO] Code Quality         ❌ FAIL 
[summary] [2025-09-23T13:32:04.284Z] [INFO]   nodejs: FAILED 
[summary] [2025-09-23T13:32:04.287Z] [INFO] NPM Version Scan     ❌ FAIL 
[summary] [2025-09-23T13:32:04.288Z] [INFO]   nodejs: FAILED 
[summary] [2025-09-23T13:32:04.290Z] [INFO] Secret Detection     ✅ PASS 
[summary] [2025-09-23T13:32:04.291Z] [INFO]   secretScan: SUCCESS 
[summary] [2025-09-23T13:32:04.292Z] [INFO] SAST Scan            ✅ PASS 
[summary] [2025-09-23T13:32:04.292Z] [INFO]   coverage: SUCCESS 
[summary] [2025-09-23T13:32:04.298Z] [ERROR]  
[summary] [2025-09-23T13:32:04.299Z] [ERROR] ❌ PIPELINE FAILED: Please review the issues above. 
[summary] [2025-09-23T13:32:04.299Z] [INFO]  
[summary] [2025-09-23T13:32:04.299Z] [INFO] FINAL STATUS: FAILED 
[summary] [2025-09-23T13:32:04.300Z] [INFO] Log files location: C:\Users\hsjagad\CascadeProjects\windsurf-cicd-pipeline-pre-commit\React_demo-master\windsurf-pipeline\logs\run-2025-09-23T13-31-30-436Z 
[language-detection] [2025-09-23T13:33:51.326Z] [INFO] Starting language detection process 
[language-detection] [2025-09-23T13:33:51.327Z] [INFO] Detected Node.js via package.json in root 
[language-detection] [2025-09-23T13:33:51.329Z] [INFO] Final results: 1 languages detected 
[language-detection] [2025-09-23T13:33:51.329Z] [INFO] Languages: nodejs 
[language-detection] [2025-09-23T13:33:51.330Z] [INFO] Primary language: nodejs 
[language-detection] [2025-09-23T13:33:51.330Z] [INFO] Detection files: package.json 
[dependency-check] [2025-09-23T13:33:51.335Z] [INFO] Starting dependency check for languages: nodejs
[dependency-check] [2025-09-23T13:33:51.336Z] [INFO] Checking nodejs dependencies 
[dependency-check] [2025-09-23T13:33:55.754Z] [INFO] nodejs dependency check: SUCCESS 
[dependency-check] [2025-09-23T13:33:55.755Z] [INFO] Dependency check completed. Overall success: true 
[code-quality] [2025-09-23T13:33:55.757Z] [INFO] Starting code quality checks for languages: nodejs
[code-quality] [2025-09-23T13:33:55.758Z] [INFO] Running nodejs code quality checks 
[code-quality] [2025-09-23T13:34:10.510Z] [ERROR] nodejs code quality: FAILED 
[code-quality] [2025-09-23T13:34:10.511Z] [ERROR] === NODEJS CODE QUALITY FAILURE DETAILS === 
[code-quality] [2025-09-23T13:34:10.511Z] [ERROR] ESLINT FAILED: 
[code-quality] [2025-09-23T13:34:10.511Z] [ERROR] Output: 
C:\Users\hsjagad\CascadeProjects\windsurf-cicd-pipeline-pre-commit\React_demo-master\windsurf-pipeline\local-pipeline\auto-start-service.js
   21:5  error  Unexpected console statement  no-console
   25:7  error  Unexpected console statement  no-console
   44:5  error  Unexpected console statement  no-console
   63:7  error  Unexpected console statement  no-console
   68:7  error  Unexpected console statement  no-console
   73:5  error  Unexpected console statement  no-console
   88:5  error  Unexpected console statement  no-console
  104:7  error  Unexpected console statement  no-console
  110:7  error  Unexpected console statement  no-console
  121:7  error  Unexpected console statement  no-console
  132:5  error  Unexpected console statement  no-console

C:\Users\hsjagad\CascadeProjects\windsurf-cicd-pipeline-pre-commit\React_demo-master\windsurf-pipeline\local-pipeline\cleanup-locks.js
  29:5   error  Unexpected console statement  no-console
  32:9   error  Unexpected console statement  no-console
  41:9   error  Unexpected console statement  no-console
  42:9   error  Unexpected console statement  no-console
  43:9   error  Unexpected console statement  no-console
  46:13  error  Unexpected console statement  no-console
  48:13  error  Unexpected console statement  no-console
  50:13  error  Unexpected console statement  no-console
  53:9   error  Unexpected console statement  no-console
  55:9   error  Unexpected console statement  no-console

C:\Users\hsjagad\CascadeProjects\windsurf-cicd-pipeline-pre-commit\React_demo-master\windsurf-pipeline\local-pipeline\code-review-assistant.js
   37:9   error    Unexpected console statement                no-console
   38:9   error    Unexpected console statement                no-console
  128:13  error    Unexpected console statement                no-console
  196:9   warning  Expected a default case                     default-case
  288:30  error    'fixes' is assigned a value but never used  no-unused-vars
  299:9   error    Unexpected console statement                no-console
  300:9   error    Unexpected console statement                no-console
  303:13  error    Unexpected console statement                no-console
  308:13  error    Unexpected console statement                no-console
  311:17  error    Unexpected console statement                no-console
  313:21  error    Unexpected console statement                no-console
  318:9   error    Unexpected console statement                no-console
  319:9   error    Unexpected console statement                no-console
  327:17  error    Unexpected console statement                no-console
  360:9   error    Unexpected console statement                no-console
  361:9   error    Unexpected console statement                no-console
  368:17  error    Unexpected console statement                no-console
  369:17  error    Unexpected console statement                no-console
  372:21  error    Unexpected console statement                no-console
  373:21  error    Unexpected console statement                no-console
  374:21  error    Unexpected console statement                no-console
  377:25  error    Unexpected console statement                no-console
  378:25  error    Unexpected console statement                no-console
  392:13  error    Unexpected console statement                no-console
  397:9   error    Unexpected console statement                no-console
  398:9   error    Unexpected console statement                no-console
  412:25  error    Unexpected console statement                no-console
  417:25  error    Unexpected console statement                no-console
  420:21  error    Unexpected console statement                no-console
  427:9   error    Unexpected console statement                no-console
  428:9   error    Unexpected console statement                no-console
  429:9   error    Unexpected console statement                no-console
  430:9   error    Unexpected console statement                no-console
  431:9   error    Unexpected console statement                no-console
  432:9   error    Unexpected console statement                no-console
  433:9   error    Unexpected console statement                no-console
  434:9   error    Unexpected console statement                no-console
  435:9   error    Unexpected console statement                no-console
  436:9   error    Unexpected console statement                no-console
  437:9   error    Unexpected console statement                no-console
  438:9   error    Unexpected console statement                no-console
  439:9   error    Unexpected console statement                no-console
  440:9   error    Unexpected console statement                no-console
  444:9   error    Unexpected console statement                no-console
  461:13  error    Unexpected console statement                no-console
  465:9   error    Unexpected console statement                no-console
  467:13  error    Unexpected console statement                no-console
  469:17  error    Unexpected console statement                no-console
  530:13  error    Unexpected console statement                no-console
  532:13  error    Unexpected console statement                no-console
  543:9   error    Unexpected console statement                no-console
  551:9   error    Unexpected console statement                no-console

C:\Users\hsjagad\CascadeProjects\windsurf-cicd-pipeline-pre-commit\React_demo-master\windsurf-pipeline\local-pipeline\code-review-generator.js
  51:15  error  'stageResults' is assigned a value but never used  no-unused-vars

C:\Users\hsjagad\CascadeProjects\windsurf-cicd-pipeline-pre-commit\React_demo-master\windsurf-pipeline\local-pipeline\file-watcher.js
  160:13  error  Unexpected console statement  no-console
  367:9   error  Unexpected console statement  no-console

C:\Users\hsjagad\CascadeProjects\windsurf-cicd-pipeline-pre-commit\React_demo-master\windsurf-pipeline\local-pipeline\notifications.js
   76:9   error  Unexpected console statement  no-console
   77:9   error  Unexpected console statement  no-console
   78:9   error  Unexpected console statement  no-console
   79:9   error  Unexpected console statement  no-console
   80:9   error  Unexpected console statement  no-console
   98:13  error  Unexpected console statement  no-console
  157:17  error  Unexpected console statement  no-console
  162:21  error  Unexpected console statement  no-console
  164:21  error  Unexpected console statement  no-console

C:\Users\hsjagad\CascadeProjects\windsurf-cicd-pipeline-pre-commit\React_demo-master\windsurf-pipeline\local-pipeline\run-pipeline.js
    10:9    error    'spawn' is assigned a value but never used          no-unused-vars
    89:13   error    Unexpected console statement                        no-console
   113:13   error    Unexpected console statement                        no-console
   270:17   warning  Expected a default case                             default-case
   392:15   error    'safetyInstall' is assigned a value but never used  no-unused-vars
   445:17   warning  Expected a default case                             default-case
   969:15   error    'workingDir' is assigned a value but never used     no-unused-vars
  1092:190  warning  Unnecessary escape character: \.                    no-useless-escape
  1521:13   error    Unexpected console statement                        no-console
  1534:9    error    Unexpected console statement                        no-console

C:\Users\hsjagad\CascadeProjects\windsurf-cicd-pipeline-pre-commit\React_demo-master\windsurf-pipeline\local-pipeline\startup.js
  16:3  error  Unexpected console statement  no-console
  21:1  error  Unexpected console statement  no-console
  39:1  error  Unexpected console statement  no-console
  40:1  error  Unexpected console statement  no-console

C:\Users\hsjagad\CascadeProjects\windsurf-cicd-pipeline-pre-commit\React_demo-master\windsurf-pipeline\local-pipeline\status-indicator.js
  47:13  error  Unexpected console statement  no-console

✖ 100 problems (96 errors, 4 warnings)

 
[code-quality] [2025-09-23T13:34:10.524Z] [ERROR] Error Message: Command failed: npx eslint . --ext .js,.jsx,.ts,.tsx --no-error-on-unmatched-pattern
 
[code-quality] [2025-09-23T13:34:10.525Z] [ERROR] PRETTIER FAILED: 
[code-quality] [2025-09-23T13:34:10.525Z] [ERROR] Output: Checking formatting...
 
[code-quality] [2025-09-23T13:34:10.526Z] [ERROR] Error: [[33mwarn[39m] .eslintrc.js
[[33mwarn[39m] .prettierrc.json
[[33mwarn[39m] .vscode/settings.json
[[33mwarn[39m] ESLINT_NO_CONSOLE_SETUP.md
[[33mwarn[39m] package-lock.json
[[33mwarn[39m] package.json
[[33mwarn[39m] public/index.html
[[33mwarn[39m] README.md
[[33mwarn[39m] src/App.js
[[33mwarn[39m] src/components/Dashboard.js
[[33mwarn[39m] src/components/TestConsole.js
[[33mwarn[39m] Code style issues found in 11 files. Run Prettier with --write to fix.
 
[code-quality] [2025-09-23T13:34:10.526Z] [ERROR] Error Message: Command failed: npx prettier --check . --ignore-unknown
[[33mwarn[39m] .eslintrc.js
[[33mwarn[39m] .prettierrc.json
[[33mwarn[39m] .vscode/settings.json
[[33mwarn[39m] ESLINT_NO_CONSOLE_SETUP.md
[[33mwarn[39m] package-lock.json
[[33mwarn[39m] package.json
[[33mwarn[39m] public/index.html
[[33mwarn[39m] README.md
[[33mwarn[39m] src/App.js
[[33mwarn[39m] src/components/Dashboard.js
[[33mwarn[39m] src/components/TestConsole.js
[[33mwarn[39m] Code style issues found in 11 files. Run Prettier with --write to fix.
 
[code-quality] [2025-09-23T13:34:10.527Z] [ERROR] SYNTAX FAILED: 
[code-quality] [2025-09-23T13:34:10.527Z] [INFO] Code quality checks completed. Overall success: false 
[npm-version-scan] [2025-09-23T13:34:10.529Z] [INFO] Starting npm version vulnerability scan 
[npm-version-scan] [2025-09-23T13:34:18.948Z] [ERROR] npm version scan: FAILED 
[npm-version-scan] [2025-09-23T13:34:18.949Z] [ERROR] === NPM VERSION SCAN FAILURE DETAILS === 
[npm-version-scan] [2025-09-23T13:34:18.949Z] [WARN] Outdated package: @mui/icons-material (current: 5.18.0, wanted: 5.18.0, latest: 7.3.2) 
[npm-version-scan] [2025-09-23T13:34:18.950Z] [WARN] Outdated package: @mui/material (current: 5.18.0, wanted: 5.18.0, latest: 7.3.2) 
[npm-version-scan] [2025-09-23T13:34:18.950Z] [WARN] Outdated package: husky (current: 8.0.3, wanted: 8.0.3, latest: 9.1.7) 
[npm-version-scan] [2025-09-23T13:34:18.962Z] [WARN] Outdated package: lint-staged (current: 15.5.2, wanted: 15.5.2, latest: 16.2.0) 
[npm-version-scan] [2025-09-23T13:34:18.963Z] [WARN] Outdated package: react (current: 18.3.1, wanted: 18.3.1, latest: 19.1.1) 
[npm-version-scan] [2025-09-23T13:34:18.963Z] [WARN] Outdated package: react-dom (current: 18.3.1, wanted: 18.3.1, latest: 19.1.1) 
[npm-version-scan] [2025-09-23T13:34:18.963Z] [ERROR] Vulnerable package: @svgr/plugin-svgo 
[npm-version-scan] [2025-09-23T13:34:18.964Z] [ERROR] Vulnerable package: @svgr/webpack 
[npm-version-scan] [2025-09-23T13:34:18.964Z] [ERROR] Vulnerable package: css-select 
[npm-version-scan] [2025-09-23T13:34:18.964Z] [ERROR] Vulnerable package: nth-check 
[npm-version-scan] [2025-09-23T13:34:18.965Z] [ERROR] Vulnerable package: postcss 
[npm-version-scan] [2025-09-23T13:34:18.965Z] [ERROR] Vulnerable package: react-scripts 
[npm-version-scan] [2025-09-23T13:34:18.966Z] [ERROR] Vulnerable package: resolve-url-loader 
[npm-version-scan] [2025-09-23T13:34:18.966Z] [ERROR] Vulnerable package: svgo 
[npm-version-scan] [2025-09-23T13:34:18.967Z] [ERROR] Vulnerable package: webpack-dev-server 
[npm-version-scan] [2025-09-23T13:34:18.967Z] [INFO] npm version scan completed. Overall success: false 
[secret-detection] [2025-09-23T13:34:18.969Z] [INFO] Starting secret detection scan 
[secret-detection] [2025-09-23T13:34:19.000Z] [INFO] Secret detection: NO SECRETS FOUND 
[secret-detection] [2025-09-23T13:34:19.001Z] [INFO] Secret detection completed. Overall success: true 
[sast-scan] [2025-09-23T13:34:19.002Z] [INFO] Starting code coverage analysis for languages: nodejs
[sast-scan] [2025-09-23T13:34:19.009Z] [INFO] Code coverage analysis: SUCCESS 
[sast-scan] [2025-09-23T13:34:19.009Z] [INFO] === CODE COVERAGE RESULTS === 
[sast-scan] [2025-09-23T13:34:19.009Z] [INFO] Total files analyzed: 4 
[sast-scan] [2025-09-23T13:34:19.010Z] [INFO] Total lines of code: 313 
[sast-scan] [2025-09-23T13:34:19.010Z] [INFO] Average complexity: 1 
[sast-scan] [2025-09-23T13:34:19.010Z] [INFO] Code to total ratio: 91% 
[sast-scan] [2025-09-23T13:34:19.011Z] [INFO] Code coverage analysis completed. Overall success: true 
[summary] [2025-09-23T13:34:19.013Z] [INFO] PIPELINE EXECUTION SUMMARY 
[summary] [2025-09-23T13:34:19.013Z] [INFO] ================================================== 
[summary] [2025-09-23T13:34:19.014Z] [INFO] Execution started: 2025-09-23T13:33:51.258Z 
[summary] [2025-09-23T13:34:19.014Z] [INFO] Execution completed: 2025-09-23T13:34:19.014Z 
[summary] [2025-09-23T13:34:19.015Z] [INFO] Total duration: 27.75 seconds 
[summary] [2025-09-23T13:34:19.015Z] [INFO]  
[summary] [2025-09-23T13:34:19.015Z] [INFO] STAGE RESULTS: 
[summary] [2025-09-23T13:34:19.016Z] [INFO] Language Detection   ✅ PASS 
[summary] [2025-09-23T13:34:19.017Z] [INFO]   Languages detected: nodejs 
[summary] [2025-09-23T13:34:19.017Z] [INFO]   Primary language: nodejs 
[summary] [2025-09-23T13:34:19.018Z] [INFO] Dependency Check     ✅ PASS 
[summary] [2025-09-23T13:34:19.018Z] [INFO]   nodejs: SUCCESS 
[summary] [2025-09-23T13:34:19.019Z] [INFO] Code Quality         ❌ FAIL 
[summary] [2025-09-23T13:34:19.020Z] [INFO]   nodejs: FAILED 
[summary] [2025-09-23T13:34:19.020Z] [INFO] NPM Version Scan     ❌ FAIL 
[summary] [2025-09-23T13:34:19.021Z] [INFO]   nodejs: FAILED 
[summary] [2025-09-23T13:34:19.021Z] [INFO] Secret Detection     ✅ PASS 
[summary] [2025-09-23T13:34:19.022Z] [INFO]   secretScan: SUCCESS 
[summary] [2025-09-23T13:34:19.022Z] [INFO] SAST Scan            ✅ PASS 
[summary] [2025-09-23T13:34:19.023Z] [INFO]   coverage: SUCCESS 
[summary] [2025-09-23T13:34:19.023Z] [ERROR]  
[summary] [2025-09-23T13:34:19.024Z] [ERROR] ❌ PIPELINE FAILED: Please review the issues above. 
[summary] [2025-09-23T13:34:19.025Z] [INFO]  
[summary] [2025-09-23T13:34:19.025Z] [INFO] FINAL STATUS: FAILED 
[summary] [2025-09-23T13:34:19.025Z] [INFO] Log files location: C:\Users\hsjagad\CascadeProjects\windsurf-cicd-pipeline-pre-commit\React_demo-master\windsurf-pipeline\logs\run-2025-09-23T13-33-51-259Z 
[language-detection] [2025-09-24T13:24:34.322Z] [INFO] Starting language detection process 
[language-detection] [2025-09-24T13:24:34.324Z] [INFO] Detected Node.js via package.json in root 
[language-detection] [2025-09-24T13:24:34.326Z] [INFO] Final results: 1 languages detected 
[language-detection] [2025-09-24T13:24:34.326Z] [INFO] Languages: nodejs 
[language-detection] [2025-09-24T13:24:34.327Z] [INFO] Primary language: nodejs 
[language-detection] [2025-09-24T13:24:34.327Z] [INFO] Detection files: package.json 
[dependency-check] [2025-09-24T13:24:34.330Z] [INFO] Starting dependency check for languages: nodejs
[dependency-check] [2025-09-24T13:24:34.331Z] [INFO] Checking nodejs dependencies 
[dependency-check] [2025-09-24T13:24:38.044Z] [INFO] nodejs dependency check: SUCCESS 
[dependency-check] [2025-09-24T13:24:38.044Z] [INFO] Dependency check completed. Overall success: true 
[code-quality] [2025-09-24T13:24:38.047Z] [INFO] Starting code quality checks for languages: nodejs
[code-quality] [2025-09-24T13:24:38.047Z] [INFO] Running nodejs code quality checks 
[code-quality] [2025-09-24T13:24:53.931Z] [ERROR] nodejs code quality: FAILED 
[code-quality] [2025-09-24T13:24:53.932Z] [ERROR] === NODEJS CODE QUALITY FAILURE DETAILS === 
[code-quality] [2025-09-24T13:24:53.932Z] [ERROR] ESLINT FAILED: 
[code-quality] [2025-09-24T13:24:53.932Z] [ERROR] Output: 
C:\Users\hsjagad\CascadeProjects\windsurf-cicd-pipeline-pre-commit\React_demo-master\windsurf-pipeline\local-pipeline\auto-start-service.js
   21:5  error  Unexpected console statement  no-console
   25:7  error  Unexpected console statement  no-console
   44:5  error  Unexpected console statement  no-console
   63:7  error  Unexpected console statement  no-console
   68:7  error  Unexpected console statement  no-console
   73:5  error  Unexpected console statement  no-console
   88:5  error  Unexpected console statement  no-console
  104:7  error  Unexpected console statement  no-console
  110:7  error  Unexpected console statement  no-console
  121:7  error  Unexpected console statement  no-console
  132:5  error  Unexpected console statement  no-console

C:\Users\hsjagad\CascadeProjects\windsurf-cicd-pipeline-pre-commit\React_demo-master\windsurf-pipeline\local-pipeline\cleanup-locks.js
  29:5   error  Unexpected console statement  no-console
  32:9   error  Unexpected console statement  no-console
  41:9   error  Unexpected console statement  no-console
  42:9   error  Unexpected console statement  no-console
  43:9   error  Unexpected console statement  no-console
  46:13  error  Unexpected console statement  no-console
  48:13  error  Unexpected console statement  no-console
  50:13  error  Unexpected console statement  no-console
  53:9   error  Unexpected console statement  no-console
  55:9   error  Unexpected console statement  no-console

C:\Users\hsjagad\CascadeProjects\windsurf-cicd-pipeline-pre-commit\React_demo-master\windsurf-pipeline\local-pipeline\code-review-assistant.js
   37:9   error    Unexpected console statement                no-console
   38:9   error    Unexpected console statement                no-console
  128:13  error    Unexpected console statement                no-console
  196:9   warning  Expected a default case                     default-case
  288:30  error    'fixes' is assigned a value but never used  no-unused-vars
  299:9   error    Unexpected console statement                no-console
  300:9   error    Unexpected console statement                no-console
  303:13  error    Unexpected console statement                no-console
  308:13  error    Unexpected console statement                no-console
  311:17  error    Unexpected console statement                no-console
  313:21  error    Unexpected console statement                no-console
  318:9   error    Unexpected console statement                no-console
  319:9   error    Unexpected console statement                no-console
  327:17  error    Unexpected console statement                no-console
  360:9   error    Unexpected console statement                no-console
  361:9   error    Unexpected console statement                no-console
  368:17  error    Unexpected console statement                no-console
  369:17  error    Unexpected console statement                no-console
  372:21  error    Unexpected console statement                no-console
  373:21  error    Unexpected console statement                no-console
  374:21  error    Unexpected console statement                no-console
  377:25  error    Unexpected console statement                no-console
  378:25  error    Unexpected console statement                no-console
  392:13  error    Unexpected console statement                no-console
  397:9   error    Unexpected console statement                no-console
  398:9   error    Unexpected console statement                no-console
  412:25  error    Unexpected console statement                no-console
  417:25  error    Unexpected console statement                no-console
  420:21  error    Unexpected console statement                no-console
  427:9   error    Unexpected console statement                no-console
  428:9   error    Unexpected console statement                no-console
  429:9   error    Unexpected console statement                no-console
  430:9   error    Unexpected console statement                no-console
  431:9   error    Unexpected console statement                no-console
  432:9   error    Unexpected console statement                no-console
  433:9   error    Unexpected console statement                no-console
  434:9   error    Unexpected console statement                no-console
  435:9   error    Unexpected console statement                no-console
  436:9   error    Unexpected console statement                no-console
  437:9   error    Unexpected console statement                no-console
  438:9   error    Unexpected console statement                no-console
  439:9   error    Unexpected console statement                no-console
  440:9   error    Unexpected console statement                no-console
  444:9   error    Unexpected console statement                no-console
  461:13  error    Unexpected console statement                no-console
  465:9   error    Unexpected console statement                no-console
  467:13  error    Unexpected console statement                no-console
  469:17  error    Unexpected console statement                no-console
  530:13  error    Unexpected console statement                no-console
  532:13  error    Unexpected console statement                no-console
  543:9   error    Unexpected console statement                no-console
  551:9   error    Unexpected console statement                no-console

C:\Users\hsjagad\CascadeProjects\windsurf-cicd-pipeline-pre-commit\React_demo-master\windsurf-pipeline\local-pipeline\code-review-generator.js
  51:15  error  'stageResults' is assigned a value but never used  no-unused-vars

C:\Users\hsjagad\CascadeProjects\windsurf-cicd-pipeline-pre-commit\React_demo-master\windsurf-pipeline\local-pipeline\file-watcher.js
  160:13  error  Unexpected console statement  no-console
  367:9   error  Unexpected console statement  no-console

C:\Users\hsjagad\CascadeProjects\windsurf-cicd-pipeline-pre-commit\React_demo-master\windsurf-pipeline\local-pipeline\notifications.js
   76:9   error  Unexpected console statement  no-console
   77:9   error  Unexpected console statement  no-console
   78:9   error  Unexpected console statement  no-console
   79:9   error  Unexpected console statement  no-console
   80:9   error  Unexpected console statement  no-console
   98:13  error  Unexpected console statement  no-console
  157:17  error  Unexpected console statement  no-console
  162:21  error  Unexpected console statement  no-console
  164:21  error  Unexpected console statement  no-console

C:\Users\hsjagad\CascadeProjects\windsurf-cicd-pipeline-pre-commit\React_demo-master\windsurf-pipeline\local-pipeline\run-pipeline.js
    10:9    error    'spawn' is assigned a value but never used          no-unused-vars
    89:13   error    Unexpected console statement                        no-console
   113:13   error    Unexpected console statement                        no-console
   270:17   warning  Expected a default case                             default-case
   392:15   error    'safetyInstall' is assigned a value but never used  no-unused-vars
   445:17   warning  Expected a default case                             default-case
   969:15   error    'workingDir' is assigned a value but never used     no-unused-vars
  1092:190  warning  Unnecessary escape character: \.                    no-useless-escape
  1521:13   error    Unexpected console statement                        no-console
  1534:9    error    Unexpected console statement                        no-console

C:\Users\hsjagad\CascadeProjects\windsurf-cicd-pipeline-pre-commit\React_demo-master\windsurf-pipeline\local-pipeline\startup.js
  16:3  error  Unexpected console statement  no-console
  21:1  error  Unexpected console statement  no-console
  39:1  error  Unexpected console statement  no-console
  40:1  error  Unexpected console statement  no-console

C:\Users\hsjagad\CascadeProjects\windsurf-cicd-pipeline-pre-commit\React_demo-master\windsurf-pipeline\local-pipeline\status-indicator.js
  47:13  error  Unexpected console statement  no-console

✖ 100 problems (96 errors, 4 warnings)

 
[code-quality] [2025-09-24T13:24:53.945Z] [ERROR] Error Message: Command failed: npx eslint . --ext .js,.jsx,.ts,.tsx --no-error-on-unmatched-pattern
 
[code-quality] [2025-09-24T13:24:53.945Z] [ERROR] PRETTIER FAILED: 
[code-quality] [2025-09-24T13:24:53.946Z] [ERROR] Output: Checking formatting...
 
[code-quality] [2025-09-24T13:24:53.946Z] [ERROR] Error: [[33mwarn[39m] .eslintrc.js
[[33mwarn[39m] .prettierrc.json
[[33mwarn[39m] .vscode/settings.json
[[33mwarn[39m] confluence-documentation.html
[[33mwarn[39m] ESLINT_NO_CONSOLE_SETUP.md
[[33mwarn[39m] package-lock.json
[[33mwarn[39m] package.json
[[33mwarn[39m] project-documentation.html
[[33mwarn[39m] public/index.html
[[33mwarn[39m] README.md
[[33mwarn[39m] src/App.js
[[33mwarn[39m] src/components/Dashboard.js
[[33mwarn[39m] src/components/TestConsole.js
[[33mwarn[39m] Code style issues found in 13 files. Run Prettier with --write to fix.
 
[code-quality] [2025-09-24T13:24:53.947Z] [ERROR] Error Message: Command failed: npx prettier --check . --ignore-unknown
[[33mwarn[39m] .eslintrc.js
[[33mwarn[39m] .prettierrc.json
[[33mwarn[39m] .vscode/settings.json
[[33mwarn[39m] confluence-documentation.html
[[33mwarn[39m] ESLINT_NO_CONSOLE_SETUP.md
[[33mwarn[39m] package-lock.json
[[33mwarn[39m] package.json
[[33mwarn[39m] project-documentation.html
[[33mwarn[39m] public/index.html
[[33mwarn[39m] README.md
[[33mwarn[39m] src/App.js
[[33mwarn[39m] src/components/Dashboard.js
[[33mwarn[39m] src/components/TestConsole.js
[[33mwarn[39m] Code style issues found in 13 files. Run Prettier with --write to fix.
 
[code-quality] [2025-09-24T13:24:53.947Z] [ERROR] SYNTAX FAILED: 
[code-quality] [2025-09-24T13:24:53.947Z] [INFO] Code quality checks completed. Overall success: false 
[npm-version-scan] [2025-09-24T13:24:53.950Z] [INFO] Starting npm version vulnerability scan 
[npm-version-scan] [2025-09-24T13:25:02.397Z] [ERROR] npm version scan: FAILED 
[npm-version-scan] [2025-09-24T13:25:02.398Z] [ERROR] === NPM VERSION SCAN FAILURE DETAILS === 
[npm-version-scan] [2025-09-24T13:25:02.398Z] [WARN] Outdated package: @mui/icons-material (current: 5.18.0, wanted: 5.18.0, latest: 7.3.2) 
[npm-version-scan] [2025-09-24T13:25:02.398Z] [WARN] Outdated package: @mui/material (current: 5.18.0, wanted: 5.18.0, latest: 7.3.2) 
[npm-version-scan] [2025-09-24T13:25:02.399Z] [WARN] Outdated package: husky (current: 8.0.3, wanted: 8.0.3, latest: 9.1.7) 
[npm-version-scan] [2025-09-24T13:25:02.399Z] [WARN] Outdated package: lint-staged (current: 15.5.2, wanted: 15.5.2, latest: 16.2.0) 
[npm-version-scan] [2025-09-24T13:25:02.400Z] [WARN] Outdated package: react (current: 18.3.1, wanted: 18.3.1, latest: 19.1.1) 
[npm-version-scan] [2025-09-24T13:25:02.400Z] [WARN] Outdated package: react-dom (current: 18.3.1, wanted: 18.3.1, latest: 19.1.1) 
[npm-version-scan] [2025-09-24T13:25:02.401Z] [ERROR] Vulnerable package: @svgr/plugin-svgo 
[npm-version-scan] [2025-09-24T13:25:02.401Z] [ERROR] Vulnerable package: @svgr/webpack 
[npm-version-scan] [2025-09-24T13:25:02.401Z] [ERROR] Vulnerable package: css-select 
[npm-version-scan] [2025-09-24T13:25:02.401Z] [ERROR] Vulnerable package: nth-check 
[npm-version-scan] [2025-09-24T13:25:02.402Z] [ERROR] Vulnerable package: postcss 
[npm-version-scan] [2025-09-24T13:25:02.402Z] [ERROR] Vulnerable package: react-scripts 
[npm-version-scan] [2025-09-24T13:25:02.402Z] [ERROR] Vulnerable package: resolve-url-loader 
[npm-version-scan] [2025-09-24T13:25:02.403Z] [ERROR] Vulnerable package: svgo 
[npm-version-scan] [2025-09-24T13:25:02.403Z] [ERROR] Vulnerable package: webpack-dev-server 
[npm-version-scan] [2025-09-24T13:25:02.403Z] [INFO] npm version scan completed. Overall success: false 
[secret-detection] [2025-09-24T13:25:02.406Z] [INFO] Starting secret detection scan 
[secret-detection] [2025-09-24T13:25:02.433Z] [INFO] Secret detection: NO SECRETS FOUND 
[secret-detection] [2025-09-24T13:25:02.433Z] [INFO] Secret detection completed. Overall success: true 
[sast-scan] [2025-09-24T13:25:02.434Z] [INFO] Starting code coverage analysis for languages: nodejs
[sast-scan] [2025-09-24T13:25:02.439Z] [INFO] Code coverage analysis: SUCCESS 
[sast-scan] [2025-09-24T13:25:02.439Z] [INFO] === CODE COVERAGE RESULTS === 
[sast-scan] [2025-09-24T13:25:02.440Z] [INFO] Total files analyzed: 4 
[sast-scan] [2025-09-24T13:25:02.440Z] [INFO] Total lines of code: 313 
[sast-scan] [2025-09-24T13:25:02.440Z] [INFO] Average complexity: 1 
[sast-scan] [2025-09-24T13:25:02.440Z] [INFO] Code to total ratio: 90% 
[sast-scan] [2025-09-24T13:25:02.441Z] [INFO] Code coverage analysis completed. Overall success: true 
[summary] [2025-09-24T13:25:02.442Z] [INFO] PIPELINE EXECUTION SUMMARY 
[summary] [2025-09-24T13:25:02.442Z] [INFO] ================================================== 
[summary] [2025-09-24T13:25:02.443Z] [INFO] Execution started: 2025-09-24T13:24:34.252Z 
[summary] [2025-09-24T13:25:02.443Z] [INFO] Execution completed: 2025-09-24T13:25:02.443Z 
[summary] [2025-09-24T13:25:02.444Z] [INFO] Total duration: 28.19 seconds 
[summary] [2025-09-24T13:25:02.444Z] [INFO]  
[summary] [2025-09-24T13:25:02.445Z] [INFO] STAGE RESULTS: 
[summary] [2025-09-24T13:25:02.445Z] [INFO] Language Detection   ✅ PASS 
[summary] [2025-09-24T13:25:02.446Z] [INFO]   Languages detected: nodejs 
[summary] [2025-09-24T13:25:02.446Z] [INFO]   Primary language: nodejs 
[summary] [2025-09-24T13:25:02.447Z] [INFO] Dependency Check     ✅ PASS 
[summary] [2025-09-24T13:25:02.447Z] [INFO]   nodejs: SUCCESS 
[summary] [2025-09-24T13:25:02.448Z] [INFO] Code Quality         ❌ FAIL 
[summary] [2025-09-24T13:25:02.448Z] [INFO]   nodejs: FAILED 
[summary] [2025-09-24T13:25:02.449Z] [INFO] NPM Version Scan     ❌ FAIL 
[summary] [2025-09-24T13:25:02.449Z] [INFO]   nodejs: FAILED 
[summary] [2025-09-24T13:25:02.449Z] [INFO] Secret Detection     ✅ PASS 
[summary] [2025-09-24T13:25:02.450Z] [INFO]   secretScan: SUCCESS 
[summary] [2025-09-24T13:25:02.450Z] [INFO] SAST Scan            ✅ PASS 
[summary] [2025-09-24T13:25:02.451Z] [INFO]   coverage: SUCCESS 
[summary] [2025-09-24T13:25:02.451Z] [ERROR]  
[summary] [2025-09-24T13:25:02.451Z] [ERROR] ❌ PIPELINE FAILED: Please review the issues above. 
[summary] [2025-09-24T13:25:02.452Z] [INFO]  
[summary] [2025-09-24T13:25:02.452Z] [INFO] FINAL STATUS: FAILED 
[summary] [2025-09-24T13:25:02.452Z] [INFO] Log files location: C:\Users\hsjagad\CascadeProjects\windsurf-cicd-pipeline-pre-commit\React_demo-master\windsurf-pipeline\logs\run-2025-09-24T13-24-34-252Z 
[language-detection] [2025-09-24T14:29:14.285Z] [INFO] Starting language detection process 
[language-detection] [2025-09-24T14:29:14.288Z] [INFO] Detected Node.js via package.json in root 
[language-detection] [2025-09-24T14:29:14.291Z] [INFO] Final results: 1 languages detected 
[language-detection] [2025-09-24T14:29:14.292Z] [INFO] Languages: nodejs 
[language-detection] [2025-09-24T14:29:14.293Z] [INFO] Primary language: nodejs 
[language-detection] [2025-09-24T14:29:14.293Z] [INFO] Detection files: package.json 
[dependency-check] [2025-09-24T14:29:14.298Z] [INFO] Starting dependency check for languages: nodejs
[dependency-check] [2025-09-24T14:29:14.299Z] [INFO] Checking nodejs dependencies 
[dependency-check] [2025-09-24T14:29:19.073Z] [INFO] nodejs dependency check: SUCCESS 
[dependency-check] [2025-09-24T14:29:19.074Z] [INFO] Dependency check completed. Overall success: true 
[code-quality] [2025-09-24T14:29:19.077Z] [INFO] Starting code quality checks for languages: nodejs
[code-quality] [2025-09-24T14:29:19.078Z] [INFO] Running nodejs code quality checks 
[code-quality] [2025-09-24T14:29:32.849Z] [ERROR] nodejs code quality: FAILED 
[code-quality] [2025-09-24T14:29:32.849Z] [ERROR] === NODEJS CODE QUALITY FAILURE DETAILS === 
[code-quality] [2025-09-24T14:29:32.850Z] [ERROR] ESLINT FAILED: 
[code-quality] [2025-09-24T14:29:32.850Z] [ERROR] Output: 
C:\Users\hsjagad\CascadeProjects\windsurf-cicd-pipeline-pre-commit\React_demo-master\windsurf-pipeline\local-pipeline\auto-start-service.js
   21:5  error  Unexpected console statement  no-console
   25:7  error  Unexpected console statement  no-console
   44:5  error  Unexpected console statement  no-console
   63:7  error  Unexpected console statement  no-console
   68:7  error  Unexpected console statement  no-console
   73:5  error  Unexpected console statement  no-console
   88:5  error  Unexpected console statement  no-console
  104:7  error  Unexpected console statement  no-console
  110:7  error  Unexpected console statement  no-console
  121:7  error  Unexpected console statement  no-console
  132:5  error  Unexpected console statement  no-console

C:\Users\hsjagad\CascadeProjects\windsurf-cicd-pipeline-pre-commit\React_demo-master\windsurf-pipeline\local-pipeline\cleanup-locks.js
  29:5   error  Unexpected console statement  no-console
  32:9   error  Unexpected console statement  no-console
  41:9   error  Unexpected console statement  no-console
  42:9   error  Unexpected console statement  no-console
  43:9   error  Unexpected console statement  no-console
  46:13  error  Unexpected console statement  no-console
  48:13  error  Unexpected console statement  no-console
  50:13  error  Unexpected console statement  no-console
  53:9   error  Unexpected console statement  no-console
  55:9   error  Unexpected console statement  no-console

C:\Users\hsjagad\CascadeProjects\windsurf-cicd-pipeline-pre-commit\React_demo-master\windsurf-pipeline\local-pipeline\code-review-assistant.js
   37:9   error    Unexpected console statement                no-console
   38:9   error    Unexpected console statement                no-console
  128:13  error    Unexpected console statement                no-console
  196:9   warning  Expected a default case                     default-case
  288:30  error    'fixes' is assigned a value but never used  no-unused-vars
  299:9   error    Unexpected console statement                no-console
  300:9   error    Unexpected console statement                no-console
  303:13  error    Unexpected console statement                no-console
  308:13  error    Unexpected console statement                no-console
  311:17  error    Unexpected console statement                no-console
  313:21  error    Unexpected console statement                no-console
  318:9   error    Unexpected console statement                no-console
  319:9   error    Unexpected console statement                no-console
  327:17  error    Unexpected console statement                no-console
  360:9   error    Unexpected console statement                no-console
  361:9   error    Unexpected console statement                no-console
  368:17  error    Unexpected console statement                no-console
  369:17  error    Unexpected console statement                no-console
  372:21  error    Unexpected console statement                no-console
  373:21  error    Unexpected console statement                no-console
  374:21  error    Unexpected console statement                no-console
  377:25  error    Unexpected console statement                no-console
  378:25  error    Unexpected console statement                no-console
  392:13  error    Unexpected console statement                no-console
  397:9   error    Unexpected console statement                no-console
  398:9   error    Unexpected console statement                no-console
  412:25  error    Unexpected console statement                no-console
  417:25  error    Unexpected console statement                no-console
  420:21  error    Unexpected console statement                no-console
  427:9   error    Unexpected console statement                no-console
  428:9   error    Unexpected console statement                no-console
  429:9   error    Unexpected console statement                no-console
  430:9   error    Unexpected console statement                no-console
  431:9   error    Unexpected console statement                no-console
  432:9   error    Unexpected console statement                no-console
  433:9   error    Unexpected console statement                no-console
  434:9   error    Unexpected console statement                no-console
  435:9   error    Unexpected console statement                no-console
  436:9   error    Unexpected console statement                no-console
  437:9   error    Unexpected console statement                no-console
  438:9   error    Unexpected console statement                no-console
  439:9   error    Unexpected console statement                no-console
  440:9   error    Unexpected console statement                no-console
  444:9   error    Unexpected console statement                no-console
  461:13  error    Unexpected console statement                no-console
  465:9   error    Unexpected console statement                no-console
  467:13  error    Unexpected console statement                no-console
  469:17  error    Unexpected console statement                no-console
  530:13  error    Unexpected console statement                no-console
  532:13  error    Unexpected console statement                no-console
  543:9   error    Unexpected console statement                no-console
  551:9   error    Unexpected console statement                no-console

C:\Users\hsjagad\CascadeProjects\windsurf-cicd-pipeline-pre-commit\React_demo-master\windsurf-pipeline\local-pipeline\code-review-generator.js
  51:15  error  'stageResults' is assigned a value but never used  no-unused-vars

C:\Users\hsjagad\CascadeProjects\windsurf-cicd-pipeline-pre-commit\React_demo-master\windsurf-pipeline\local-pipeline\file-watcher.js
  160:13  error  Unexpected console statement  no-console
  367:9   error  Unexpected console statement  no-console

C:\Users\hsjagad\CascadeProjects\windsurf-cicd-pipeline-pre-commit\React_demo-master\windsurf-pipeline\local-pipeline\notifications.js
   76:9   error  Unexpected console statement  no-console
   77:9   error  Unexpected console statement  no-console
   78:9   error  Unexpected console statement  no-console
   79:9   error  Unexpected console statement  no-console
   80:9   error  Unexpected console statement  no-console
   98:13  error  Unexpected console statement  no-console
  157:17  error  Unexpected console statement  no-console
  162:21  error  Unexpected console statement  no-console
  164:21  error  Unexpected console statement  no-console

C:\Users\hsjagad\CascadeProjects\windsurf-cicd-pipeline-pre-commit\React_demo-master\windsurf-pipeline\local-pipeline\run-pipeline.js
    10:9    error    'spawn' is assigned a value but never used          no-unused-vars
    89:13   error    Unexpected console statement                        no-console
   113:13   error    Unexpected console statement                        no-console
   270:17   warning  Expected a default case                             default-case
   392:15   error    'safetyInstall' is assigned a value but never used  no-unused-vars
   445:17   warning  Expected a default case                             default-case
   969:15   error    'workingDir' is assigned a value but never used     no-unused-vars
  1092:190  warning  Unnecessary escape character: \.                    no-useless-escape
  1521:13   error    Unexpected console statement                        no-console
  1534:9    error    Unexpected console statement                        no-console

C:\Users\hsjagad\CascadeProjects\windsurf-cicd-pipeline-pre-commit\React_demo-master\windsurf-pipeline\local-pipeline\startup.js
  16:3  error  Unexpected console statement  no-console
  21:1  error  Unexpected console statement  no-console
  39:1  error  Unexpected console statement  no-console
  40:1  error  Unexpected console statement  no-console

C:\Users\hsjagad\CascadeProjects\windsurf-cicd-pipeline-pre-commit\React_demo-master\windsurf-pipeline\local-pipeline\status-indicator.js
  47:13  error  Unexpected console statement  no-console

✖ 100 problems (96 errors, 4 warnings)

 
[code-quality] [2025-09-24T14:29:32.851Z] [ERROR] Error Message: Command failed: npx eslint . --ext .js,.jsx,.ts,.tsx --no-error-on-unmatched-pattern
 
[code-quality] [2025-09-24T14:29:32.851Z] [ERROR] PRETTIER FAILED: 
[code-quality] [2025-09-24T14:29:32.852Z] [ERROR] Output: Checking formatting...
 
[code-quality] [2025-09-24T14:29:32.852Z] [ERROR] Error: [[33mwarn[39m] .eslintrc.js
[[33mwarn[39m] .prettierrc.json
[[33mwarn[39m] .vscode/settings.json
[[33mwarn[39m] ESLINT_NO_CONSOLE_SETUP.md
[[33mwarn[39m] package-lock.json
[[33mwarn[39m] package.json
[[33mwarn[39m] public/index.html
[[33mwarn[39m] README.md
[[33mwarn[39m] src/App.js
[[33mwarn[39m] src/components/Dashboard.js
[[33mwarn[39m] src/components/TestConsole.js
[[33mwarn[39m] Code style issues found in 11 files. Run Prettier with --write to fix.
 
[code-quality] [2025-09-24T14:29:32.852Z] [ERROR] Error Message: Command failed: npx prettier --check . --ignore-unknown
[[33mwarn[39m] .eslintrc.js
[[33mwarn[39m] .prettierrc.json
[[33mwarn[39m] .vscode/settings.json
[[33mwarn[39m] ESLINT_NO_CONSOLE_SETUP.md
[[33mwarn[39m] package-lock.json
[[33mwarn[39m] package.json
[[33mwarn[39m] public/index.html
[[33mwarn[39m] README.md
[[33mwarn[39m] src/App.js
[[33mwarn[39m] src/components/Dashboard.js
[[33mwarn[39m] src/components/TestConsole.js
[[33mwarn[39m] Code style issues found in 11 files. Run Prettier with --write to fix.
 
[code-quality] [2025-09-24T14:29:32.853Z] [ERROR] SYNTAX FAILED: 
[code-quality] [2025-09-24T14:29:32.853Z] [INFO] Code quality checks completed. Overall success: false 
[npm-version-scan] [2025-09-24T14:29:32.856Z] [INFO] Starting npm version vulnerability scan 
[npm-version-scan] [2025-09-24T14:29:40.393Z] [ERROR] npm version scan: FAILED 
[npm-version-scan] [2025-09-24T14:29:40.394Z] [ERROR] === NPM VERSION SCAN FAILURE DETAILS === 
[npm-version-scan] [2025-09-24T14:29:40.394Z] [WARN] Outdated package: @mui/icons-material (current: 5.18.0, wanted: 5.18.0, latest: 7.3.2) 
[npm-version-scan] [2025-09-24T14:29:40.395Z] [WARN] Outdated package: @mui/material (current: 5.18.0, wanted: 5.18.0, latest: 7.3.2) 
[npm-version-scan] [2025-09-24T14:29:40.395Z] [WARN] Outdated package: husky (current: 8.0.3, wanted: 8.0.3, latest: 9.1.7) 
[npm-version-scan] [2025-09-24T14:29:40.396Z] [WARN] Outdated package: lint-staged (current: 15.5.2, wanted: 15.5.2, latest: 16.2.0) 
[npm-version-scan] [2025-09-24T14:29:40.396Z] [WARN] Outdated package: react (current: 18.3.1, wanted: 18.3.1, latest: 19.1.1) 
[npm-version-scan] [2025-09-24T14:29:40.397Z] [WARN] Outdated package: react-dom (current: 18.3.1, wanted: 18.3.1, latest: 19.1.1) 
[npm-version-scan] [2025-09-24T14:29:40.397Z] [ERROR] Vulnerable package: @svgr/plugin-svgo 
[npm-version-scan] [2025-09-24T14:29:40.397Z] [ERROR] Vulnerable package: @svgr/webpack 
[npm-version-scan] [2025-09-24T14:29:40.398Z] [ERROR] Vulnerable package: css-select 
[npm-version-scan] [2025-09-24T14:29:40.398Z] [ERROR] Vulnerable package: nth-check 
[npm-version-scan] [2025-09-24T14:29:40.399Z] [ERROR] Vulnerable package: postcss 
[npm-version-scan] [2025-09-24T14:29:40.399Z] [ERROR] Vulnerable package: react-scripts 
[npm-version-scan] [2025-09-24T14:29:40.399Z] [ERROR] Vulnerable package: resolve-url-loader 
[npm-version-scan] [2025-09-24T14:29:40.399Z] [ERROR] Vulnerable package: svgo 
[npm-version-scan] [2025-09-24T14:29:40.400Z] [ERROR] Vulnerable package: webpack-dev-server 
[npm-version-scan] [2025-09-24T14:29:40.400Z] [INFO] npm version scan completed. Overall success: false 
[secret-detection] [2025-09-24T14:29:40.403Z] [INFO] Starting secret detection scan 
[secret-detection] [2025-09-24T14:29:40.442Z] [INFO] Secret detection: NO SECRETS FOUND 
[secret-detection] [2025-09-24T14:29:40.443Z] [INFO] Secret detection completed. Overall success: true 
[sast-scan] [2025-09-24T14:29:40.444Z] [INFO] Starting code coverage analysis for languages: nodejs
[sast-scan] [2025-09-24T14:29:40.453Z] [INFO] Code coverage analysis: SUCCESS 
[sast-scan] [2025-09-24T14:29:40.453Z] [INFO] === CODE COVERAGE RESULTS === 
[sast-scan] [2025-09-24T14:29:40.454Z] [INFO] Total files analyzed: 4 
[sast-scan] [2025-09-24T14:29:40.454Z] [INFO] Total lines of code: 313 
[sast-scan] [2025-09-24T14:29:40.455Z] [INFO] Average complexity: 1 
[sast-scan] [2025-09-24T14:29:40.455Z] [INFO] Code to total ratio: 90% 
[sast-scan] [2025-09-24T14:29:40.455Z] [INFO] Code coverage analysis completed. Overall success: true 
[summary] [2025-09-24T14:29:40.457Z] [INFO] PIPELINE EXECUTION SUMMARY 
[summary] [2025-09-24T14:29:40.457Z] [INFO] ================================================== 
[summary] [2025-09-24T14:29:40.458Z] [INFO] Execution started: 2025-09-24T14:29:14.205Z 
[summary] [2025-09-24T14:29:40.458Z] [INFO] Execution completed: 2025-09-24T14:29:40.458Z 
[summary] [2025-09-24T14:29:40.459Z] [INFO] Total duration: 26.25 seconds 
[summary] [2025-09-24T14:29:40.459Z] [INFO]  
[summary] [2025-09-24T14:29:40.459Z] [INFO] STAGE RESULTS: 
[summary] [2025-09-24T14:29:40.460Z] [INFO] Language Detection   ✅ PASS 
[summary] [2025-09-24T14:29:40.460Z] [INFO]   Languages detected: nodejs 
[summary] [2025-09-24T14:29:40.461Z] [INFO]   Primary language: nodejs 
[summary] [2025-09-24T14:29:40.462Z] [INFO] Dependency Check     ✅ PASS 
[summary] [2025-09-24T14:29:40.462Z] [INFO]   nodejs: SUCCESS 
[summary] [2025-09-24T14:29:40.463Z] [INFO] Code Quality         ❌ FAIL 
[summary] [2025-09-24T14:29:40.463Z] [INFO]   nodejs: FAILED 
[summary] [2025-09-24T14:29:40.464Z] [INFO] NPM Version Scan     ❌ FAIL 
[summary] [2025-09-24T14:29:40.465Z] [INFO]   nodejs: FAILED 
[summary] [2025-09-24T14:29:40.467Z] [INFO] Secret Detection     ✅ PASS 
[summary] [2025-09-24T14:29:40.467Z] [INFO]   secretScan: SUCCESS 
[summary] [2025-09-24T14:29:40.468Z] [INFO] SAST Scan            ✅ PASS 
[summary] [2025-09-24T14:29:40.469Z] [INFO]   coverage: SUCCESS 
[summary] [2025-09-24T14:29:40.471Z] [ERROR]  
[summary] [2025-09-24T14:29:40.471Z] [ERROR] ❌ PIPELINE FAILED: Please review the issues above. 
[summary] [2025-09-24T14:29:40.472Z] [INFO]  
[summary] [2025-09-24T14:29:40.472Z] [INFO] FINAL STATUS: FAILED 
[summary] [2025-09-24T14:29:40.473Z] [INFO] Log files location: C:\Users\hsjagad\CascadeProjects\windsurf-cicd-pipeline-pre-commit\React_demo-master\windsurf-pipeline\logs\run-2025-09-24T14-29-14-207Z 
[language-detection] [2025-09-24T14:32:43.927Z] [INFO] Starting language detection process 
[language-detection] [2025-09-24T14:32:43.927Z] [INFO] Detected Node.js via package.json in root 
[language-detection] [2025-09-24T14:32:43.929Z] [INFO] Final results: 1 languages detected 
[language-detection] [2025-09-24T14:32:43.929Z] [INFO] Languages: nodejs 
[language-detection] [2025-09-24T14:32:43.930Z] [INFO] Primary language: nodejs 
[language-detection] [2025-09-24T14:32:43.930Z] [INFO] Detection files: package.json 
[dependency-check] [2025-09-24T14:32:43.932Z] [INFO] Starting dependency check for languages: nodejs
[dependency-check] [2025-09-24T14:32:43.933Z] [INFO] Checking nodejs dependencies 
[dependency-check] [2025-09-24T14:32:46.572Z] [INFO] nodejs dependency check: SUCCESS 
[dependency-check] [2025-09-24T14:32:46.580Z] [INFO] Dependency check completed. Overall success: true 
[code-quality] [2025-09-24T14:32:46.581Z] [INFO] Starting code quality checks for languages: nodejs
[code-quality] [2025-09-24T14:32:46.582Z] [INFO] Running nodejs code quality checks 
[code-quality] [2025-09-24T14:32:56.520Z] [ERROR] nodejs code quality: FAILED 
[code-quality] [2025-09-24T14:32:56.521Z] [ERROR] === NODEJS CODE QUALITY FAILURE DETAILS === 
[code-quality] [2025-09-24T14:32:56.521Z] [ERROR] ESLINT FAILED: 
[code-quality] [2025-09-24T14:32:56.521Z] [ERROR] Output: 
C:\Users\hsjagad\CascadeProjects\windsurf-cicd-pipeline-pre-commit\React_demo-master\windsurf-pipeline\local-pipeline\auto-start-service.js
   21:5  error  Unexpected console statement  no-console
   25:7  error  Unexpected console statement  no-console
   44:5  error  Unexpected console statement  no-console
   63:7  error  Unexpected console statement  no-console
   68:7  error  Unexpected console statement  no-console
   73:5  error  Unexpected console statement  no-console
   88:5  error  Unexpected console statement  no-console
  104:7  error  Unexpected console statement  no-console
  110:7  error  Unexpected console statement  no-console
  121:7  error  Unexpected console statement  no-console
  132:5  error  Unexpected console statement  no-console

C:\Users\hsjagad\CascadeProjects\windsurf-cicd-pipeline-pre-commit\React_demo-master\windsurf-pipeline\local-pipeline\cleanup-locks.js
  29:5   error  Unexpected console statement  no-console
  32:9   error  Unexpected console statement  no-console
  41:9   error  Unexpected console statement  no-console
  42:9   error  Unexpected console statement  no-console
  43:9   error  Unexpected console statement  no-console
  46:13  error  Unexpected console statement  no-console
  48:13  error  Unexpected console statement  no-console
  50:13  error  Unexpected console statement  no-console
  53:9   error  Unexpected console statement  no-console
  55:9   error  Unexpected console statement  no-console

C:\Users\hsjagad\CascadeProjects\windsurf-cicd-pipeline-pre-commit\React_demo-master\windsurf-pipeline\local-pipeline\code-review-assistant.js
   37:9   error    Unexpected console statement                no-console
   38:9   error    Unexpected console statement                no-console
  128:13  error    Unexpected console statement                no-console
  196:9   warning  Expected a default case                     default-case
  288:30  error    'fixes' is assigned a value but never used  no-unused-vars
  299:9   error    Unexpected console statement                no-console
  300:9   error    Unexpected console statement                no-console
  303:13  error    Unexpected console statement                no-console
  308:13  error    Unexpected console statement                no-console
  311:17  error    Unexpected console statement                no-console
  313:21  error    Unexpected console statement                no-console
  318:9   error    Unexpected console statement                no-console
  319:9   error    Unexpected console statement                no-console
  327:17  error    Unexpected console statement                no-console
  360:9   error    Unexpected console statement                no-console
  361:9   error    Unexpected console statement                no-console
  368:17  error    Unexpected console statement                no-console
  369:17  error    Unexpected console statement                no-console
  372:21  error    Unexpected console statement                no-console
  373:21  error    Unexpected console statement                no-console
  374:21  error    Unexpected console statement                no-console
  377:25  error    Unexpected console statement                no-console
  378:25  error    Unexpected console statement                no-console
  392:13  error    Unexpected console statement                no-console
  397:9   error    Unexpected console statement                no-console
  398:9   error    Unexpected console statement                no-console
  412:25  error    Unexpected console statement                no-console
  417:25  error    Unexpected console statement                no-console
  420:21  error    Unexpected console statement                no-console
  427:9   error    Unexpected console statement                no-console
  428:9   error    Unexpected console statement                no-console
  429:9   error    Unexpected console statement                no-console
  430:9   error    Unexpected console statement                no-console
  431:9   error    Unexpected console statement                no-console
  432:9   error    Unexpected console statement                no-console
  433:9   error    Unexpected console statement                no-console
  434:9   error    Unexpected console statement                no-console
  435:9   error    Unexpected console statement                no-console
  436:9   error    Unexpected console statement                no-console
  437:9   error    Unexpected console statement                no-console
  438:9   error    Unexpected console statement                no-console
  439:9   error    Unexpected console statement                no-console
  440:9   error    Unexpected console statement                no-console
  444:9   error    Unexpected console statement                no-console
  461:13  error    Unexpected console statement                no-console
  465:9   error    Unexpected console statement                no-console
  467:13  error    Unexpected console statement                no-console
  469:17  error    Unexpected console statement                no-console
  530:13  error    Unexpected console statement                no-console
  532:13  error    Unexpected console statement                no-console
  543:9   error    Unexpected console statement                no-console
  551:9   error    Unexpected console statement                no-console

C:\Users\hsjagad\CascadeProjects\windsurf-cicd-pipeline-pre-commit\React_demo-master\windsurf-pipeline\local-pipeline\code-review-generator.js
  51:15  error  'stageResults' is assigned a value but never used  no-unused-vars

C:\Users\hsjagad\CascadeProjects\windsurf-cicd-pipeline-pre-commit\React_demo-master\windsurf-pipeline\local-pipeline\file-watcher.js
  160:13  error  Unexpected console statement  no-console
  367:9   error  Unexpected console statement  no-console

C:\Users\hsjagad\CascadeProjects\windsurf-cicd-pipeline-pre-commit\React_demo-master\windsurf-pipeline\local-pipeline\notifications.js
   76:9   error  Unexpected console statement  no-console
   77:9   error  Unexpected console statement  no-console
   78:9   error  Unexpected console statement  no-console
   79:9   error  Unexpected console statement  no-console
   80:9   error  Unexpected console statement  no-console
   98:13  error  Unexpected console statement  no-console
  157:17  error  Unexpected console statement  no-console
  162:21  error  Unexpected console statement  no-console
  164:21  error  Unexpected console statement  no-console

C:\Users\hsjagad\CascadeProjects\windsurf-cicd-pipeline-pre-commit\React_demo-master\windsurf-pipeline\local-pipeline\run-pipeline.js
    10:9    error    'spawn' is assigned a value but never used          no-unused-vars
    89:13   error    Unexpected console statement                        no-console
   113:13   error    Unexpected console statement                        no-console
   270:17   warning  Expected a default case                             default-case
   392:15   error    'safetyInstall' is assigned a value but never used  no-unused-vars
   445:17   warning  Expected a default case                             default-case
   969:15   error    'workingDir' is assigned a value but never used     no-unused-vars
  1092:190  warning  Unnecessary escape character: \.                    no-useless-escape
  1521:13   error    Unexpected console statement                        no-console
  1534:9    error    Unexpected console statement                        no-console

C:\Users\hsjagad\CascadeProjects\windsurf-cicd-pipeline-pre-commit\React_demo-master\windsurf-pipeline\local-pipeline\startup.js
  16:3  error  Unexpected console statement  no-console
  21:1  error  Unexpected console statement  no-console
  39:1  error  Unexpected console statement  no-console
  40:1  error  Unexpected console statement  no-console

C:\Users\hsjagad\CascadeProjects\windsurf-cicd-pipeline-pre-commit\React_demo-master\windsurf-pipeline\local-pipeline\status-indicator.js
  47:13  error  Unexpected console statement  no-console

✖ 100 problems (96 errors, 4 warnings)

 
[code-quality] [2025-09-24T14:32:56.522Z] [ERROR] Error Message: Command failed: npx eslint . --ext .js,.jsx,.ts,.tsx --no-error-on-unmatched-pattern
 
[code-quality] [2025-09-24T14:32:56.522Z] [ERROR] PRETTIER FAILED: 
[code-quality] [2025-09-24T14:32:56.523Z] [ERROR] Output: Checking formatting...
 
[code-quality] [2025-09-24T14:32:56.523Z] [ERROR] Error: [[33mwarn[39m] .eslintrc.js
[[33mwarn[39m] .prettierrc.json
[[33mwarn[39m] .vscode/settings.json
[[33mwarn[39m] ESLINT_NO_CONSOLE_SETUP.md
[[33mwarn[39m] package-lock.json
[[33mwarn[39m] package.json
[[33mwarn[39m] public/index.html
[[33mwarn[39m] README.md
[[33mwarn[39m] src/App.js
[[33mwarn[39m] src/components/Dashboard.js
[[33mwarn[39m] src/components/TestConsole.js
[[33mwarn[39m] Code style issues found in 11 files. Run Prettier with --write to fix.
 
[code-quality] [2025-09-24T14:32:56.524Z] [ERROR] Error Message: Command failed: npx prettier --check . --ignore-unknown
[[33mwarn[39m] .eslintrc.js
[[33mwarn[39m] .prettierrc.json
[[33mwarn[39m] .vscode/settings.json
[[33mwarn[39m] ESLINT_NO_CONSOLE_SETUP.md
[[33mwarn[39m] package-lock.json
[[33mwarn[39m] package.json
[[33mwarn[39m] public/index.html
[[33mwarn[39m] README.md
[[33mwarn[39m] src/App.js
[[33mwarn[39m] src/components/Dashboard.js
[[33mwarn[39m] src/components/TestConsole.js
[[33mwarn[39m] Code style issues found in 11 files. Run Prettier with --write to fix.
 
[code-quality] [2025-09-24T14:32:56.524Z] [ERROR] SYNTAX FAILED: 
[code-quality] [2025-09-24T14:32:56.524Z] [INFO] Code quality checks completed. Overall success: false 
[npm-version-scan] [2025-09-24T14:32:56.526Z] [INFO] Starting npm version vulnerability scan 
[npm-version-scan] [2025-09-24T14:33:01.894Z] [ERROR] npm version scan: FAILED 
[npm-version-scan] [2025-09-24T14:33:01.895Z] [ERROR] === NPM VERSION SCAN FAILURE DETAILS === 
[npm-version-scan] [2025-09-24T14:33:01.895Z] [WARN] Outdated package: @mui/icons-material (current: 5.18.0, wanted: 5.18.0, latest: 7.3.2) 
[npm-version-scan] [2025-09-24T14:33:01.895Z] [WARN] Outdated package: @mui/material (current: 5.18.0, wanted: 5.18.0, latest: 7.3.2) 
[npm-version-scan] [2025-09-24T14:33:01.896Z] [WARN] Outdated package: husky (current: 8.0.3, wanted: 8.0.3, latest: 9.1.7) 
[npm-version-scan] [2025-09-24T14:33:01.909Z] [WARN] Outdated package: lint-staged (current: 15.5.2, wanted: 15.5.2, latest: 16.2.0) 
[npm-version-scan] [2025-09-24T14:33:01.909Z] [WARN] Outdated package: react (current: 18.3.1, wanted: 18.3.1, latest: 19.1.1) 
[npm-version-scan] [2025-09-24T14:33:01.910Z] [WARN] Outdated package: react-dom (current: 18.3.1, wanted: 18.3.1, latest: 19.1.1) 
[npm-version-scan] [2025-09-24T14:33:01.910Z] [ERROR] Vulnerable package: @svgr/plugin-svgo 
[npm-version-scan] [2025-09-24T14:33:01.910Z] [ERROR] Vulnerable package: @svgr/webpack 
[npm-version-scan] [2025-09-24T14:33:01.911Z] [ERROR] Vulnerable package: css-select 
[npm-version-scan] [2025-09-24T14:33:01.911Z] [ERROR] Vulnerable package: nth-check 
[npm-version-scan] [2025-09-24T14:33:01.912Z] [ERROR] Vulnerable package: postcss 
[npm-version-scan] [2025-09-24T14:33:01.912Z] [ERROR] Vulnerable package: react-scripts 
[npm-version-scan] [2025-09-24T14:33:01.913Z] [ERROR] Vulnerable package: resolve-url-loader 
[npm-version-scan] [2025-09-24T14:33:01.913Z] [ERROR] Vulnerable package: svgo 
[npm-version-scan] [2025-09-24T14:33:01.913Z] [ERROR] Vulnerable package: webpack-dev-server 
[npm-version-scan] [2025-09-24T14:33:01.914Z] [INFO] npm version scan completed. Overall success: false 
[secret-detection] [2025-09-24T14:33:01.916Z] [INFO] Starting secret detection scan 
[secret-detection] [2025-09-24T14:33:01.943Z] [INFO] Secret detection: NO SECRETS FOUND 
[secret-detection] [2025-09-24T14:33:01.943Z] [INFO] Secret detection completed. Overall success: true 
[sast-scan] [2025-09-24T14:33:01.945Z] [INFO] Starting code coverage analysis for languages: nodejs
[sast-scan] [2025-09-24T14:33:01.950Z] [INFO] Code coverage analysis: SUCCESS 
[sast-scan] [2025-09-24T14:33:01.950Z] [INFO] === CODE COVERAGE RESULTS === 
[sast-scan] [2025-09-24T14:33:01.951Z] [INFO] Total files analyzed: 4 
[sast-scan] [2025-09-24T14:33:01.951Z] [INFO] Total lines of code: 313 
[sast-scan] [2025-09-24T14:33:01.951Z] [INFO] Average complexity: 1 
[sast-scan] [2025-09-24T14:33:01.951Z] [INFO] Code to total ratio: 91% 
[sast-scan] [2025-09-24T14:33:01.952Z] [INFO] Code coverage analysis completed. Overall success: true 
[summary] [2025-09-24T14:33:01.954Z] [INFO] PIPELINE EXECUTION SUMMARY 
[summary] [2025-09-24T14:33:01.954Z] [INFO] ================================================== 
[summary] [2025-09-24T14:33:01.954Z] [INFO] Execution started: 2025-09-24T14:32:43.887Z 
[summary] [2025-09-24T14:33:01.954Z] [INFO] Execution completed: 2025-09-24T14:33:01.954Z 
[summary] [2025-09-24T14:33:01.955Z] [INFO] Total duration: 18.07 seconds 
[summary] [2025-09-24T14:33:01.955Z] [INFO]  
[summary] [2025-09-24T14:33:01.955Z] [INFO] STAGE RESULTS: 
[summary] [2025-09-24T14:33:01.956Z] [INFO] Language Detection   ✅ PASS 
[summary] [2025-09-24T14:33:01.956Z] [INFO]   Languages detected: nodejs 
[summary] [2025-09-24T14:33:01.956Z] [INFO]   Primary language: nodejs 
[summary] [2025-09-24T14:33:01.957Z] [INFO] Dependency Check     ✅ PASS 
[summary] [2025-09-24T14:33:01.957Z] [INFO]   nodejs: SUCCESS 
[summary] [2025-09-24T14:33:01.958Z] [INFO] Code Quality         ❌ FAIL 
[summary] [2025-09-24T14:33:01.959Z] [INFO]   nodejs: FAILED 
[summary] [2025-09-24T14:33:01.959Z] [INFO] NPM Version Scan     ❌ FAIL 
[summary] [2025-09-24T14:33:01.960Z] [INFO]   nodejs: FAILED 
[summary] [2025-09-24T14:33:01.960Z] [INFO] Secret Detection     ✅ PASS 
[summary] [2025-09-24T14:33:01.961Z] [INFO]   secretScan: SUCCESS 
[summary] [2025-09-24T14:33:01.961Z] [INFO] SAST Scan            ✅ PASS 
[summary] [2025-09-24T14:33:01.962Z] [INFO]   coverage: SUCCESS 
[summary] [2025-09-24T14:33:01.962Z] [ERROR]  
[summary] [2025-09-24T14:33:01.963Z] [ERROR] ❌ PIPELINE FAILED: Please review the issues above. 
[summary] [2025-09-24T14:33:01.963Z] [INFO]  
[summary] [2025-09-24T14:33:01.963Z] [INFO] FINAL STATUS: FAILED 
[summary] [2025-09-24T14:33:01.964Z] [INFO] Log files location: C:\Users\hsjagad\CascadeProjects\windsurf-cicd-pipeline-pre-commit\React_demo-master\windsurf-pipeline\logs\run-2025-09-24T14-32-43-888Z 
[language-detection] [2025-09-24T14:34:29.947Z] [INFO] Starting language detection process 
[language-detection] [2025-09-24T14:34:29.948Z] [INFO] Detected Node.js via package.json in root 
[language-detection] [2025-09-24T14:34:29.949Z] [INFO] Final results: 1 languages detected 
[language-detection] [2025-09-24T14:34:29.950Z] [INFO] Languages: nodejs 
[language-detection] [2025-09-24T14:34:29.950Z] [INFO] Primary language: nodejs 
[language-detection] [2025-09-24T14:34:29.950Z] [INFO] Detection files: package.json 
[dependency-check] [2025-09-24T14:34:29.952Z] [INFO] Starting dependency check for languages: nodejs
[dependency-check] [2025-09-24T14:34:29.953Z] [INFO] Checking nodejs dependencies 
[dependency-check] [2025-09-24T14:34:33.093Z] [INFO] nodejs dependency check: SUCCESS 
[dependency-check] [2025-09-24T14:34:33.094Z] [INFO] Dependency check completed. Overall success: true 
[code-quality] [2025-09-24T14:34:33.095Z] [INFO] Starting code quality checks for languages: nodejs
[code-quality] [2025-09-24T14:34:33.096Z] [INFO] Running nodejs code quality checks 
[code-quality] [2025-09-24T14:34:42.998Z] [ERROR] nodejs code quality: FAILED 
[code-quality] [2025-09-24T14:34:42.998Z] [ERROR] === NODEJS CODE QUALITY FAILURE DETAILS === 
[code-quality] [2025-09-24T14:34:42.998Z] [ERROR] ESLINT FAILED: 
[code-quality] [2025-09-24T14:34:42.999Z] [ERROR] Output: 
C:\Users\hsjagad\CascadeProjects\windsurf-cicd-pipeline-pre-commit\React_demo-master\windsurf-pipeline\local-pipeline\auto-start-service.js
   21:5  error  Unexpected console statement  no-console
   25:7  error  Unexpected console statement  no-console
   44:5  error  Unexpected console statement  no-console
   63:7  error  Unexpected console statement  no-console
   68:7  error  Unexpected console statement  no-console
   73:5  error  Unexpected console statement  no-console
   88:5  error  Unexpected console statement  no-console
  104:7  error  Unexpected console statement  no-console
  110:7  error  Unexpected console statement  no-console
  121:7  error  Unexpected console statement  no-console
  132:5  error  Unexpected console statement  no-console

C:\Users\hsjagad\CascadeProjects\windsurf-cicd-pipeline-pre-commit\React_demo-master\windsurf-pipeline\local-pipeline\cleanup-locks.js
  29:5   error  Unexpected console statement  no-console
  32:9   error  Unexpected console statement  no-console
  41:9   error  Unexpected console statement  no-console
  42:9   error  Unexpected console statement  no-console
  43:9   error  Unexpected console statement  no-console
  46:13  error  Unexpected console statement  no-console
  48:13  error  Unexpected console statement  no-console
  50:13  error  Unexpected console statement  no-console
  53:9   error  Unexpected console statement  no-console
  55:9   error  Unexpected console statement  no-console

C:\Users\hsjagad\CascadeProjects\windsurf-cicd-pipeline-pre-commit\React_demo-master\windsurf-pipeline\local-pipeline\code-review-assistant.js
   37:9   error    Unexpected console statement                no-console
   38:9   error    Unexpected console statement                no-console
  128:13  error    Unexpected console statement                no-console
  196:9   warning  Expected a default case                     default-case
  288:30  error    'fixes' is assigned a value but never used  no-unused-vars
  299:9   error    Unexpected console statement                no-console
  300:9   error    Unexpected console statement                no-console
  303:13  error    Unexpected console statement                no-console
  308:13  error    Unexpected console statement                no-console
  311:17  error    Unexpected console statement                no-console
  313:21  error    Unexpected console statement                no-console
  318:9   error    Unexpected console statement                no-console
  319:9   error    Unexpected console statement                no-console
  327:17  error    Unexpected console statement                no-console
  360:9   error    Unexpected console statement                no-console
  361:9   error    Unexpected console statement                no-console
  368:17  error    Unexpected console statement                no-console
  369:17  error    Unexpected console statement                no-console
  372:21  error    Unexpected console statement                no-console
  373:21  error    Unexpected console statement                no-console
  374:21  error    Unexpected console statement                no-console
  377:25  error    Unexpected console statement                no-console
  378:25  error    Unexpected console statement                no-console
  392:13  error    Unexpected console statement                no-console
  397:9   error    Unexpected console statement                no-console
  398:9   error    Unexpected console statement                no-console
  412:25  error    Unexpected console statement                no-console
  417:25  error    Unexpected console statement                no-console
  420:21  error    Unexpected console statement                no-console
  427:9   error    Unexpected console statement                no-console
  428:9   error    Unexpected console statement                no-console
  429:9   error    Unexpected console statement                no-console
  430:9   error    Unexpected console statement                no-console
  431:9   error    Unexpected console statement                no-console
  432:9   error    Unexpected console statement                no-console
  433:9   error    Unexpected console statement                no-console
  434:9   error    Unexpected console statement                no-console
  435:9   error    Unexpected console statement                no-console
  436:9   error    Unexpected console statement                no-console
  437:9   error    Unexpected console statement                no-console
  438:9   error    Unexpected console statement                no-console
  439:9   error    Unexpected console statement                no-console
  440:9   error    Unexpected console statement                no-console
  444:9   error    Unexpected console statement                no-console
  461:13  error    Unexpected console statement                no-console
  465:9   error    Unexpected console statement                no-console
  467:13  error    Unexpected console statement                no-console
  469:17  error    Unexpected console statement                no-console
  530:13  error    Unexpected console statement                no-console
  532:13  error    Unexpected console statement                no-console
  543:9   error    Unexpected console statement                no-console
  551:9   error    Unexpected console statement                no-console

C:\Users\hsjagad\CascadeProjects\windsurf-cicd-pipeline-pre-commit\React_demo-master\windsurf-pipeline\local-pipeline\code-review-generator.js
  51:15  error  'stageResults' is assigned a value but never used  no-unused-vars

C:\Users\hsjagad\CascadeProjects\windsurf-cicd-pipeline-pre-commit\React_demo-master\windsurf-pipeline\local-pipeline\file-watcher.js
  160:13  error  Unexpected console statement  no-console
  367:9   error  Unexpected console statement  no-console

C:\Users\hsjagad\CascadeProjects\windsurf-cicd-pipeline-pre-commit\React_demo-master\windsurf-pipeline\local-pipeline\notifications.js
   76:9   error  Unexpected console statement  no-console
   77:9   error  Unexpected console statement  no-console
   78:9   error  Unexpected console statement  no-console
   79:9   error  Unexpected console statement  no-console
   80:9   error  Unexpected console statement  no-console
   98:13  error  Unexpected console statement  no-console
  157:17  error  Unexpected console statement  no-console
  162:21  error  Unexpected console statement  no-console
  164:21  error  Unexpected console statement  no-console

C:\Users\hsjagad\CascadeProjects\windsurf-cicd-pipeline-pre-commit\React_demo-master\windsurf-pipeline\local-pipeline\run-pipeline.js
    10:9    error    'spawn' is assigned a value but never used          no-unused-vars
    89:13   error    Unexpected console statement                        no-console
   113:13   error    Unexpected console statement                        no-console
   270:17   warning  Expected a default case                             default-case
   392:15   error    'safetyInstall' is assigned a value but never used  no-unused-vars
   445:17   warning  Expected a default case                             default-case
   969:15   error    'workingDir' is assigned a value but never used     no-unused-vars
  1092:190  warning  Unnecessary escape character: \.                    no-useless-escape
  1521:13   error    Unexpected console statement                        no-console
  1534:9    error    Unexpected console statement                        no-console

C:\Users\hsjagad\CascadeProjects\windsurf-cicd-pipeline-pre-commit\React_demo-master\windsurf-pipeline\local-pipeline\startup.js
  16:3  error  Unexpected console statement  no-console
  21:1  error  Unexpected console statement  no-console
  39:1  error  Unexpected console statement  no-console
  40:1  error  Unexpected console statement  no-console

C:\Users\hsjagad\CascadeProjects\windsurf-cicd-pipeline-pre-commit\React_demo-master\windsurf-pipeline\local-pipeline\status-indicator.js
  47:13  error  Unexpected console statement  no-console

✖ 100 problems (96 errors, 4 warnings)

 
[code-quality] [2025-09-24T14:34:43.017Z] [ERROR] Error Message: Command failed: npx eslint . --ext .js,.jsx,.ts,.tsx --no-error-on-unmatched-pattern
 
[code-quality] [2025-09-24T14:34:43.018Z] [ERROR] PRETTIER FAILED: 
[code-quality] [2025-09-24T14:34:43.018Z] [ERROR] Output: Checking formatting...
 
[code-quality] [2025-09-24T14:34:43.018Z] [ERROR] Error: [[33mwarn[39m] .eslintrc.js
[[33mwarn[39m] .prettierrc.json
[[33mwarn[39m] .vscode/settings.json
[[33mwarn[39m] ESLINT_NO_CONSOLE_SETUP.md
[[33mwarn[39m] package-lock.json
[[33mwarn[39m] package.json
[[33mwarn[39m] public/index.html
[[33mwarn[39m] README.md
[[33mwarn[39m] src/App.js
[[33mwarn[39m] src/components/Dashboard.js
[[33mwarn[39m] src/components/TestConsole.js
[[33mwarn[39m] Code style issues found in 11 files. Run Prettier with --write to fix.
 
[code-quality] [2025-09-24T14:34:43.019Z] [ERROR] Error Message: Command failed: npx prettier --check . --ignore-unknown
[[33mwarn[39m] .eslintrc.js
[[33mwarn[39m] .prettierrc.json
[[33mwarn[39m] .vscode/settings.json
[[33mwarn[39m] ESLINT_NO_CONSOLE_SETUP.md
[[33mwarn[39m] package-lock.json
[[33mwarn[39m] package.json
[[33mwarn[39m] public/index.html
[[33mwarn[39m] README.md
[[33mwarn[39m] src/App.js
[[33mwarn[39m] src/components/Dashboard.js
[[33mwarn[39m] src/components/TestConsole.js
[[33mwarn[39m] Code style issues found in 11 files. Run Prettier with --write to fix.
 
[code-quality] [2025-09-24T14:34:43.019Z] [ERROR] SYNTAX FAILED: 
[code-quality] [2025-09-24T14:34:43.019Z] [INFO] Code quality checks completed. Overall success: false 
[npm-version-scan] [2025-09-24T14:34:43.025Z] [INFO] Starting npm version vulnerability scan 
[npm-version-scan] [2025-09-24T14:34:48.219Z] [ERROR] npm version scan: FAILED 
[npm-version-scan] [2025-09-24T14:34:48.220Z] [ERROR] === NPM VERSION SCAN FAILURE DETAILS === 
[npm-version-scan] [2025-09-24T14:34:48.220Z] [WARN] Outdated package: @mui/icons-material (current: 5.18.0, wanted: 5.18.0, latest: 7.3.2) 
[npm-version-scan] [2025-09-24T14:34:48.220Z] [WARN] Outdated package: @mui/material (current: 5.18.0, wanted: 5.18.0, latest: 7.3.2) 
[npm-version-scan] [2025-09-24T14:34:48.220Z] [WARN] Outdated package: husky (current: 8.0.3, wanted: 8.0.3, latest: 9.1.7) 
[npm-version-scan] [2025-09-24T14:34:48.233Z] [WARN] Outdated package: lint-staged (current: 15.5.2, wanted: 15.5.2, latest: 16.2.0) 
[npm-version-scan] [2025-09-24T14:34:48.234Z] [WARN] Outdated package: react (current: 18.3.1, wanted: 18.3.1, latest: 19.1.1) 
[npm-version-scan] [2025-09-24T14:34:48.234Z] [WARN] Outdated package: react-dom (current: 18.3.1, wanted: 18.3.1, latest: 19.1.1) 
[npm-version-scan] [2025-09-24T14:34:48.235Z] [ERROR] Vulnerable package: @svgr/plugin-svgo 
[npm-version-scan] [2025-09-24T14:34:48.235Z] [ERROR] Vulnerable package: @svgr/webpack 
[npm-version-scan] [2025-09-24T14:34:48.235Z] [ERROR] Vulnerable package: css-select 
[npm-version-scan] [2025-09-24T14:34:48.236Z] [ERROR] Vulnerable package: nth-check 
[npm-version-scan] [2025-09-24T14:34:48.236Z] [ERROR] Vulnerable package: postcss 
[npm-version-scan] [2025-09-24T14:34:48.236Z] [ERROR] Vulnerable package: react-scripts 
[npm-version-scan] [2025-09-24T14:34:48.237Z] [ERROR] Vulnerable package: resolve-url-loader 
[npm-version-scan] [2025-09-24T14:34:48.237Z] [ERROR] Vulnerable package: svgo 
[npm-version-scan] [2025-09-24T14:34:48.237Z] [ERROR] Vulnerable package: webpack-dev-server 
[npm-version-scan] [2025-09-24T14:34:48.238Z] [INFO] npm version scan completed. Overall success: false 
[secret-detection] [2025-09-24T14:34:48.240Z] [INFO] Starting secret detection scan 
[secret-detection] [2025-09-24T14:34:48.265Z] [INFO] Secret detection: NO SECRETS FOUND 
[secret-detection] [2025-09-24T14:34:48.265Z] [INFO] Secret detection completed. Overall success: true 
[sast-scan] [2025-09-24T14:34:48.266Z] [INFO] Starting code coverage analysis for languages: nodejs
[sast-scan] [2025-09-24T14:34:48.271Z] [INFO] Code coverage analysis: SUCCESS 
[sast-scan] [2025-09-24T14:34:48.271Z] [INFO] === CODE COVERAGE RESULTS === 
[sast-scan] [2025-09-24T14:34:48.271Z] [INFO] Total files analyzed: 4 
[sast-scan] [2025-09-24T14:34:48.272Z] [INFO] Total lines of code: 313 
[sast-scan] [2025-09-24T14:34:48.272Z] [INFO] Average complexity: 1 
[sast-scan] [2025-09-24T14:34:48.272Z] [INFO] Code to total ratio: 91% 
[sast-scan] [2025-09-24T14:34:48.273Z] [INFO] Code coverage analysis completed. Overall success: true 
[summary] [2025-09-24T14:34:48.274Z] [INFO] PIPELINE EXECUTION SUMMARY 
[summary] [2025-09-24T14:34:48.274Z] [INFO] ================================================== 
[summary] [2025-09-24T14:34:48.275Z] [INFO] Execution started: 2025-09-24T14:34:29.895Z 
[summary] [2025-09-24T14:34:48.275Z] [INFO] Execution completed: 2025-09-24T14:34:48.275Z 
[summary] [2025-09-24T14:34:48.275Z] [INFO] Total duration: 18.38 seconds 
[summary] [2025-09-24T14:34:48.275Z] [INFO]  
[summary] [2025-09-24T14:34:48.275Z] [INFO] STAGE RESULTS: 
[summary] [2025-09-24T14:34:48.276Z] [INFO] Language Detection   ✅ PASS 
[summary] [2025-09-24T14:34:48.276Z] [INFO]   Languages detected: nodejs 
[summary] [2025-09-24T14:34:48.277Z] [INFO]   Primary language: nodejs 
[summary] [2025-09-24T14:34:48.277Z] [INFO] Dependency Check     ✅ PASS 
[summary] [2025-09-24T14:34:48.278Z] [INFO]   nodejs: SUCCESS 
[summary] [2025-09-24T14:34:48.278Z] [INFO] Code Quality         ❌ FAIL 
[summary] [2025-09-24T14:34:48.279Z] [INFO]   nodejs: FAILED 
[summary] [2025-09-24T14:34:48.279Z] [INFO] NPM Version Scan     ❌ FAIL 
[summary] [2025-09-24T14:34:48.280Z] [INFO]   nodejs: FAILED 
[summary] [2025-09-24T14:34:48.280Z] [INFO] Secret Detection     ✅ PASS 
[summary] [2025-09-24T14:34:48.281Z] [INFO]   secretScan: SUCCESS 
[summary] [2025-09-24T14:34:48.282Z] [INFO] SAST Scan            ✅ PASS 
[summary] [2025-09-24T14:34:48.282Z] [INFO]   coverage: SUCCESS 
[summary] [2025-09-24T14:34:48.283Z] [ERROR]  
[summary] [2025-09-24T14:34:48.283Z] [ERROR] ❌ PIPELINE FAILED: Please review the issues above. 
[summary] [2025-09-24T14:34:48.283Z] [INFO]  
[summary] [2025-09-24T14:34:48.284Z] [INFO] FINAL STATUS: FAILED 
[summary] [2025-09-24T14:34:48.284Z] [INFO] Log files location: C:\Users\hsjagad\CascadeProjects\windsurf-cicd-pipeline-pre-commit\React_demo-master\windsurf-pipeline\logs\run-2025-09-24T14-34-29-896Z 
[language-detection] [2025-09-24T14:35:24.638Z] [INFO] Starting language detection process 
[language-detection] [2025-09-24T14:35:24.638Z] [INFO] Detected Node.js via package.json in root 
[language-detection] [2025-09-24T14:35:24.639Z] [INFO] Final results: 1 languages detected 
[language-detection] [2025-09-24T14:35:24.640Z] [INFO] Languages: nodejs 
[language-detection] [2025-09-24T14:35:24.640Z] [INFO] Primary language: nodejs 
[language-detection] [2025-09-24T14:35:24.640Z] [INFO] Detection files: package.json 
[dependency-check] [2025-09-24T14:35:24.643Z] [INFO] Starting dependency check for languages: nodejs
[dependency-check] [2025-09-24T14:35:24.643Z] [INFO] Checking nodejs dependencies 
[dependency-check] [2025-09-24T14:35:27.324Z] [INFO] nodejs dependency check: SUCCESS 
[dependency-check] [2025-09-24T14:35:27.324Z] [INFO] Dependency check completed. Overall success: true 
[code-quality] [2025-09-24T14:35:27.326Z] [INFO] Starting code quality checks for languages: nodejs
[code-quality] [2025-09-24T14:35:27.327Z] [INFO] Running nodejs code quality checks 
[code-quality] [2025-09-24T14:35:36.654Z] [ERROR] nodejs code quality: FAILED 
[code-quality] [2025-09-24T14:35:36.655Z] [ERROR] === NODEJS CODE QUALITY FAILURE DETAILS === 
[code-quality] [2025-09-24T14:35:36.655Z] [ERROR] ESLINT FAILED: 
[code-quality] [2025-09-24T14:35:36.655Z] [ERROR] Output: 
C:\Users\hsjagad\CascadeProjects\windsurf-cicd-pipeline-pre-commit\React_demo-master\windsurf-pipeline\local-pipeline\auto-start-service.js
   21:5  error  Unexpected console statement  no-console
   25:7  error  Unexpected console statement  no-console
   44:5  error  Unexpected console statement  no-console
   63:7  error  Unexpected console statement  no-console
   68:7  error  Unexpected console statement  no-console
   73:5  error  Unexpected console statement  no-console
   88:5  error  Unexpected console statement  no-console
  104:7  error  Unexpected console statement  no-console
  110:7  error  Unexpected console statement  no-console
  121:7  error  Unexpected console statement  no-console
  132:5  error  Unexpected console statement  no-console

C:\Users\hsjagad\CascadeProjects\windsurf-cicd-pipeline-pre-commit\React_demo-master\windsurf-pipeline\local-pipeline\cleanup-locks.js
  29:5   error  Unexpected console statement  no-console
  32:9   error  Unexpected console statement  no-console
  41:9   error  Unexpected console statement  no-console
  42:9   error  Unexpected console statement  no-console
  43:9   error  Unexpected console statement  no-console
  46:13  error  Unexpected console statement  no-console
  48:13  error  Unexpected console statement  no-console
  50:13  error  Unexpected console statement  no-console
  53:9   error  Unexpected console statement  no-console
  55:9   error  Unexpected console statement  no-console

C:\Users\hsjagad\CascadeProjects\windsurf-cicd-pipeline-pre-commit\React_demo-master\windsurf-pipeline\local-pipeline\code-review-assistant.js
   37:9   error    Unexpected console statement                no-console
   38:9   error    Unexpected console statement                no-console
  128:13  error    Unexpected console statement                no-console
  196:9   warning  Expected a default case                     default-case
  288:30  error    'fixes' is assigned a value but never used  no-unused-vars
  299:9   error    Unexpected console statement                no-console
  300:9   error    Unexpected console statement                no-console
  303:13  error    Unexpected console statement                no-console
  308:13  error    Unexpected console statement                no-console
  311:17  error    Unexpected console statement                no-console
  313:21  error    Unexpected console statement                no-console
  318:9   error    Unexpected console statement                no-console
  319:9   error    Unexpected console statement                no-console
  327:17  error    Unexpected console statement                no-console
  360:9   error    Unexpected console statement                no-console
  361:9   error    Unexpected console statement                no-console
  368:17  error    Unexpected console statement                no-console
  369:17  error    Unexpected console statement                no-console
  372:21  error    Unexpected console statement                no-console
  373:21  error    Unexpected console statement                no-console
  374:21  error    Unexpected console statement                no-console
  377:25  error    Unexpected console statement                no-console
  378:25  error    Unexpected console statement                no-console
  392:13  error    Unexpected console statement                no-console
  397:9   error    Unexpected console statement                no-console
  398:9   error    Unexpected console statement                no-console
  412:25  error    Unexpected console statement                no-console
  417:25  error    Unexpected console statement                no-console
  420:21  error    Unexpected console statement                no-console
  427:9   error    Unexpected console statement                no-console
  428:9   error    Unexpected console statement                no-console
  429:9   error    Unexpected console statement                no-console
  430:9   error    Unexpected console statement                no-console
  431:9   error    Unexpected console statement                no-console
  432:9   error    Unexpected console statement                no-console
  433:9   error    Unexpected console statement                no-console
  434:9   error    Unexpected console statement                no-console
  435:9   error    Unexpected console statement                no-console
  436:9   error    Unexpected console statement                no-console
  437:9   error    Unexpected console statement                no-console
  438:9   error    Unexpected console statement                no-console
  439:9   error    Unexpected console statement                no-console
  440:9   error    Unexpected console statement                no-console
  444:9   error    Unexpected console statement                no-console
  461:13  error    Unexpected console statement                no-console
  465:9   error    Unexpected console statement                no-console
  467:13  error    Unexpected console statement                no-console
  469:17  error    Unexpected console statement                no-console
  530:13  error    Unexpected console statement                no-console
  532:13  error    Unexpected console statement                no-console
  543:9   error    Unexpected console statement                no-console
  551:9   error    Unexpected console statement                no-console

C:\Users\hsjagad\CascadeProjects\windsurf-cicd-pipeline-pre-commit\React_demo-master\windsurf-pipeline\local-pipeline\code-review-generator.js
  51:15  error  'stageResults' is assigned a value but never used  no-unused-vars

C:\Users\hsjagad\CascadeProjects\windsurf-cicd-pipeline-pre-commit\React_demo-master\windsurf-pipeline\local-pipeline\file-watcher.js
  160:13  error  Unexpected console statement  no-console
  367:9   error  Unexpected console statement  no-console

C:\Users\hsjagad\CascadeProjects\windsurf-cicd-pipeline-pre-commit\React_demo-master\windsurf-pipeline\local-pipeline\notifications.js
   76:9   error  Unexpected console statement  no-console
   77:9   error  Unexpected console statement  no-console
   78:9   error  Unexpected console statement  no-console
   79:9   error  Unexpected console statement  no-console
   80:9   error  Unexpected console statement  no-console
   98:13  error  Unexpected console statement  no-console
  157:17  error  Unexpected console statement  no-console
  162:21  error  Unexpected console statement  no-console
  164:21  error  Unexpected console statement  no-console

C:\Users\hsjagad\CascadeProjects\windsurf-cicd-pipeline-pre-commit\React_demo-master\windsurf-pipeline\local-pipeline\run-pipeline.js
    10:9    error    'spawn' is assigned a value but never used          no-unused-vars
    89:13   error    Unexpected console statement                        no-console
   113:13   error    Unexpected console statement                        no-console
   270:17   warning  Expected a default case                             default-case
   392:15   error    'safetyInstall' is assigned a value but never used  no-unused-vars
   445:17   warning  Expected a default case                             default-case
   969:15   error    'workingDir' is assigned a value but never used     no-unused-vars
  1092:190  warning  Unnecessary escape character: \.                    no-useless-escape
  1521:13   error    Unexpected console statement                        no-console
  1534:9    error    Unexpected console statement                        no-console

C:\Users\hsjagad\CascadeProjects\windsurf-cicd-pipeline-pre-commit\React_demo-master\windsurf-pipeline\local-pipeline\startup.js
  16:3  error  Unexpected console statement  no-console
  21:1  error  Unexpected console statement  no-console
  39:1  error  Unexpected console statement  no-console
  40:1  error  Unexpected console statement  no-console

C:\Users\hsjagad\CascadeProjects\windsurf-cicd-pipeline-pre-commit\React_demo-master\windsurf-pipeline\local-pipeline\status-indicator.js
  47:13  error  Unexpected console statement  no-console

✖ 100 problems (96 errors, 4 warnings)

 
[code-quality] [2025-09-24T14:35:36.656Z] [ERROR] Error Message: Command failed: npx eslint . --ext .js,.jsx,.ts,.tsx --no-error-on-unmatched-pattern
 
[code-quality] [2025-09-24T14:35:36.657Z] [ERROR] PRETTIER FAILED: 
[code-quality] [2025-09-24T14:35:36.657Z] [ERROR] Output: Checking formatting...
 
[code-quality] [2025-09-24T14:35:36.657Z] [ERROR] Error: [[33mwarn[39m] .eslintrc.js
[[33mwarn[39m] .prettierrc.json
[[33mwarn[39m] .vscode/settings.json
[[33mwarn[39m] ESLINT_NO_CONSOLE_SETUP.md
[[33mwarn[39m] package-lock.json
[[33mwarn[39m] package.json
[[33mwarn[39m] public/index.html
[[33mwarn[39m] README.md
[[33mwarn[39m] src/App.js
[[33mwarn[39m] src/components/Dashboard.js
[[33mwarn[39m] src/components/TestConsole.js
[[33mwarn[39m] Code style issues found in 11 files. Run Prettier with --write to fix.
 
[code-quality] [2025-09-24T14:35:36.658Z] [ERROR] Error Message: Command failed: npx prettier --check . --ignore-unknown
[[33mwarn[39m] .eslintrc.js
[[33mwarn[39m] .prettierrc.json
[[33mwarn[39m] .vscode/settings.json
[[33mwarn[39m] ESLINT_NO_CONSOLE_SETUP.md
[[33mwarn[39m] package-lock.json
[[33mwarn[39m] package.json
[[33mwarn[39m] public/index.html
[[33mwarn[39m] README.md
[[33mwarn[39m] src/App.js
[[33mwarn[39m] src/components/Dashboard.js
[[33mwarn[39m] src/components/TestConsole.js
[[33mwarn[39m] Code style issues found in 11 files. Run Prettier with --write to fix.
 
[code-quality] [2025-09-24T14:35:36.658Z] [ERROR] SYNTAX FAILED: 
[code-quality] [2025-09-24T14:35:36.658Z] [INFO] Code quality checks completed. Overall success: false 
[npm-version-scan] [2025-09-24T14:35:36.660Z] [INFO] Starting npm version vulnerability scan 
[npm-version-scan] [2025-09-24T14:35:41.809Z] [ERROR] npm version scan: FAILED 
[npm-version-scan] [2025-09-24T14:35:41.810Z] [ERROR] === NPM VERSION SCAN FAILURE DETAILS === 
[npm-version-scan] [2025-09-24T14:35:41.810Z] [WARN] Outdated package: @mui/icons-material (current: 5.18.0, wanted: 5.18.0, latest: 7.3.2) 
[npm-version-scan] [2025-09-24T14:35:41.811Z] [WARN] Outdated package: @mui/material (current: 5.18.0, wanted: 5.18.0, latest: 7.3.2) 
[npm-version-scan] [2025-09-24T14:35:41.811Z] [WARN] Outdated package: husky (current: 8.0.3, wanted: 8.0.3, latest: 9.1.7) 
[npm-version-scan] [2025-09-24T14:35:41.823Z] [WARN] Outdated package: lint-staged (current: 15.5.2, wanted: 15.5.2, latest: 16.2.0) 
[npm-version-scan] [2025-09-24T14:35:41.824Z] [WARN] Outdated package: react (current: 18.3.1, wanted: 18.3.1, latest: 19.1.1) 
[npm-version-scan] [2025-09-24T14:35:41.824Z] [WARN] Outdated package: react-dom (current: 18.3.1, wanted: 18.3.1, latest: 19.1.1) 
[npm-version-scan] [2025-09-24T14:35:41.824Z] [ERROR] Vulnerable package: @svgr/plugin-svgo 
[npm-version-scan] [2025-09-24T14:35:41.825Z] [ERROR] Vulnerable package: @svgr/webpack 
[npm-version-scan] [2025-09-24T14:35:41.825Z] [ERROR] Vulnerable package: css-select 
[npm-version-scan] [2025-09-24T14:35:41.825Z] [ERROR] Vulnerable package: nth-check 
[npm-version-scan] [2025-09-24T14:35:41.826Z] [ERROR] Vulnerable package: postcss 
[npm-version-scan] [2025-09-24T14:35:41.826Z] [ERROR] Vulnerable package: react-scripts 
[npm-version-scan] [2025-09-24T14:35:41.827Z] [ERROR] Vulnerable package: resolve-url-loader 
[npm-version-scan] [2025-09-24T14:35:41.827Z] [ERROR] Vulnerable package: svgo 
[npm-version-scan] [2025-09-24T14:35:41.827Z] [ERROR] Vulnerable package: webpack-dev-server 
[npm-version-scan] [2025-09-24T14:35:41.828Z] [INFO] npm version scan completed. Overall success: false 
[secret-detection] [2025-09-24T14:35:41.830Z] [INFO] Starting secret detection scan 
[secret-detection] [2025-09-24T14:35:41.856Z] [INFO] Secret detection: NO SECRETS FOUND 
[secret-detection] [2025-09-24T14:35:41.856Z] [INFO] Secret detection completed. Overall success: true 
[sast-scan] [2025-09-24T14:35:41.858Z] [INFO] Starting code coverage analysis for languages: nodejs
[sast-scan] [2025-09-24T14:35:41.863Z] [INFO] Code coverage analysis: SUCCESS 
[sast-scan] [2025-09-24T14:35:41.864Z] [INFO] === CODE COVERAGE RESULTS === 
[sast-scan] [2025-09-24T14:35:41.864Z] [INFO] Total files analyzed: 4 
[sast-scan] [2025-09-24T14:35:41.864Z] [INFO] Total lines of code: 313 
[sast-scan] [2025-09-24T14:35:41.864Z] [INFO] Average complexity: 1 
[sast-scan] [2025-09-24T14:35:41.865Z] [INFO] Code to total ratio: 91% 
[sast-scan] [2025-09-24T14:35:41.865Z] [INFO] Code coverage analysis completed. Overall success: true 
[summary] [2025-09-24T14:35:41.867Z] [INFO] PIPELINE EXECUTION SUMMARY 
[summary] [2025-09-24T14:35:41.868Z] [INFO] ================================================== 
[summary] [2025-09-24T14:35:41.868Z] [INFO] Execution started: 2025-09-24T14:35:24.582Z 
[summary] [2025-09-24T14:35:41.868Z] [INFO] Execution completed: 2025-09-24T14:35:41.868Z 
[summary] [2025-09-24T14:35:41.868Z] [INFO] Total duration: 17.29 seconds 
[summary] [2025-09-24T14:35:41.869Z] [INFO]  
[summary] [2025-09-24T14:35:41.869Z] [INFO] STAGE RESULTS: 
[summary] [2025-09-24T14:35:41.869Z] [INFO] Language Detection   ✅ PASS 
[summary] [2025-09-24T14:35:41.870Z] [INFO]   Languages detected: nodejs 
[summary] [2025-09-24T14:35:41.870Z] [INFO]   Primary language: nodejs 
[summary] [2025-09-24T14:35:41.871Z] [INFO] Dependency Check     ✅ PASS 
[summary] [2025-09-24T14:35:41.871Z] [INFO]   nodejs: SUCCESS 
[summary] [2025-09-24T14:35:41.871Z] [INFO] Code Quality         ❌ FAIL 
[summary] [2025-09-24T14:35:41.872Z] [INFO]   nodejs: FAILED 
[summary] [2025-09-24T14:35:41.872Z] [INFO] NPM Version Scan     ❌ FAIL 
[summary] [2025-09-24T14:35:41.872Z] [INFO]   nodejs: FAILED 
[summary] [2025-09-24T14:35:41.873Z] [INFO] Secret Detection     ✅ PASS 
[summary] [2025-09-24T14:35:41.873Z] [INFO]   secretScan: SUCCESS 
[summary] [2025-09-24T14:35:41.873Z] [INFO] SAST Scan            ✅ PASS 
[summary] [2025-09-24T14:35:41.874Z] [INFO]   coverage: SUCCESS 
[summary] [2025-09-24T14:35:41.874Z] [ERROR]  
[summary] [2025-09-24T14:35:41.874Z] [ERROR] ❌ PIPELINE FAILED: Please review the issues above. 
[summary] [2025-09-24T14:35:41.875Z] [INFO]  
[summary] [2025-09-24T14:35:41.875Z] [INFO] FINAL STATUS: FAILED 
[summary] [2025-09-24T14:35:41.875Z] [INFO] Log files location: C:\Users\hsjagad\CascadeProjects\windsurf-cicd-pipeline-pre-commit\React_demo-master\windsurf-pipeline\logs\run-2025-09-24T14-35-24-582Z 
[language-detection] [2025-09-25T05:40:36.150Z] [INFO] Starting language detection process 
[language-detection] [2025-09-25T05:40:36.154Z] [INFO] Detected Node.js via package.json in root 
[language-detection] [2025-09-25T05:40:36.156Z] [INFO] Final results: 1 languages detected 
[language-detection] [2025-09-25T05:40:36.157Z] [INFO] Languages: nodejs 
[language-detection] [2025-09-25T05:40:36.157Z] [INFO] Primary language: nodejs 
[language-detection] [2025-09-25T05:40:36.158Z] [INFO] Detection files: package.json 
[dependency-check] [2025-09-25T05:40:36.162Z] [INFO] Starting dependency check for languages: nodejs
[dependency-check] [2025-09-25T05:40:36.163Z] [INFO] Checking nodejs dependencies 
[dependency-check] [2025-09-25T05:40:42.185Z] [INFO] nodejs dependency check: SUCCESS 
[dependency-check] [2025-09-25T05:40:42.186Z] [INFO] Dependency check completed. Overall success: true 
[code-quality] [2025-09-25T05:40:42.188Z] [INFO] Starting code quality checks for languages: nodejs
[code-quality] [2025-09-25T05:40:42.189Z] [INFO] Running nodejs code quality checks 
[code-quality] [2025-09-25T05:41:02.778Z] [ERROR] nodejs code quality: FAILED 
[code-quality] [2025-09-25T05:41:02.779Z] [ERROR] === NODEJS CODE QUALITY FAILURE DETAILS === 
[code-quality] [2025-09-25T05:41:02.780Z] [ERROR] ESLINT FAILED: 
[code-quality] [2025-09-25T05:41:02.781Z] [ERROR] Output: 
C:\Users\hsjagad\CascadeProjects\windsurf-cicd-pipeline-pre-commit\React_demo-master\windsurf-pipeline\local-pipeline\auto-start-service.js
   21:5  error  Unexpected console statement  no-console
   25:7  error  Unexpected console statement  no-console
   44:5  error  Unexpected console statement  no-console
   63:7  error  Unexpected console statement  no-console
   68:7  error  Unexpected console statement  no-console
   73:5  error  Unexpected console statement  no-console
   88:5  error  Unexpected console statement  no-console
  104:7  error  Unexpected console statement  no-console
  110:7  error  Unexpected console statement  no-console
  121:7  error  Unexpected console statement  no-console
  132:5  error  Unexpected console statement  no-console

C:\Users\hsjagad\CascadeProjects\windsurf-cicd-pipeline-pre-commit\React_demo-master\windsurf-pipeline\local-pipeline\cleanup-locks.js
  29:5   error  Unexpected console statement  no-console
  32:9   error  Unexpected console statement  no-console
  41:9   error  Unexpected console statement  no-console
  42:9   error  Unexpected console statement  no-console
  43:9   error  Unexpected console statement  no-console
  46:13  error  Unexpected console statement  no-console
  48:13  error  Unexpected console statement  no-console
  50:13  error  Unexpected console statement  no-console
  53:9   error  Unexpected console statement  no-console
  55:9   error  Unexpected console statement  no-console

C:\Users\hsjagad\CascadeProjects\windsurf-cicd-pipeline-pre-commit\React_demo-master\windsurf-pipeline\local-pipeline\code-review-assistant.js
   37:9   error    Unexpected console statement                no-console
   38:9   error    Unexpected console statement                no-console
  128:13  error    Unexpected console statement                no-console
  196:9   warning  Expected a default case                     default-case
  288:30  error    'fixes' is assigned a value but never used  no-unused-vars
  299:9   error    Unexpected console statement                no-console
  300:9   error    Unexpected console statement                no-console
  303:13  error    Unexpected console statement                no-console
  308:13  error    Unexpected console statement                no-console
  311:17  error    Unexpected console statement                no-console
  313:21  error    Unexpected console statement                no-console
  318:9   error    Unexpected console statement                no-console
  319:9   error    Unexpected console statement                no-console
  327:17  error    Unexpected console statement                no-console
  360:9   error    Unexpected console statement                no-console
  361:9   error    Unexpected console statement                no-console
  368:17  error    Unexpected console statement                no-console
  369:17  error    Unexpected console statement                no-console
  372:21  error    Unexpected console statement                no-console
  373:21  error    Unexpected console statement                no-console
  374:21  error    Unexpected console statement                no-console
  377:25  error    Unexpected console statement                no-console
  378:25  error    Unexpected console statement                no-console
  392:13  error    Unexpected console statement                no-console
  397:9   error    Unexpected console statement                no-console
  398:9   error    Unexpected console statement                no-console
  412:25  error    Unexpected console statement                no-console
  417:25  error    Unexpected console statement                no-console
  420:21  error    Unexpected console statement                no-console
  427:9   error    Unexpected console statement                no-console
  428:9   error    Unexpected console statement                no-console
  429:9   error    Unexpected console statement                no-console
  430:9   error    Unexpected console statement                no-console
  431:9   error    Unexpected console statement                no-console
  432:9   error    Unexpected console statement                no-console
  433:9   error    Unexpected console statement                no-console
  434:9   error    Unexpected console statement                no-console
  435:9   error    Unexpected console statement                no-console
  436:9   error    Unexpected console statement                no-console
  437:9   error    Unexpected console statement                no-console
  438:9   error    Unexpected console statement                no-console
  439:9   error    Unexpected console statement                no-console
  440:9   error    Unexpected console statement                no-console
  444:9   error    Unexpected console statement                no-console
  461:13  error    Unexpected console statement                no-console
  465:9   error    Unexpected console statement                no-console
  467:13  error    Unexpected console statement                no-console
  469:17  error    Unexpected console statement                no-console
  530:13  error    Unexpected console statement                no-console
  532:13  error    Unexpected console statement                no-console
  543:9   error    Unexpected console statement                no-console
  551:9   error    Unexpected console statement                no-console

C:\Users\hsjagad\CascadeProjects\windsurf-cicd-pipeline-pre-commit\React_demo-master\windsurf-pipeline\local-pipeline\code-review-generator.js
  51:15  error  'stageResults' is assigned a value but never used  no-unused-vars

C:\Users\hsjagad\CascadeProjects\windsurf-cicd-pipeline-pre-commit\React_demo-master\windsurf-pipeline\local-pipeline\file-watcher.js
  160:13  error  Unexpected console statement  no-console
  367:9   error  Unexpected console statement  no-console

C:\Users\hsjagad\CascadeProjects\windsurf-cicd-pipeline-pre-commit\React_demo-master\windsurf-pipeline\local-pipeline\notifications.js
   76:9   error  Unexpected console statement  no-console
   77:9   error  Unexpected console statement  no-console
   78:9   error  Unexpected console statement  no-console
   79:9   error  Unexpected console statement  no-console
   80:9   error  Unexpected console statement  no-console
   98:13  error  Unexpected console statement  no-console
  157:17  error  Unexpected console statement  no-console
  162:21  error  Unexpected console statement  no-console
  164:21  error  Unexpected console statement  no-console

C:\Users\hsjagad\CascadeProjects\windsurf-cicd-pipeline-pre-commit\React_demo-master\windsurf-pipeline\local-pipeline\run-pipeline.js
    10:9    error    'spawn' is assigned a value but never used          no-unused-vars
    89:13   error    Unexpected console statement                        no-console
   113:13   error    Unexpected console statement                        no-console
   270:17   warning  Expected a default case                             default-case
   392:15   error    'safetyInstall' is assigned a value but never used  no-unused-vars
   445:17   warning  Expected a default case                             default-case
   969:15   error    'workingDir' is assigned a value but never used     no-unused-vars
  1092:190  warning  Unnecessary escape character: \.                    no-useless-escape
  1521:13   error    Unexpected console statement                        no-console
  1534:9    error    Unexpected console statement                        no-console

C:\Users\hsjagad\CascadeProjects\windsurf-cicd-pipeline-pre-commit\React_demo-master\windsurf-pipeline\local-pipeline\startup.js
  16:3  error  Unexpected console statement  no-console
  21:1  error  Unexpected console statement  no-console
  39:1  error  Unexpected console statement  no-console
  40:1  error  Unexpected console statement  no-console

C:\Users\hsjagad\CascadeProjects\windsurf-cicd-pipeline-pre-commit\React_demo-master\windsurf-pipeline\local-pipeline\status-indicator.js
  47:13  error  Unexpected console statement  no-console

✖ 100 problems (96 errors, 4 warnings)

 
[code-quality] [2025-09-25T05:41:02.794Z] [ERROR] Error Message: Command failed: npx eslint . --ext .js,.jsx,.ts,.tsx --no-error-on-unmatched-pattern
 
[code-quality] [2025-09-25T05:41:02.796Z] [ERROR] PRETTIER FAILED: 
[code-quality] [2025-09-25T05:41:02.797Z] [ERROR] Output: Checking formatting...
 
[code-quality] [2025-09-25T05:41:02.798Z] [ERROR] Error: [[33mwarn[39m] .eslintrc.js
[[33mwarn[39m] .prettierrc.json
[[33mwarn[39m] .vscode/settings.json
[[33mwarn[39m] ESLINT_NO_CONSOLE_SETUP.md
[[33mwarn[39m] package-lock.json
[[33mwarn[39m] package.json
[[33mwarn[39m] public/index.html
[[33mwarn[39m] README.md
[[33mwarn[39m] src/App.js
[[33mwarn[39m] src/components/Dashboard.js
[[33mwarn[39m] src/components/TestConsole.js
[[33mwarn[39m] Code style issues found in 11 files. Run Prettier with --write to fix.
 
[code-quality] [2025-09-25T05:41:02.799Z] [ERROR] Error Message: Command failed: npx prettier --check . --ignore-unknown
[[33mwarn[39m] .eslintrc.js
[[33mwarn[39m] .prettierrc.json
[[33mwarn[39m] .vscode/settings.json
[[33mwarn[39m] ESLINT_NO_CONSOLE_SETUP.md
[[33mwarn[39m] package-lock.json
[[33mwarn[39m] package.json
[[33mwarn[39m] public/index.html
[[33mwarn[39m] README.md
[[33mwarn[39m] src/App.js
[[33mwarn[39m] src/components/Dashboard.js
[[33mwarn[39m] src/components/TestConsole.js
[[33mwarn[39m] Code style issues found in 11 files. Run Prettier with --write to fix.
 
[code-quality] [2025-09-25T05:41:02.800Z] [ERROR] SYNTAX FAILED: 
[code-quality] [2025-09-25T05:41:02.800Z] [INFO] Code quality checks completed. Overall success: false 
[npm-version-scan] [2025-09-25T05:41:02.822Z] [INFO] Starting npm version vulnerability scan 
[npm-version-scan] [2025-09-25T05:41:11.225Z] [ERROR] npm version scan: FAILED 
[npm-version-scan] [2025-09-25T05:41:11.226Z] [ERROR] === NPM VERSION SCAN FAILURE DETAILS === 
[npm-version-scan] [2025-09-25T05:41:11.226Z] [WARN] Outdated package: @mui/icons-material (current: 5.18.0, wanted: 5.18.0, latest: 7.3.2) 
[npm-version-scan] [2025-09-25T05:41:11.227Z] [WARN] Outdated package: @mui/material (current: 5.18.0, wanted: 5.18.0, latest: 7.3.2) 
[npm-version-scan] [2025-09-25T05:41:11.227Z] [WARN] Outdated package: husky (current: 8.0.3, wanted: 8.0.3, latest: 9.1.7) 
[npm-version-scan] [2025-09-25T05:41:11.228Z] [WARN] Outdated package: lint-staged (current: 15.5.2, wanted: 15.5.2, latest: 16.2.0) 
[npm-version-scan] [2025-09-25T05:41:11.228Z] [WARN] Outdated package: react (current: 18.3.1, wanted: 18.3.1, latest: 19.1.1) 
[npm-version-scan] [2025-09-25T05:41:11.229Z] [WARN] Outdated package: react-dom (current: 18.3.1, wanted: 18.3.1, latest: 19.1.1) 
[npm-version-scan] [2025-09-25T05:41:11.229Z] [ERROR] Vulnerable package: @svgr/plugin-svgo 
[npm-version-scan] [2025-09-25T05:41:11.229Z] [ERROR] Vulnerable package: @svgr/webpack 
[npm-version-scan] [2025-09-25T05:41:11.230Z] [ERROR] Vulnerable package: css-select 
[npm-version-scan] [2025-09-25T05:41:11.230Z] [ERROR] Vulnerable package: nth-check 
[npm-version-scan] [2025-09-25T05:41:11.231Z] [ERROR] Vulnerable package: postcss 
[npm-version-scan] [2025-09-25T05:41:11.231Z] [ERROR] Vulnerable package: react-scripts 
[npm-version-scan] [2025-09-25T05:41:11.232Z] [ERROR] Vulnerable package: resolve-url-loader 
[npm-version-scan] [2025-09-25T05:41:11.233Z] [ERROR] Vulnerable package: svgo 
[npm-version-scan] [2025-09-25T05:41:11.233Z] [ERROR] Vulnerable package: webpack-dev-server 
[npm-version-scan] [2025-09-25T05:41:11.233Z] [INFO] npm version scan completed. Overall success: false 
[secret-detection] [2025-09-25T05:41:11.237Z] [INFO] Starting secret detection scan 
[secret-detection] [2025-09-25T05:41:11.273Z] [INFO] Secret detection: NO SECRETS FOUND 
[secret-detection] [2025-09-25T05:41:11.273Z] [INFO] Secret detection completed. Overall success: true 
[sast-scan] [2025-09-25T05:41:11.276Z] [INFO] Starting code coverage analysis for languages: nodejs
[sast-scan] [2025-09-25T05:41:11.286Z] [INFO] Code coverage analysis: SUCCESS 
[sast-scan] [2025-09-25T05:41:11.286Z] [INFO] === CODE COVERAGE RESULTS === 
[sast-scan] [2025-09-25T05:41:11.286Z] [INFO] Total files analyzed: 4 
[sast-scan] [2025-09-25T05:41:11.287Z] [INFO] Total lines of code: 313 
[sast-scan] [2025-09-25T05:41:11.288Z] [INFO] Average complexity: 1 
[sast-scan] [2025-09-25T05:41:11.288Z] [INFO] Code to total ratio: 91% 
[sast-scan] [2025-09-25T05:41:11.288Z] [INFO] Code coverage analysis completed. Overall success: true 
[summary] [2025-09-25T05:41:11.291Z] [INFO] PIPELINE EXECUTION SUMMARY 
[summary] [2025-09-25T05:41:11.292Z] [INFO] ================================================== 
[summary] [2025-09-25T05:41:11.293Z] [INFO] Execution started: 2025-09-25T05:40:36.066Z 
[summary] [2025-09-25T05:41:11.294Z] [INFO] Execution completed: 2025-09-25T05:41:11.294Z 
[summary] [2025-09-25T05:41:11.294Z] [INFO] Total duration: 35.22 seconds 
[summary] [2025-09-25T05:41:11.294Z] [INFO]  
[summary] [2025-09-25T05:41:11.295Z] [INFO] STAGE RESULTS: 
[summary] [2025-09-25T05:41:11.295Z] [INFO] Language Detection   ✅ PASS 
[summary] [2025-09-25T05:41:11.296Z] [INFO]   Languages detected: nodejs 
[summary] [2025-09-25T05:41:11.296Z] [INFO]   Primary language: nodejs 
[summary] [2025-09-25T05:41:11.297Z] [INFO] Dependency Check     ✅ PASS 
[summary] [2025-09-25T05:41:11.298Z] [INFO]   nodejs: SUCCESS 
[summary] [2025-09-25T05:41:11.298Z] [INFO] Code Quality         ❌ FAIL 
[summary] [2025-09-25T05:41:11.299Z] [INFO]   nodejs: FAILED 
[summary] [2025-09-25T05:41:11.300Z] [INFO] NPM Version Scan     ❌ FAIL 
[summary] [2025-09-25T05:41:11.300Z] [INFO]   nodejs: FAILED 
[summary] [2025-09-25T05:41:11.301Z] [INFO] Secret Detection     ✅ PASS 
[summary] [2025-09-25T05:41:11.301Z] [INFO]   secretScan: SUCCESS 
[summary] [2025-09-25T05:41:11.302Z] [INFO] SAST Scan            ✅ PASS 
[summary] [2025-09-25T05:41:11.302Z] [INFO]   coverage: SUCCESS 
[summary] [2025-09-25T05:41:11.303Z] [ERROR]  
[summary] [2025-09-25T05:41:11.303Z] [ERROR] ❌ PIPELINE FAILED: Please review the issues above. 
[summary] [2025-09-25T05:41:11.304Z] [INFO]  
[summary] [2025-09-25T05:41:11.304Z] [INFO] FINAL STATUS: FAILED 
[summary] [2025-09-25T05:41:11.305Z] [INFO] Log files location: C:\Users\hsjagad\CascadeProjects\windsurf-cicd-pipeline-pre-commit\React_demo-master\windsurf-pipeline\logs\run-2025-09-25T05-40-36-068Z 
[language-detection] [2025-09-25T08:14:03.085Z] [INFO] Starting language detection process 
[language-detection] [2025-09-25T08:14:03.086Z] [INFO] Detected Node.js via package.json in root 
[language-detection] [2025-09-25T08:14:03.088Z] [INFO] Final results: 1 languages detected 
[language-detection] [2025-09-25T08:14:03.088Z] [INFO] Languages: nodejs 
[language-detection] [2025-09-25T08:14:03.088Z] [INFO] Primary language: nodejs 
[language-detection] [2025-09-25T08:14:03.089Z] [INFO] Detection files: package.json 
[dependency-check] [2025-09-25T08:14:03.091Z] [INFO] Starting dependency check for languages: nodejs
[dependency-check] [2025-09-25T08:14:03.093Z] [INFO] Checking nodejs dependencies 
[dependency-check] [2025-09-25T08:14:07.939Z] [INFO] nodejs dependency check: SUCCESS 
[dependency-check] [2025-09-25T08:14:07.939Z] [INFO] Dependency check completed. Overall success: true 
[code-quality] [2025-09-25T08:14:07.942Z] [INFO] Starting code quality checks for languages: nodejs
[code-quality] [2025-09-25T08:14:07.942Z] [INFO] Running nodejs code quality checks 
[code-quality] [2025-09-25T08:14:23.521Z] [ERROR] nodejs code quality: FAILED 
[code-quality] [2025-09-25T08:14:23.521Z] [ERROR] === NODEJS CODE QUALITY FAILURE DETAILS === 
[code-quality] [2025-09-25T08:14:23.522Z] [ERROR] ESLINT FAILED: 
[code-quality] [2025-09-25T08:14:23.522Z] [ERROR] Output: 
C:\Users\hsjagad\CascadeProjects\windsurf-cicd-pipeline-pre-commit\React_demo-master\windsurf-pipeline\local-pipeline\auto-start-service.js
   21:5  error  Unexpected console statement  no-console
   25:7  error  Unexpected console statement  no-console
   44:5  error  Unexpected console statement  no-console
   63:7  error  Unexpected console statement  no-console
   68:7  error  Unexpected console statement  no-console
   73:5  error  Unexpected console statement  no-console
   88:5  error  Unexpected console statement  no-console
  104:7  error  Unexpected console statement  no-console
  110:7  error  Unexpected console statement  no-console
  121:7  error  Unexpected console statement  no-console
  132:5  error  Unexpected console statement  no-console

C:\Users\hsjagad\CascadeProjects\windsurf-cicd-pipeline-pre-commit\React_demo-master\windsurf-pipeline\local-pipeline\cleanup-locks.js
  29:5   error  Unexpected console statement  no-console
  32:9   error  Unexpected console statement  no-console
  41:9   error  Unexpected console statement  no-console
  42:9   error  Unexpected console statement  no-console
  43:9   error  Unexpected console statement  no-console
  46:13  error  Unexpected console statement  no-console
  48:13  error  Unexpected console statement  no-console
  50:13  error  Unexpected console statement  no-console
  53:9   error  Unexpected console statement  no-console
  55:9   error  Unexpected console statement  no-console

C:\Users\hsjagad\CascadeProjects\windsurf-cicd-pipeline-pre-commit\React_demo-master\windsurf-pipeline\local-pipeline\code-review-assistant.js
   37:9   error    Unexpected console statement                no-console
   38:9   error    Unexpected console statement                no-console
  128:13  error    Unexpected console statement                no-console
  196:9   warning  Expected a default case                     default-case
  288:30  error    'fixes' is assigned a value but never used  no-unused-vars
  299:9   error    Unexpected console statement                no-console
  300:9   error    Unexpected console statement                no-console
  303:13  error    Unexpected console statement                no-console
  308:13  error    Unexpected console statement                no-console
  311:17  error    Unexpected console statement                no-console
  313:21  error    Unexpected console statement                no-console
  318:9   error    Unexpected console statement                no-console
  319:9   error    Unexpected console statement                no-console
  327:17  error    Unexpected console statement                no-console
  360:9   error    Unexpected console statement                no-console
  361:9   error    Unexpected console statement                no-console
  368:17  error    Unexpected console statement                no-console
  369:17  error    Unexpected console statement                no-console
  372:21  error    Unexpected console statement                no-console
  373:21  error    Unexpected console statement                no-console
  374:21  error    Unexpected console statement                no-console
  377:25  error    Unexpected console statement                no-console
  378:25  error    Unexpected console statement                no-console
  392:13  error    Unexpected console statement                no-console
  397:9   error    Unexpected console statement                no-console
  398:9   error    Unexpected console statement                no-console
  412:25  error    Unexpected console statement                no-console
  417:25  error    Unexpected console statement                no-console
  420:21  error    Unexpected console statement                no-console
  427:9   error    Unexpected console statement                no-console
  428:9   error    Unexpected console statement                no-console
  429:9   error    Unexpected console statement                no-console
  430:9   error    Unexpected console statement                no-console
  431:9   error    Unexpected console statement                no-console
  432:9   error    Unexpected console statement                no-console
  433:9   error    Unexpected console statement                no-console
  434:9   error    Unexpected console statement                no-console
  435:9   error    Unexpected console statement                no-console
  436:9   error    Unexpected console statement                no-console
  437:9   error    Unexpected console statement                no-console
  438:9   error    Unexpected console statement                no-console
  439:9   error    Unexpected console statement                no-console
  440:9   error    Unexpected console statement                no-console
  444:9   error    Unexpected console statement                no-console
  461:13  error    Unexpected console statement                no-console
  465:9   error    Unexpected console statement                no-console
  467:13  error    Unexpected console statement                no-console
  469:17  error    Unexpected console statement                no-console
  530:13  error    Unexpected console statement                no-console
  532:13  error    Unexpected console statement                no-console
  543:9   error    Unexpected console statement                no-console
  551:9   error    Unexpected console statement                no-console

C:\Users\hsjagad\CascadeProjects\windsurf-cicd-pipeline-pre-commit\React_demo-master\windsurf-pipeline\local-pipeline\code-review-generator.js
  51:15  error  'stageResults' is assigned a value but never used  no-unused-vars

C:\Users\hsjagad\CascadeProjects\windsurf-cicd-pipeline-pre-commit\React_demo-master\windsurf-pipeline\local-pipeline\file-watcher.js
  160:13  error  Unexpected console statement  no-console
  367:9   error  Unexpected console statement  no-console

C:\Users\hsjagad\CascadeProjects\windsurf-cicd-pipeline-pre-commit\React_demo-master\windsurf-pipeline\local-pipeline\notifications.js
   76:9   error  Unexpected console statement  no-console
   77:9   error  Unexpected console statement  no-console
   78:9   error  Unexpected console statement  no-console
   79:9   error  Unexpected console statement  no-console
   80:9   error  Unexpected console statement  no-console
   98:13  error  Unexpected console statement  no-console
  157:17  error  Unexpected console statement  no-console
  162:21  error  Unexpected console statement  no-console
  164:21  error  Unexpected console statement  no-console

C:\Users\hsjagad\CascadeProjects\windsurf-cicd-pipeline-pre-commit\React_demo-master\windsurf-pipeline\local-pipeline\run-pipeline.js
    10:9    error    'spawn' is assigned a value but never used          no-unused-vars
    89:13   error    Unexpected console statement                        no-console
   113:13   error    Unexpected console statement                        no-console
   270:17   warning  Expected a default case                             default-case
   392:15   error    'safetyInstall' is assigned a value but never used  no-unused-vars
   445:17   warning  Expected a default case                             default-case
   969:15   error    'workingDir' is assigned a value but never used     no-unused-vars
  1092:190  warning  Unnecessary escape character: \.                    no-useless-escape
  1521:13   error    Unexpected console statement                        no-console
  1534:9    error    Unexpected console statement                        no-console

C:\Users\hsjagad\CascadeProjects\windsurf-cicd-pipeline-pre-commit\React_demo-master\windsurf-pipeline\local-pipeline\startup.js
  16:3  error  Unexpected console statement  no-console
  21:1  error  Unexpected console statement  no-console
  39:1  error  Unexpected console statement  no-console
  40:1  error  Unexpected console statement  no-console

C:\Users\hsjagad\CascadeProjects\windsurf-cicd-pipeline-pre-commit\React_demo-master\windsurf-pipeline\local-pipeline\status-indicator.js
  47:13  error  Unexpected console statement  no-console

✖ 100 problems (96 errors, 4 warnings)

 
[code-quality] [2025-09-25T08:14:23.535Z] [ERROR] Error Message: Command failed: npx eslint . --ext .js,.jsx,.ts,.tsx --no-error-on-unmatched-pattern
 
[code-quality] [2025-09-25T08:14:23.536Z] [ERROR] PRETTIER FAILED: 
[code-quality] [2025-09-25T08:14:23.536Z] [ERROR] Output: Checking formatting...
 
[code-quality] [2025-09-25T08:14:23.537Z] [ERROR] Error: [[33mwarn[39m] .eslintrc.js
[[33mwarn[39m] .prettierrc.json
[[33mwarn[39m] .vscode/settings.json
[[33mwarn[39m] ESLINT_NO_CONSOLE_SETUP.md
[[33mwarn[39m] package-lock.json
[[33mwarn[39m] package.json
[[33mwarn[39m] public/index.html
[[33mwarn[39m] README.md
[[33mwarn[39m] src/App.js
[[33mwarn[39m] src/components/Dashboard.js
[[33mwarn[39m] src/components/TestConsole.js
[[33mwarn[39m] windsurf-pipeline/DEVELOPER_SETUP.md
[[33mwarn[39m] windsurf-pipeline/eslint.config.js
[[33mwarn[39m] windsurf-pipeline/local-pipeline/auto-start-service.js
[[33mwarn[39m] windsurf-pipeline/local-pipeline/cleanup-locks.js
[[33mwarn[39m] windsurf-pipeline/local-pipeline/code-review-assistant.js
[[33mwarn[39m] windsurf-pipeline/local-pipeline/code-review-generator.js
[[33mwarn[39m] windsurf-pipeline/local-pipeline/file-watcher.js
[[33mwarn[39m] windsurf-pipeline/local-pipeline/notifications.js
[[33mwarn[39m] windsurf-pipeline/local-pipeline/run-pipeline.js
[[33mwarn[39m] windsurf-pipeline/local-pipeline/simple-coverage.js
[[33mwarn[39m] windsurf-pipeline/local-pipeline/startup.js
[[33mwarn[39m] windsurf-pipeline/local-pipeline/status-indicator.js
[[33mwarn[39m] windsurf-pipeline/logs/latest-review-data.json
[[33mwarn[39m] windsurf-pipeline/README.md
[[33mwarn[39m] windsurf-pipeline/reports/code-review-2025-09-24-20-05.md
[[33mwarn[39m] windsurf-pipeline/reports/code-review-2025-09-25-11-11.md
[[33mwarn[39m] windsurf-pipeline/reports/latest-code-review.md
[[33mwarn[39m] Code style issues found in 28 files. Run Prettier with --write to fix.
 
[code-quality] [2025-09-25T08:14:23.537Z] [ERROR] Error Message: Command failed: npx prettier --check . --ignore-unknown
[[33mwarn[39m] .eslintrc.js
[[33mwarn[39m] .prettierrc.json
[[33mwarn[39m] .vscode/settings.json
[[33mwarn[39m] ESLINT_NO_CONSOLE_SETUP.md
[[33mwarn[39m] package-lock.json
[[33mwarn[39m] package.json
[[33mwarn[39m] public/index.html
[[33mwarn[39m] README.md
[[33mwarn[39m] src/App.js
[[33mwarn[39m] src/components/Dashboard.js
[[33mwarn[39m] src/components/TestConsole.js
[[33mwarn[39m] windsurf-pipeline/DEVELOPER_SETUP.md
[[33mwarn[39m] windsurf-pipeline/eslint.config.js
[[33mwarn[39m] windsurf-pipeline/local-pipeline/auto-start-service.js
[[33mwarn[39m] windsurf-pipeline/local-pipeline/cleanup-locks.js
[[33mwarn[39m] windsurf-pipeline/local-pipeline/code-review-assistant.js
[[33mwarn[39m] windsurf-pipeline/local-pipeline/code-review-generator.js
[[33mwarn[39m] windsurf-pipeline/local-pipeline/file-watcher.js
[[33mwarn[39m] windsurf-pipeline/local-pipeline/notifications.js
[[33mwarn[39m] windsurf-pipeline/local-pipeline/run-pipeline.js
[[33mwarn[39m] windsurf-pipeline/local-pipeline/simple-coverage.js
[[33mwarn[39m] windsurf-pipeline/local-pipeline/startup.js
[[33mwarn[39m] windsurf-pipeline/local-pipeline/status-indicator.js
[[33mwarn[39m] windsurf-pipeline/logs/latest-review-data.json
[[33mwarn[39m] windsurf-pipeline/README.md
[[33mwarn[39m] windsurf-pipeline/reports/code-review-2025-09-24-20-05.md
[[33mwarn[39m] windsurf-pipeline/reports/code-review-2025-09-25-11-11.md
[[33mwarn[39m] windsurf-pipeline/reports/latest-code-review.md
[[33mwarn[39m] Code style issues found in 28 files. Run Prettier with --write to fix.
 
[code-quality] [2025-09-25T08:14:23.538Z] [ERROR] SYNTAX FAILED: 
[code-quality] [2025-09-25T08:14:23.538Z] [INFO] Code quality checks completed. Overall success: false 
[npm-version-scan] [2025-09-25T08:14:23.541Z] [INFO] Starting npm version vulnerability scan 
[npm-version-scan] [2025-09-25T08:14:31.114Z] [ERROR] npm version scan: FAILED 
[npm-version-scan] [2025-09-25T08:14:31.115Z] [ERROR] === NPM VERSION SCAN FAILURE DETAILS === 
[npm-version-scan] [2025-09-25T08:14:31.115Z] [WARN] Outdated package: @mui/icons-material (current: 5.18.0, wanted: 5.18.0, latest: 7.3.2) 
[npm-version-scan] [2025-09-25T08:14:31.116Z] [WARN] Outdated package: @mui/material (current: 5.18.0, wanted: 5.18.0, latest: 7.3.2) 
[npm-version-scan] [2025-09-25T08:14:31.116Z] [WARN] Outdated package: husky (current: 8.0.3, wanted: 8.0.3, latest: 9.1.7) 
[npm-version-scan] [2025-09-25T08:14:31.117Z] [WARN] Outdated package: lint-staged (current: 15.5.2, wanted: 15.5.2, latest: 16.2.0) 
[npm-version-scan] [2025-09-25T08:14:31.117Z] [WARN] Outdated package: react (current: 18.3.1, wanted: 18.3.1, latest: 19.1.1) 
[npm-version-scan] [2025-09-25T08:14:31.117Z] [WARN] Outdated package: react-dom (current: 18.3.1, wanted: 18.3.1, latest: 19.1.1) 
[npm-version-scan] [2025-09-25T08:14:31.118Z] [ERROR] Vulnerable package: @svgr/plugin-svgo 
[npm-version-scan] [2025-09-25T08:14:31.118Z] [ERROR] Vulnerable package: @svgr/webpack 
[npm-version-scan] [2025-09-25T08:14:31.119Z] [ERROR] Vulnerable package: css-select 
[npm-version-scan] [2025-09-25T08:14:31.119Z] [ERROR] Vulnerable package: nth-check 
[npm-version-scan] [2025-09-25T08:14:31.119Z] [ERROR] Vulnerable package: postcss 
[npm-version-scan] [2025-09-25T08:14:31.120Z] [ERROR] Vulnerable package: react-scripts 
[npm-version-scan] [2025-09-25T08:14:31.120Z] [ERROR] Vulnerable package: resolve-url-loader 
[npm-version-scan] [2025-09-25T08:14:31.121Z] [ERROR] Vulnerable package: svgo 
[npm-version-scan] [2025-09-25T08:14:31.121Z] [ERROR] Vulnerable package: webpack-dev-server 
[npm-version-scan] [2025-09-25T08:14:31.122Z] [INFO] npm version scan completed. Overall success: false 
[secret-detection] [2025-09-25T08:14:31.125Z] [INFO] Starting secret detection scan 
[secret-detection] [2025-09-25T08:14:31.162Z] [INFO] Secret detection: NO SECRETS FOUND 
[secret-detection] [2025-09-25T08:14:31.163Z] [INFO] Secret detection completed. Overall success: true 
[sast-scan] [2025-09-25T08:14:31.166Z] [INFO] Starting code coverage analysis for languages: nodejs
[sast-scan] [2025-09-25T08:14:31.176Z] [INFO] Code coverage analysis: SUCCESS 
[sast-scan] [2025-09-25T08:14:31.176Z] [INFO] === CODE COVERAGE RESULTS === 
[sast-scan] [2025-09-25T08:14:31.177Z] [INFO] Total files analyzed: 4 
[sast-scan] [2025-09-25T08:14:31.178Z] [INFO] Total lines of code: 313 
[sast-scan] [2025-09-25T08:14:31.178Z] [INFO] Average complexity: 1 
[sast-scan] [2025-09-25T08:14:31.178Z] [INFO] Code to total ratio: 91% 
[sast-scan] [2025-09-25T08:14:31.179Z] [INFO] Code coverage analysis completed. Overall success: true 
[summary] [2025-09-25T08:14:31.181Z] [INFO] PIPELINE EXECUTION SUMMARY 
[summary] [2025-09-25T08:14:31.182Z] [INFO] ================================================== 
[summary] [2025-09-25T08:14:31.183Z] [INFO] Execution started: 2025-09-25T08:14:03.016Z 
[summary] [2025-09-25T08:14:31.183Z] [INFO] Execution completed: 2025-09-25T08:14:31.183Z 
[summary] [2025-09-25T08:14:31.184Z] [INFO] Total duration: 28.16 seconds 
[summary] [2025-09-25T08:14:31.184Z] [INFO]  
[summary] [2025-09-25T08:14:31.184Z] [INFO] STAGE RESULTS: 
[summary] [2025-09-25T08:14:31.185Z] [INFO] Language Detection   ✅ PASS 
[summary] [2025-09-25T08:14:31.186Z] [INFO]   Languages detected: nodejs 
[summary] [2025-09-25T08:14:31.187Z] [INFO]   Primary language: nodejs 
[summary] [2025-09-25T08:14:31.189Z] [INFO] Dependency Check     ✅ PASS 
[summary] [2025-09-25T08:14:31.190Z] [INFO]   nodejs: SUCCESS 
[summary] [2025-09-25T08:14:31.191Z] [INFO] Code Quality         ❌ FAIL 
[summary] [2025-09-25T08:14:31.192Z] [INFO]   nodejs: FAILED 
[summary] [2025-09-25T08:14:31.193Z] [INFO] NPM Version Scan     ❌ FAIL 
[summary] [2025-09-25T08:14:31.193Z] [INFO]   nodejs: FAILED 
[summary] [2025-09-25T08:14:31.194Z] [INFO] Secret Detection     ✅ PASS 
[summary] [2025-09-25T08:14:31.195Z] [INFO]   secretScan: SUCCESS 
[summary] [2025-09-25T08:14:31.196Z] [INFO] SAST Scan            ✅ PASS 
[summary] [2025-09-25T08:14:31.196Z] [INFO]   coverage: SUCCESS 
[summary] [2025-09-25T08:14:31.197Z] [ERROR]  
[summary] [2025-09-25T08:14:31.198Z] [ERROR] ❌ PIPELINE FAILED: Please review the issues above. 
[summary] [2025-09-25T08:14:31.198Z] [INFO]  
[summary] [2025-09-25T08:14:31.199Z] [INFO] FINAL STATUS: FAILED 
[summary] [2025-09-25T08:14:31.199Z] [INFO] Log files location: C:\Users\hsjagad\CascadeProjects\windsurf-cicd-pipeline-pre-commit\React_demo-master\windsurf-pipeline\logs\run-2025-09-25T08-14-03-017Z 
[language-detection] [2025-09-25T08:25:24.984Z] [INFO] Starting language detection process 
[language-detection] [2025-09-25T08:25:24.985Z] [INFO] Detected Node.js via package.json in root 
[language-detection] [2025-09-25T08:25:24.986Z] [INFO] Final results: 1 languages detected 
[language-detection] [2025-09-25T08:25:24.987Z] [INFO] Languages: nodejs 
[language-detection] [2025-09-25T08:25:24.987Z] [INFO] Primary language: nodejs 
[language-detection] [2025-09-25T08:25:24.988Z] [INFO] Detection files: package.json 
[dependency-check] [2025-09-25T08:25:24.990Z] [INFO] Starting dependency check for languages: nodejs
[dependency-check] [2025-09-25T08:25:24.991Z] [INFO] Checking nodejs dependencies 
[dependency-check] [2025-09-25T08:25:29.710Z] [INFO] nodejs dependency check: SUCCESS 
[dependency-check] [2025-09-25T08:25:29.710Z] [INFO] Dependency check completed. Overall success: true 
[code-quality] [2025-09-25T08:25:29.712Z] [INFO] Starting code quality checks for languages: nodejs
[code-quality] [2025-09-25T08:25:29.713Z] [INFO] Running nodejs code quality checks 
[code-quality] [2025-09-25T08:25:38.461Z] [ERROR] ESLINT FAILED: 
[code-quality] [2025-09-25T08:25:38.462Z] [ERROR] Output: 
[code-quality] [2025-09-25T08:25:38.462Z] [ERROR] 
C:\Users\hsjagad\CascadeProjects\windsurf-cicd-pipeline-pre-commit\React_demo-master\windsurf-pipeline\local-pipeline\auto-start-service.js
   21:5  error  Unexpected console statement  no-console
   25:7  error  Unexpected console statement  no-console
   44:5  error  Unexpected console statement  no-console
   63:7  error  Unexpected console statement  no-console
   68:7  error  Unexpected console statement  no-console
   73:5  error  Unexpected console statement  no-console
   88:5  error  Unexpected console statement  no-console
  104:7  error  Unexpected console statement  no-console
  110:7  error  Unexpected console statement  no-console
  121:7  error  Unexpected console statement  no-console
  132:5  error  Unexpected console statement  no-console

C:\Users\hsjagad\CascadeProjects\windsurf-cicd-pipeline-pre-commit\React_demo-master\windsurf-pipeline\local-pipeline\cleanup-locks.js
  29:5   error  Unexpected console statement  no-console
  32:9   error  Unexpected console statement  no-console
  41:9   error  Unexpected console statement  no-console
  42:9   error  Unexpected console statement  no-console
  43:9   error  Unexpected console statement  no-console
  46:13  error  Unexpected console statement  no-console
  48:13  error  Unexpected console statement  no-console
  50:13  error  Unexpected console statement  no-console
  53:9   error  Unexpected console statement  no-console
  55:9   error  Unexpected console statement  no-console

C:\Users\hsjagad\CascadeProjects\windsurf-cicd-pipeline-pre-commit\React_demo-master\windsurf-pipeline\local-pipeline\code-review-assistant.js
   37:9   error    Unexpected console statement                no-console
   38:9   error    Unexpected console statement                no-console
  128:13  error    Unexpected console statement                no-console
  196:9   warning  Expected a default case                     default-case
  288:30  error    'fixes' is assigned a value but never used  no-unused-vars
  299:9   error    Unexpected console statement                no-console
  300:9   error    Unexpected console statement                no-console
  303:13  error    Unexpected console statement                no-console
  308:13  error    Unexpected console statement                no-console
  311:17  error    Unexpected console statement                no-console
  313:21  error    Unexpected console statement                no-console
  318:9   error    Unexpected console statement                no-console
  319:9   error    Unexpected console statement                no-console
  327:17  error    Unexpected console statement                no-console
  360:9   error    Unexpected console statement                no-console
  361:9   error    Unexpected console statement                no-console
  368:17  error    Unexpected console statement                no-console
  369:17  error    Unexpected console statement                no-console
  372:21  error    Unexpected console statement                no-console
  373:21  error    Unexpected console statement                no-console
  374:21  error    Unexpected console statement                no-console
  377:25  error    Unexpected console statement                no-console
  378:25  error    Unexpected console statement                no-console
  392:13  error    Unexpected console statement                no-console
  397:9   error    Unexpected console statement                no-console
  398:9   error    Unexpected console statement                no-console
  412:25  error    Unexpected console statement                no-console
  417:25  error    Unexpected console statement                no-console
  420:21  error    Unexpected console statement                no-console
  427:9   error    Unexpected console statement                no-console
  428:9   error    Unexpected console statement                no-console
  429:9   error    Unexpected console statement                no-console
  430:9   error    Unexpected console statement                no-console
  431:9   error    Unexpected console statement                no-console
  432:9   error    Unexpected console statement                no-console
  433:9   error    Unexpected console statement                no-console
  434:9   error    Unexpected console statement                no-console
  435:9   error    Unexpected console statement                no-console
  436:9   error    Unexpected console statement                no-console
  437:9   error    Unexpected console statement                no-console
  438:9   error    Unexpected console statement                no-console
  439:9   error    Unexpected console statement                no-console
  440:9   error    Unexpected console statement                no-console
  444:9   error    Unexpected console statement                no-console
  461:13  error    Unexpected console statement                no-console
  465:9   error    Unexpected console statement                no-console
  467:13  error    Unexpected console statement                no-console
  469:17  error    Unexpected console statement                no-console
  530:13  error    Unexpected console statement                no-console
  532:13  error    Unexpected console statement                no-console
  543:9   error    Unexpected console statement                no-console
  551:9   error    Unexpected console statement                no-console

C:\Users\hsjagad\CascadeProjects\windsurf-cicd-pipeline-pre-commit\React_demo-master\windsurf-pipeline\local-pipeline\code-review-generator.js
  51:15  error  'stageResults' is assigned a value but never used  no-unused-vars

C:\Users\hsjagad\CascadeProjects\windsurf-cicd-pipeline-pre-commit\React_demo-master\windsurf-pipeline\local-pipeline\file-watcher.js
  160:13  error  Unexpected console statement  no-console
  367:9   error  Unexpected console statement  no-console

C:\Users\hsjagad\CascadeProjects\windsurf-cicd-pipeline-pre-commit\React_demo-master\windsurf-pipeline\local-pipeline\notifications.js
   76:9   error  Unexpected console statement  no-console
   77:9   error  Unexpected console statement  no-console
   78:9   error  Unexpected console statement  no-console
   79:9   error  Unexpected console statement  no-console
   80:9   error  Unexpected console statement  no-console
   98:13  error  Unexpected console statement  no-console
  157:17  error  Unexpected console statement  no-console
  162:21  error  Unexpected console statement  no-console
  164:21  error  Unexpected console statement  no-console

C:\Users\hsjagad\CascadeProjects\windsurf-cicd-pipeline-pre-commit\React_demo-master\windsurf-pipeline\local-pipeline\run-pipeline.js
    10:9    error    'spawn' is assigned a value but never used          no-unused-vars
    89:13   error    Unexpected console statement                        no-console
   113:13   error    Unexpected console statement                        no-console
   270:17   warning  Expected a default case                             default-case
   392:15   error    'safetyInstall' is assigned a value but never used  no-unused-vars
   445:17   warning  Expected a default case                             default-case
  1024:15   error    'workingDir' is assigned a value but never used     no-unused-vars
  1147:190  warning  Unnecessary escape character: \.                    no-useless-escape
  1576:13   error    Unexpected console statement                        no-console
  1589:9    error    Unexpected console statement                        no-console

C:\Users\hsjagad\CascadeProjects\windsurf-cicd-pipeline-pre-commit\React_demo-master\windsurf-pipeline\local-pipeline\startup.js
  16:3  error  Unexpected console statement  no-console
  21:1  error  Unexpected console statement  no-console
  39:1  error  Unexpected console statement  no-console
  40:1  error  Unexpected console statement  no-console

C:\Users\hsjagad\CascadeProjects\windsurf-cicd-pipeline-pre-commit\React_demo-master\windsurf-pipeline\local-pipeline\status-indicator.js
  47:13  error  Unexpected console statement  no-console

✖ 100 problems (96 errors, 4 warnings)

 
[code-quality] [2025-09-25T08:25:44.432Z] [ERROR] nodejs code quality: FAILED 
[code-quality] [2025-09-25T08:25:44.433Z] [ERROR] === NODEJS CODE QUALITY FAILURE DETAILS === 
[code-quality] [2025-09-25T08:25:44.433Z] [ERROR] ESLINT FAILED: 
[code-quality] [2025-09-25T08:25:44.433Z] [ERROR] Output: 
C:\Users\hsjagad\CascadeProjects\windsurf-cicd-pipeline-pre-commit\React_demo-master\windsurf-pipeline\local-pipeline\auto-start-service.js
   21:5  error  Unexpected console statement  no-console
   25:7  error  Unexpected console statement  no-console
   44:5  error  Unexpected console statement  no-console
   63:7  error  Unexpected console statement  no-console
   68:7  error  Unexpected console statement  no-console
   73:5  error  Unexpected console statement  no-console
   88:5  error  Unexpected console statement  no-console
  104:7  error  Unexpected console statement  no-console
  110:7  error  Unexpected console statement  no-console
  121:7  error  Unexpected console statement  no-console
  132:5  error  Unexpected console statement  no-console

C:\Users\hsjagad\CascadeProjects\windsurf-cicd-pipeline-pre-commit\React_demo-master\windsurf-pipeline\local-pipeline\cleanup-locks.js
  29:5   error  Unexpected console statement  no-console
  32:9   error  Unexpected console statement  no-console
  41:9   error  Unexpected console statement  no-console
  42:9   error  Unexpected console statement  no-console
  43:9   error  Unexpected console statement  no-console
  46:13  error  Unexpected console statement  no-console
  48:13  error  Unexpected console statement  no-console
  50:13  error  Unexpected console statement  no-console
  53:9   error  Unexpected console statement  no-console
  55:9   error  Unexpected console statement  no-console

C:\Users\hsjagad\CascadeProjects\windsurf-cicd-pipeline-pre-commit\React_demo-master\windsurf-pipeline\local-pipeline\code-review-assistant.js
   37:9   error    Unexpected console statement                no-console
   38:9   error    Unexpected console statement                no-console
  128:13  error    Unexpected console statement                no-console
  196:9   warning  Expected a default case                     default-case
  288:30  error    'fixes' is assigned a value but never used  no-unused-vars
  299:9   error    Unexpected console statement                no-console
  300:9   error    Unexpected console statement                no-console
  303:13  error    Unexpected console statement                no-console
  308:13  error    Unexpected console statement                no-console
  311:17  error    Unexpected console statement                no-console
  313:21  error    Unexpected console statement                no-console
  318:9   error    Unexpected console statement                no-console
  319:9   error    Unexpected console statement                no-console
  327:17  error    Unexpected console statement                no-console
  360:9   error    Unexpected console statement                no-console
  361:9   error    Unexpected console statement                no-console
  368:17  error    Unexpected console statement                no-console
  369:17  error    Unexpected console statement                no-console
  372:21  error    Unexpected console statement                no-console
  373:21  error    Unexpected console statement                no-console
  374:21  error    Unexpected console statement                no-console
  377:25  error    Unexpected console statement                no-console
  378:25  error    Unexpected console statement                no-console
  392:13  error    Unexpected console statement                no-console
  397:9   error    Unexpected console statement                no-console
  398:9   error    Unexpected console statement                no-console
  412:25  error    Unexpected console statement                no-console
  417:25  error    Unexpected console statement                no-console
  420:21  error    Unexpected console statement                no-console
  427:9   error    Unexpected console statement                no-console
  428:9   error    Unexpected console statement                no-console
  429:9   error    Unexpected console statement                no-console
  430:9   error    Unexpected console statement                no-console
  431:9   error    Unexpected console statement                no-console
  432:9   error    Unexpected console statement                no-console
  433:9   error    Unexpected console statement                no-console
  434:9   error    Unexpected console statement                no-console
  435:9   error    Unexpected console statement                no-console
  436:9   error    Unexpected console statement                no-console
  437:9   error    Unexpected console statement                no-console
  438:9   error    Unexpected console statement                no-console
  439:9   error    Unexpected console statement                no-console
  440:9   error    Unexpected console statement                no-console
  444:9   error    Unexpected console statement                no-console
  461:13  error    Unexpected console statement                no-console
  465:9   error    Unexpected console statement                no-console
  467:13  error    Unexpected console statement                no-console
  469:17  error    Unexpected console statement                no-console
  530:13  error    Unexpected console statement                no-console
  532:13  error    Unexpected console statement                no-console
  543:9   error    Unexpected console statement                no-console
  551:9   error    Unexpected console statement                no-console

C:\Users\hsjagad\CascadeProjects\windsurf-cicd-pipeline-pre-commit\React_demo-master\windsurf-pipeline\local-pipeline\code-review-generator.js
  51:15  error  'stageResults' is assigned a value but never used  no-unused-vars

C:\Users\hsjagad\CascadeProjects\windsurf-cicd-pipeline-pre-commit\React_demo-master\windsurf-pipeline\local-pipeline\file-watcher.js
  160:13  error  Unexpected console statement  no-console
  367:9   error  Unexpected console statement  no-console

C:\Users\hsjagad\CascadeProjects\windsurf-cicd-pipeline-pre-commit\React_demo-master\windsurf-pipeline\local-pipeline\notifications.js
   76:9   error  Unexpected console statement  no-console
   77:9   error  Unexpected console statement  no-console
   78:9   error  Unexpected console statement  no-console
   79:9   error  Unexpected console statement  no-console
   80:9   error  Unexpected console statement  no-console
   98:13  error  Unexpected console statement  no-console
  157:17  error  Unexpected console statement  no-console
  162:21  error  Unexpected console statement  no-console
  164:21  error  Unexpected console statement  no-console

C:\Users\hsjagad\CascadeProjects\windsurf-cicd-pipeline-pre-commit\React_demo-master\windsurf-pipeline\local-pipeline\run-pipeline.js
    10:9    error    'spawn' is assigned a value but never used          no-unused-vars
    89:13   error    Unexpected console statement                        no-console
   113:13   error    Unexpected console statement                        no-console
   270:17   warning  Expected a default case                             default-case
   392:15   error    'safetyInstall' is assigned a value but never used  no-unused-vars
   445:17   warning  Expected a default case                             default-case
  1024:15   error    'workingDir' is assigned a value but never used     no-unused-vars
  1147:190  warning  Unnecessary escape character: \.                    no-useless-escape
  1576:13   error    Unexpected console statement                        no-console
  1589:9    error    Unexpected console statement                        no-console

C:\Users\hsjagad\CascadeProjects\windsurf-cicd-pipeline-pre-commit\React_demo-master\windsurf-pipeline\local-pipeline\startup.js
  16:3  error  Unexpected console statement  no-console
  21:1  error  Unexpected console statement  no-console
  39:1  error  Unexpected console statement  no-console
  40:1  error  Unexpected console statement  no-console

C:\Users\hsjagad\CascadeProjects\windsurf-cicd-pipeline-pre-commit\React_demo-master\windsurf-pipeline\local-pipeline\status-indicator.js
  47:13  error  Unexpected console statement  no-console

✖ 100 problems (96 errors, 4 warnings)

 
[code-quality] [2025-09-25T08:25:44.434Z] [ERROR] Error Message: Command failed: npx eslint . --ext .js,.jsx,.ts,.tsx --no-error-on-unmatched-pattern
 
[code-quality] [2025-09-25T08:25:44.434Z] [ERROR] PRETTIER FAILED: 
[code-quality] [2025-09-25T08:25:44.434Z] [ERROR] Output: Checking formatting...
 
[code-quality] [2025-09-25T08:25:44.435Z] [ERROR] Error: [[33mwarn[39m] .eslintrc.js
[[33mwarn[39m] .prettierrc.json
[[33mwarn[39m] .vscode/settings.json
[[33mwarn[39m] ESLINT_NO_CONSOLE_SETUP.md
[[33mwarn[39m] package-lock.json
[[33mwarn[39m] package.json
[[33mwarn[39m] public/index.html
[[33mwarn[39m] README.md
[[33mwarn[39m] src/App.js
[[33mwarn[39m] src/components/Dashboard.js
[[33mwarn[39m] src/components/TestConsole.js
[[33mwarn[39m] windsurf-pipeline/DEVELOPER_SETUP.md
[[33mwarn[39m] windsurf-pipeline/eslint.config.js
[[33mwarn[39m] windsurf-pipeline/local-pipeline/auto-start-service.js
[[33mwarn[39m] windsurf-pipeline/local-pipeline/cleanup-locks.js
[[33mwarn[39m] windsurf-pipeline/local-pipeline/code-review-assistant.js
[[33mwarn[39m] windsurf-pipeline/local-pipeline/code-review-generator.js
[[33mwarn[39m] windsurf-pipeline/local-pipeline/file-watcher.js
[[33mwarn[39m] windsurf-pipeline/local-pipeline/notifications.js
[[33mwarn[39m] windsurf-pipeline/local-pipeline/run-pipeline.js
[[33mwarn[39m] windsurf-pipeline/local-pipeline/simple-coverage.js
[[33mwarn[39m] windsurf-pipeline/local-pipeline/startup.js
[[33mwarn[39m] windsurf-pipeline/local-pipeline/status-indicator.js
[[33mwarn[39m] windsurf-pipeline/logs/latest-review-data.json
[[33mwarn[39m] windsurf-pipeline/README.md
[[33mwarn[39m] windsurf-pipeline/reports/code-review-2025-09-24-20-05.md
[[33mwarn[39m] windsurf-pipeline/reports/code-review-2025-09-25-11-11.md
[[33mwarn[39m] windsurf-pipeline/reports/code-review-2025-09-25-13-44.md
[[33mwarn[39m] windsurf-pipeline/reports/latest-code-review.md
[[33mwarn[39m] Code style issues found in 29 files. Run Prettier with --write to fix.
 
[code-quality] [2025-09-25T08:25:44.435Z] [ERROR] Error Message: Command failed: npx prettier --check . --ignore-unknown
[[33mwarn[39m] .eslintrc.js
[[33mwarn[39m] .prettierrc.json
[[33mwarn[39m] .vscode/settings.json
[[33mwarn[39m] ESLINT_NO_CONSOLE_SETUP.md
[[33mwarn[39m] package-lock.json
[[33mwarn[39m] package.json
[[33mwarn[39m] public/index.html
[[33mwarn[39m] README.md
[[33mwarn[39m] src/App.js
[[33mwarn[39m] src/components/Dashboard.js
[[33mwarn[39m] src/components/TestConsole.js
[[33mwarn[39m] windsurf-pipeline/DEVELOPER_SETUP.md
[[33mwarn[39m] windsurf-pipeline/eslint.config.js
[[33mwarn[39m] windsurf-pipeline/local-pipeline/auto-start-service.js
[[33mwarn[39m] windsurf-pipeline/local-pipeline/cleanup-locks.js
[[33mwarn[39m] windsurf-pipeline/local-pipeline/code-review-assistant.js
[[33mwarn[39m] windsurf-pipeline/local-pipeline/code-review-generator.js
[[33mwarn[39m] windsurf-pipeline/local-pipeline/file-watcher.js
[[33mwarn[39m] windsurf-pipeline/local-pipeline/notifications.js
[[33mwarn[39m] windsurf-pipeline/local-pipeline/run-pipeline.js
[[33mwarn[39m] windsurf-pipeline/local-pipeline/simple-coverage.js
[[33mwarn[39m] windsurf-pipeline/local-pipeline/startup.js
[[33mwarn[39m] windsurf-pipeline/local-pipeline/status-indicator.js
[[33mwarn[39m] windsurf-pipeline/logs/latest-review-data.json
[[33mwarn[39m] windsurf-pipeline/README.md
[[33mwarn[39m] windsurf-pipeline/reports/code-review-2025-09-24-20-05.md
[[33mwarn[39m] windsurf-pipeline/reports/code-review-2025-09-25-11-11.md
[[33mwarn[39m] windsurf-pipeline/reports/code-review-2025-09-25-13-44.md
[[33mwarn[39m] windsurf-pipeline/reports/latest-code-review.md
[[33mwarn[39m] Code style issues found in 29 files. Run Prettier with --write to fix.
 
[code-quality] [2025-09-25T08:25:44.435Z] [ERROR] SYNTAX FAILED: 
[code-quality] [2025-09-25T08:25:44.435Z] [INFO] Code quality checks completed. Overall success: false 
[npm-version-scan] [2025-09-25T08:25:44.438Z] [INFO] Starting npm version vulnerability scan 
[npm-version-scan] [2025-09-25T08:25:51.981Z] [ERROR] npm version scan: FAILED 
[npm-version-scan] [2025-09-25T08:25:51.981Z] [ERROR] === NPM VERSION SCAN FAILURE DETAILS === 
[npm-version-scan] [2025-09-25T08:25:51.982Z] [WARN] Outdated package: @mui/icons-material (current: 5.18.0, wanted: 5.18.0, latest: 7.3.2) 
[npm-version-scan] [2025-09-25T08:25:51.983Z] [WARN] Outdated package: @mui/material (current: 5.18.0, wanted: 5.18.0, latest: 7.3.2) 
[npm-version-scan] [2025-09-25T08:25:51.983Z] [WARN] Outdated package: husky (current: 8.0.3, wanted: 8.0.3, latest: 9.1.7) 
[npm-version-scan] [2025-09-25T08:25:51.995Z] [WARN] Outdated package: lint-staged (current: 15.5.2, wanted: 15.5.2, latest: 16.2.0) 
[npm-version-scan] [2025-09-25T08:25:51.995Z] [WARN] Outdated package: react (current: 18.3.1, wanted: 18.3.1, latest: 19.1.1) 
[npm-version-scan] [2025-09-25T08:25:51.996Z] [WARN] Outdated package: react-dom (current: 18.3.1, wanted: 18.3.1, latest: 19.1.1) 
[npm-version-scan] [2025-09-25T08:25:51.996Z] [ERROR] Vulnerable package: @svgr/plugin-svgo 
[npm-version-scan] [2025-09-25T08:25:51.997Z] [ERROR] Vulnerable package: @svgr/webpack 
[npm-version-scan] [2025-09-25T08:25:51.997Z] [ERROR] Vulnerable package: css-select 
[npm-version-scan] [2025-09-25T08:25:51.998Z] [ERROR] Vulnerable package: nth-check 
[npm-version-scan] [2025-09-25T08:25:51.998Z] [ERROR] Vulnerable package: postcss 
[npm-version-scan] [2025-09-25T08:25:51.998Z] [ERROR] Vulnerable package: react-scripts 
[npm-version-scan] [2025-09-25T08:25:51.999Z] [ERROR] Vulnerable package: resolve-url-loader 
[npm-version-scan] [2025-09-25T08:25:51.999Z] [ERROR] Vulnerable package: svgo 
[npm-version-scan] [2025-09-25T08:25:52.000Z] [ERROR] Vulnerable package: webpack-dev-server 
[npm-version-scan] [2025-09-25T08:25:52.000Z] [INFO] npm version scan completed. Overall success: false 
[secret-detection] [2025-09-25T08:25:52.003Z] [INFO] Starting secret detection scan 
[secret-detection] [2025-09-25T08:25:52.039Z] [INFO] Secret detection: NO SECRETS FOUND 
[secret-detection] [2025-09-25T08:25:52.039Z] [INFO] Secret detection completed. Overall success: true 
[sast-scan] [2025-09-25T08:25:52.041Z] [INFO] Starting code coverage analysis for languages: nodejs
[sast-scan] [2025-09-25T08:25:52.050Z] [INFO] Code coverage analysis: SUCCESS 
[sast-scan] [2025-09-25T08:25:52.051Z] [INFO] === CODE COVERAGE RESULTS === 
[sast-scan] [2025-09-25T08:25:52.051Z] [INFO] Total files analyzed: 4 
[sast-scan] [2025-09-25T08:25:52.052Z] [INFO] Total lines of code: 313 
[sast-scan] [2025-09-25T08:25:52.052Z] [INFO] Average complexity: 1 
[sast-scan] [2025-09-25T08:25:52.052Z] [INFO] Code to total ratio: 91% 
[sast-scan] [2025-09-25T08:25:52.053Z] [INFO] Code coverage analysis completed. Overall success: true 
[summary] [2025-09-25T08:25:52.054Z] [INFO] PIPELINE EXECUTION SUMMARY 
[summary] [2025-09-25T08:25:52.055Z] [INFO] ================================================== 
[summary] [2025-09-25T08:25:52.056Z] [INFO] Execution started: 2025-09-25T08:25:24.926Z 
[summary] [2025-09-25T08:25:52.056Z] [INFO] Execution completed: 2025-09-25T08:25:52.056Z 
[summary] [2025-09-25T08:25:52.056Z] [INFO] Total duration: 27.13 seconds 
[summary] [2025-09-25T08:25:52.057Z] [INFO]  
[summary] [2025-09-25T08:25:52.057Z] [INFO] STAGE RESULTS: 
[summary] [2025-09-25T08:25:52.057Z] [INFO] Language Detection   ✅ PASS 
[summary] [2025-09-25T08:25:52.058Z] [INFO]   Languages detected: nodejs 
[summary] [2025-09-25T08:25:52.059Z] [INFO]   Primary language: nodejs 
[summary] [2025-09-25T08:25:52.059Z] [INFO] Dependency Check     ✅ PASS 
[summary] [2025-09-25T08:25:52.060Z] [INFO]   nodejs: SUCCESS 
[summary] [2025-09-25T08:25:52.060Z] [INFO] Code Quality         ❌ FAIL 
[summary] [2025-09-25T08:25:52.061Z] [INFO]   nodejs: FAILED 
[summary] [2025-09-25T08:25:52.062Z] [INFO] NPM Version Scan     ❌ FAIL 
[summary] [2025-09-25T08:25:52.063Z] [INFO]   nodejs: FAILED 
[summary] [2025-09-25T08:25:52.064Z] [INFO] Secret Detection     ✅ PASS 
[summary] [2025-09-25T08:25:52.065Z] [INFO]   secretScan: SUCCESS 
[summary] [2025-09-25T08:25:52.065Z] [INFO] SAST Scan            ✅ PASS 
[summary] [2025-09-25T08:25:52.066Z] [INFO]   coverage: SUCCESS 
[summary] [2025-09-25T08:25:52.067Z] [ERROR]  
[summary] [2025-09-25T08:25:52.068Z] [ERROR] ❌ PIPELINE FAILED: Please review the issues above. 
[summary] [2025-09-25T08:25:52.068Z] [INFO]  
[summary] [2025-09-25T08:25:52.069Z] [INFO] FINAL STATUS: FAILED 
[summary] [2025-09-25T08:25:52.069Z] [INFO] Log files location: C:\Users\hsjagad\CascadeProjects\windsurf-cicd-pipeline-pre-commit\React_demo-master\windsurf-pipeline\logs\run-2025-09-25T08-25-24-927Z 
[language-detection] [2025-09-25T08:42:53.178Z] [INFO] Starting language detection process 
[language-detection] [2025-09-25T08:42:53.178Z] [INFO] Detected Node.js via package.json in root 
[language-detection] [2025-09-25T08:42:53.180Z] [INFO] Final results: 1 languages detected 
[language-detection] [2025-09-25T08:42:53.180Z] [INFO] Languages: nodejs 
[language-detection] [2025-09-25T08:42:53.181Z] [INFO] Primary language: nodejs 
[language-detection] [2025-09-25T08:42:53.181Z] [INFO] Detection files: package.json 
[dependency-check] [2025-09-25T08:42:53.184Z] [INFO] Starting dependency check for languages: nodejs
[dependency-check] [2025-09-25T08:42:53.184Z] [INFO] Checking nodejs dependencies 
[dependency-check] [2025-09-25T08:42:57.081Z] [INFO] nodejs dependency check: SUCCESS 
[dependency-check] [2025-09-25T08:42:57.081Z] [INFO] Dependency check completed. Overall success: true 
[code-quality] [2025-09-25T08:42:57.084Z] [INFO] Starting code quality checks for languages: nodejs
[code-quality] [2025-09-25T08:42:57.085Z] [INFO] Running nodejs code quality checks 
[code-quality] [2025-09-25T08:43:07.728Z] [ERROR] nodejs code quality: FAILED 
[code-quality] [2025-09-25T08:43:07.728Z] [ERROR] === NODEJS CODE QUALITY FAILURE DETAILS === 
[code-quality] [2025-09-25T08:43:07.728Z] [ERROR] PRETTIER FAILED: 
[code-quality] [2025-09-25T08:43:07.729Z] [ERROR] Output: Checking formatting...
 
[code-quality] [2025-09-25T08:43:07.729Z] [ERROR] Error: [[33mwarn[39m] .eslintrc.js
[[33mwarn[39m] .prettierrc.json
[[33mwarn[39m] .vscode/settings.json
[[33mwarn[39m] ESLINT_NO_CONSOLE_SETUP.md
[[33mwarn[39m] package-lock.json
[[33mwarn[39m] package.json
[[33mwarn[39m] public/index.html
[[33mwarn[39m] README.md
[[33mwarn[39m] src/App.js
[[33mwarn[39m] src/components/Dashboard.js
[[33mwarn[39m] src/components/TestConsole.js
[[33mwarn[39m] windsurf-pipeline/DEVELOPER_SETUP.md
[[33mwarn[39m] windsurf-pipeline/eslint.config.js
[[33mwarn[39m] windsurf-pipeline/local-pipeline/auto-start-service.js
[[33mwarn[39m] windsurf-pipeline/local-pipeline/cleanup-locks.js
[[33mwarn[39m] windsurf-pipeline/local-pipeline/code-review-assistant.js
[[33mwarn[39m] windsurf-pipeline/local-pipeline/code-review-generator.js
[[33mwarn[39m] windsurf-pipeline/local-pipeline/file-watcher.js
[[33mwarn[39m] windsurf-pipeline/local-pipeline/notifications.js
[[33mwarn[39m] windsurf-pipeline/local-pipeline/run-pipeline.js
[[33mwarn[39m] windsurf-pipeline/local-pipeline/simple-coverage.js
[[33mwarn[39m] windsurf-pipeline/local-pipeline/startup.js
[[33mwarn[39m] windsurf-pipeline/local-pipeline/status-indicator.js
[[33mwarn[39m] windsurf-pipeline/logs/latest-review-data.json
[[33mwarn[39m] windsurf-pipeline/logs/PIPELINE_EXECUTION_SUMMARY.md
[[33mwarn[39m] windsurf-pipeline/README.md
[[33mwarn[39m] windsurf-pipeline/reports/code-review-2025-09-24-20-05.md
[[33mwarn[39m] windsurf-pipeline/reports/code-review-2025-09-25-11-11.md
[[33mwarn[39m] windsurf-pipeline/reports/code-review-2025-09-25-13-44.md
[[33mwarn[39m] windsurf-pipeline/reports/code-review-2025-09-25-13-55.md
[[33mwarn[39m] windsurf-pipeline/reports/latest-code-review.md
[[33mwarn[39m] Code style issues found in 31 files. Run Prettier with --write to fix.
 
[code-quality] [2025-09-25T08:43:07.730Z] [ERROR] Error Message: Command failed: npx prettier --check . --ignore-unknown --ignore-path .gitignore
[[33mwarn[39m] .eslintrc.js
[[33mwarn[39m] .prettierrc.json
[[33mwarn[39m] .vscode/settings.json
[[33mwarn[39m] ESLINT_NO_CONSOLE_SETUP.md
[[33mwarn[39m] package-lock.json
[[33mwarn[39m] package.json
[[33mwarn[39m] public/index.html
[[33mwarn[39m] README.md
[[33mwarn[39m] src/App.js
[[33mwarn[39m] src/components/Dashboard.js
[[33mwarn[39m] src/components/TestConsole.js
[[33mwarn[39m] windsurf-pipeline/DEVELOPER_SETUP.md
[[33mwarn[39m] windsurf-pipeline/eslint.config.js
[[33mwarn[39m] windsurf-pipeline/local-pipeline/auto-start-service.js
[[33mwarn[39m] windsurf-pipeline/local-pipeline/cleanup-locks.js
[[33mwarn[39m] windsurf-pipeline/local-pipeline/code-review-assistant.js
[[33mwarn[39m] windsurf-pipeline/local-pipeline/code-review-generator.js
[[33mwarn[39m] windsurf-pipeline/local-pipeline/file-watcher.js
[[33mwarn[39m] windsurf-pipeline/local-pipeline/notifications.js
[[33mwarn[39m] windsurf-pipeline/local-pipeline/run-pipeline.js
[[33mwarn[39m] windsurf-pipeline/local-pipeline/simple-coverage.js
[[33mwarn[39m] windsurf-pipeline/local-pipeline/startup.js
[[33mwarn[39m] windsurf-pipeline/local-pipeline/status-indicator.js
[[33mwarn[39m] windsurf-pipeline/logs/latest-review-data.json
[[33mwarn[39m] windsurf-pipeline/logs/PIPELINE_EXECUTION_SUMMARY.md
[[33mwarn[39m] windsurf-pipeline/README.md
[[33mwarn[39m] windsurf-pipeline/reports/code-review-2025-09-24-20-05.md
[[33mwarn[39m] windsurf-pipeline/reports/code-review-2025-09-25-11-11.md
[[33mwarn[39m] windsurf-pipeline/reports/code-review-2025-09-25-13-44.md
[[33mwarn[39m] windsurf-pipeline/reports/code-review-2025-09-25-13-55.md
[[33mwarn[39m] windsurf-pipeline/reports/latest-code-review.md
[[33mwarn[39m] Code style issues found in 31 files. Run Prettier with --write to fix.
 
[code-quality] [2025-09-25T08:43:07.730Z] [ERROR] SYNTAX FAILED: 
[code-quality] [2025-09-25T08:43:07.730Z] [INFO] Code quality checks completed. Overall success: false 
[npm-version-scan] [2025-09-25T08:43:07.732Z] [INFO] Starting npm version vulnerability scan 
[npm-version-scan] [2025-09-25T08:43:13.912Z] [ERROR] npm version scan: FAILED 
[npm-version-scan] [2025-09-25T08:43:13.913Z] [ERROR] === NPM VERSION SCAN FAILURE DETAILS === 
[npm-version-scan] [2025-09-25T08:43:13.913Z] [WARN] Outdated package: @mui/icons-material (current: 5.18.0, wanted: 5.18.0, latest: 7.3.2) 
[npm-version-scan] [2025-09-25T08:43:13.914Z] [WARN] Outdated package: @mui/material (current: 5.18.0, wanted: 5.18.0, latest: 7.3.2) 
[npm-version-scan] [2025-09-25T08:43:13.914Z] [WARN] Outdated package: husky (current: 8.0.3, wanted: 8.0.3, latest: 9.1.7) 
[npm-version-scan] [2025-09-25T08:43:13.927Z] [WARN] Outdated package: lint-staged (current: 15.5.2, wanted: 15.5.2, latest: 16.2.0) 
[npm-version-scan] [2025-09-25T08:43:13.927Z] [WARN] Outdated package: react (current: 18.3.1, wanted: 18.3.1, latest: 19.1.1) 
[npm-version-scan] [2025-09-25T08:43:13.928Z] [WARN] Outdated package: react-dom (current: 18.3.1, wanted: 18.3.1, latest: 19.1.1) 
[npm-version-scan] [2025-09-25T08:43:13.928Z] [ERROR] Vulnerable package: @svgr/plugin-svgo 
[npm-version-scan] [2025-09-25T08:43:13.928Z] [ERROR] Vulnerable package: @svgr/webpack 
[npm-version-scan] [2025-09-25T08:43:13.929Z] [ERROR] Vulnerable package: css-select 
[npm-version-scan] [2025-09-25T08:43:13.929Z] [ERROR] Vulnerable package: nth-check 
[npm-version-scan] [2025-09-25T08:43:13.929Z] [ERROR] Vulnerable package: postcss 
[npm-version-scan] [2025-09-25T08:43:13.930Z] [ERROR] Vulnerable package: react-scripts 
[npm-version-scan] [2025-09-25T08:43:13.930Z] [ERROR] Vulnerable package: resolve-url-loader 
[npm-version-scan] [2025-09-25T08:43:13.930Z] [ERROR] Vulnerable package: svgo 
[npm-version-scan] [2025-09-25T08:43:13.931Z] [ERROR] Vulnerable package: webpack-dev-server 
[npm-version-scan] [2025-09-25T08:43:13.931Z] [INFO] npm version scan completed. Overall success: false 
[secret-detection] [2025-09-25T08:43:13.933Z] [INFO] Starting secret detection scan 
[secret-detection] [2025-09-25T08:43:13.959Z] [INFO] Secret detection: NO SECRETS FOUND 
[secret-detection] [2025-09-25T08:43:13.959Z] [INFO] Secret detection completed. Overall success: true 
[sast-scan] [2025-09-25T08:43:13.960Z] [INFO] Starting code coverage analysis for languages: nodejs
[sast-scan] [2025-09-25T08:43:13.966Z] [INFO] Code coverage analysis: SUCCESS 
[sast-scan] [2025-09-25T08:43:13.966Z] [INFO] === CODE COVERAGE RESULTS === 
[sast-scan] [2025-09-25T08:43:13.966Z] [INFO] Total files analyzed: 4 
[sast-scan] [2025-09-25T08:43:13.966Z] [INFO] Total lines of code: 313 
[sast-scan] [2025-09-25T08:43:13.967Z] [INFO] Average complexity: 1 
[sast-scan] [2025-09-25T08:43:13.967Z] [INFO] Code to total ratio: 91% 
[sast-scan] [2025-09-25T08:43:13.967Z] [INFO] Code coverage analysis completed. Overall success: true 
[summary] [2025-09-25T08:43:13.969Z] [INFO] PIPELINE EXECUTION SUMMARY 
[summary] [2025-09-25T08:43:13.970Z] [INFO] ================================================== 
[summary] [2025-09-25T08:43:13.970Z] [INFO] Execution started: 2025-09-25T08:42:53.137Z 
[summary] [2025-09-25T08:43:13.970Z] [INFO] Execution completed: 2025-09-25T08:43:13.970Z 
[summary] [2025-09-25T08:43:13.970Z] [INFO] Total duration: 20.83 seconds 
[summary] [2025-09-25T08:43:13.971Z] [INFO]  
[summary] [2025-09-25T08:43:13.971Z] [INFO] STAGE RESULTS: 
[summary] [2025-09-25T08:43:13.971Z] [INFO] Language Detection   ✅ PASS 
[summary] [2025-09-25T08:43:13.973Z] [INFO]   Languages detected: nodejs 
[summary] [2025-09-25T08:43:13.973Z] [INFO]   Primary language: nodejs 
[summary] [2025-09-25T08:43:13.973Z] [INFO] Dependency Check     ✅ PASS 
[summary] [2025-09-25T08:43:13.974Z] [INFO]   nodejs: SUCCESS 
[summary] [2025-09-25T08:43:13.974Z] [INFO] Code Quality         ❌ FAIL 
[summary] [2025-09-25T08:43:13.975Z] [INFO]   nodejs: FAILED 
[summary] [2025-09-25T08:43:13.975Z] [INFO] NPM Version Scan     ❌ FAIL 
[summary] [2025-09-25T08:43:13.976Z] [INFO]   nodejs: FAILED 
[summary] [2025-09-25T08:43:13.976Z] [INFO] Secret Detection     ✅ PASS 
[summary] [2025-09-25T08:43:13.977Z] [INFO]   secretScan: SUCCESS 
[summary] [2025-09-25T08:43:13.977Z] [INFO] SAST Scan            ✅ PASS 
[summary] [2025-09-25T08:43:13.977Z] [INFO]   coverage: SUCCESS 
[summary] [2025-09-25T08:43:13.978Z] [ERROR]  
[summary] [2025-09-25T08:43:13.978Z] [ERROR] ❌ PIPELINE FAILED: Please review the issues above. 
[summary] [2025-09-25T08:43:13.978Z] [INFO]  
[summary] [2025-09-25T08:43:13.979Z] [INFO] FINAL STATUS: FAILED 
[summary] [2025-09-25T08:43:13.979Z] [INFO] Log files location: C:\Users\hsjagad\CascadeProjects\windsurf-cicd-pipeline-pre-commit\React_demo-master\windsurf-pipeline\logs\run-2025-09-25T08-42-53-138Z 
[language-detection] [2025-09-25T08:49:39.305Z] [INFO] Starting language detection process 
[language-detection] [2025-09-25T08:49:39.306Z] [INFO] Detected Node.js via package.json in root 
[language-detection] [2025-09-25T08:49:39.307Z] [INFO] Final results: 1 languages detected 
[language-detection] [2025-09-25T08:49:39.308Z] [INFO] Languages: nodejs 
[language-detection] [2025-09-25T08:49:39.308Z] [INFO] Primary language: nodejs 
[language-detection] [2025-09-25T08:49:39.309Z] [INFO] Detection files: package.json 
[dependency-check] [2025-09-25T08:49:39.311Z] [INFO] Starting dependency check for languages: nodejs
[dependency-check] [2025-09-25T08:49:39.312Z] [INFO] Checking nodejs dependencies 
[dependency-check] [2025-09-25T08:49:43.310Z] [INFO] nodejs dependency check: SUCCESS 
[dependency-check] [2025-09-25T08:49:43.310Z] [INFO] Dependency check completed. Overall success: true 
[code-quality] [2025-09-25T08:49:43.312Z] [INFO] Starting code quality checks for languages: nodejs
[code-quality] [2025-09-25T08:49:43.313Z] [INFO] Running nodejs code quality checks 
[code-quality] [2025-09-25T08:49:55.763Z] [ERROR] nodejs code quality: FAILED 
[code-quality] [2025-09-25T08:49:55.763Z] [ERROR] === NODEJS CODE QUALITY FAILURE DETAILS === 
[code-quality] [2025-09-25T08:49:55.764Z] [ERROR] PRETTIER FAILED: 
[code-quality] [2025-09-25T08:49:55.764Z] [ERROR] Output: Checking formatting...
 
[code-quality] [2025-09-25T08:49:55.764Z] [ERROR] Error: [[33mwarn[39m] src/App.js
[[33mwarn[39m] src/components/Dashboard.js
[[33mwarn[39m] src/components/TestConsole.js
[[33mwarn[39m] public/index.html
[[33mwarn[39m] .eslintrc.js
[[33mwarn[39m] .prettierrc.json
[[33mwarn[39m] package.json
[[33mwarn[39m] ESLINT_NO_CONSOLE_SETUP.md
[[33mwarn[39m] README.md
[[33mwarn[39m] Code style issues found in 9 files. Run Prettier with --write to fix.
 
[code-quality] [2025-09-25T08:49:55.765Z] [ERROR] Error Message: Command failed: npx prettier --check src/ public/ *.js *.json *.md --ignore-unknown
[[33mwarn[39m] src/App.js
[[33mwarn[39m] src/components/Dashboard.js
[[33mwarn[39m] src/components/TestConsole.js
[[33mwarn[39m] public/index.html
[[33mwarn[39m] .eslintrc.js
[[33mwarn[39m] .prettierrc.json
[[33mwarn[39m] package.json
[[33mwarn[39m] ESLINT_NO_CONSOLE_SETUP.md
[[33mwarn[39m] README.md
[[33mwarn[39m] Code style issues found in 9 files. Run Prettier with --write to fix.
 
[code-quality] [2025-09-25T08:49:55.766Z] [ERROR] SYNTAX FAILED: 
[code-quality] [2025-09-25T08:49:55.766Z] [INFO] Code quality checks completed. Overall success: false 
[npm-version-scan] [2025-09-25T08:49:55.769Z] [INFO] Starting npm version vulnerability scan 
[npm-version-scan] [2025-09-25T08:50:02.574Z] [ERROR] npm version scan: FAILED 
[npm-version-scan] [2025-09-25T08:50:02.575Z] [ERROR] === NPM VERSION SCAN FAILURE DETAILS === 
[npm-version-scan] [2025-09-25T08:50:02.576Z] [WARN] Outdated package: @mui/icons-material (current: 5.18.0, wanted: 5.18.0, latest: 7.3.2) 
[npm-version-scan] [2025-09-25T08:50:02.576Z] [WARN] Outdated package: @mui/material (current: 5.18.0, wanted: 5.18.0, latest: 7.3.2) 
[npm-version-scan] [2025-09-25T08:50:02.577Z] [WARN] Outdated package: husky (current: 8.0.3, wanted: 8.0.3, latest: 9.1.7) 
[npm-version-scan] [2025-09-25T08:50:02.590Z] [WARN] Outdated package: lint-staged (current: 15.5.2, wanted: 15.5.2, latest: 16.2.0) 
[npm-version-scan] [2025-09-25T08:50:02.590Z] [WARN] Outdated package: react (current: 18.3.1, wanted: 18.3.1, latest: 19.1.1) 
[npm-version-scan] [2025-09-25T08:50:02.591Z] [WARN] Outdated package: react-dom (current: 18.3.1, wanted: 18.3.1, latest: 19.1.1) 
[npm-version-scan] [2025-09-25T08:50:02.591Z] [ERROR] Vulnerable package: @svgr/plugin-svgo 
[npm-version-scan] [2025-09-25T08:50:02.591Z] [ERROR] Vulnerable package: @svgr/webpack 
[npm-version-scan] [2025-09-25T08:50:02.592Z] [ERROR] Vulnerable package: css-select 
[npm-version-scan] [2025-09-25T08:50:02.592Z] [ERROR] Vulnerable package: nth-check 
[npm-version-scan] [2025-09-25T08:50:02.592Z] [ERROR] Vulnerable package: postcss 
[npm-version-scan] [2025-09-25T08:50:02.593Z] [ERROR] Vulnerable package: react-scripts 
[npm-version-scan] [2025-09-25T08:50:02.593Z] [ERROR] Vulnerable package: resolve-url-loader 
[npm-version-scan] [2025-09-25T08:50:02.594Z] [ERROR] Vulnerable package: svgo 
[npm-version-scan] [2025-09-25T08:50:02.594Z] [ERROR] Vulnerable package: webpack-dev-server 
[npm-version-scan] [2025-09-25T08:50:02.594Z] [INFO] npm version scan completed. Overall success: false 
[secret-detection] [2025-09-25T08:50:02.597Z] [INFO] Starting secret detection scan 
[secret-detection] [2025-09-25T08:50:02.621Z] [INFO] Secret detection: NO SECRETS FOUND 
[secret-detection] [2025-09-25T08:50:02.621Z] [INFO] Secret detection completed. Overall success: true 
[sast-scan] [2025-09-25T08:50:02.622Z] [INFO] Starting code coverage analysis for languages: nodejs
[sast-scan] [2025-09-25T08:50:02.628Z] [INFO] Code coverage analysis: SUCCESS 
[sast-scan] [2025-09-25T08:50:02.628Z] [INFO] === CODE COVERAGE RESULTS === 
[sast-scan] [2025-09-25T08:50:02.629Z] [INFO] Total files analyzed: 4 
[sast-scan] [2025-09-25T08:50:02.629Z] [INFO] Total lines of code: 313 
[sast-scan] [2025-09-25T08:50:02.629Z] [INFO] Average complexity: 1 
[sast-scan] [2025-09-25T08:50:02.629Z] [INFO] Code to total ratio: 91% 
[sast-scan] [2025-09-25T08:50:02.630Z] [INFO] Code coverage analysis completed. Overall success: true 
[summary] [2025-09-25T08:50:02.631Z] [INFO] PIPELINE EXECUTION SUMMARY 
[summary] [2025-09-25T08:50:02.631Z] [INFO] ================================================== 
[summary] [2025-09-25T08:50:02.632Z] [INFO] Execution started: 2025-09-25T08:49:39.244Z 
[summary] [2025-09-25T08:50:02.632Z] [INFO] Execution completed: 2025-09-25T08:50:02.632Z 
[summary] [2025-09-25T08:50:02.632Z] [INFO] Total duration: 23.39 seconds 
[summary] [2025-09-25T08:50:02.633Z] [INFO]  
[summary] [2025-09-25T08:50:02.633Z] [INFO] STAGE RESULTS: 
[summary] [2025-09-25T08:50:02.633Z] [INFO] Language Detection   ✅ PASS 
[summary] [2025-09-25T08:50:02.635Z] [INFO]   Languages detected: nodejs 
[summary] [2025-09-25T08:50:02.635Z] [INFO]   Primary language: nodejs 
[summary] [2025-09-25T08:50:02.636Z] [INFO] Dependency Check     ✅ PASS 
[summary] [2025-09-25T08:50:02.636Z] [INFO]   nodejs: SUCCESS 
[summary] [2025-09-25T08:50:02.636Z] [INFO] Code Quality         ❌ FAIL 
[summary] [2025-09-25T08:50:02.637Z] [INFO]   nodejs: FAILED 
[summary] [2025-09-25T08:50:02.637Z] [INFO] NPM Version Scan     ❌ FAIL 
[summary] [2025-09-25T08:50:02.637Z] [INFO]   nodejs: FAILED 
[summary] [2025-09-25T08:50:02.638Z] [INFO] Secret Detection     ✅ PASS 
[summary] [2025-09-25T08:50:02.638Z] [INFO]   secretScan: SUCCESS 
[summary] [2025-09-25T08:50:02.639Z] [INFO] SAST Scan            ✅ PASS 
[summary] [2025-09-25T08:50:02.639Z] [INFO]   coverage: SUCCESS 
[summary] [2025-09-25T08:50:02.639Z] [ERROR]  
[summary] [2025-09-25T08:50:02.640Z] [ERROR] ❌ PIPELINE FAILED: Please review the issues above. 
[summary] [2025-09-25T08:50:02.640Z] [INFO]  
[summary] [2025-09-25T08:50:02.640Z] [INFO] FINAL STATUS: FAILED 
[summary] [2025-09-25T08:50:02.641Z] [INFO] Log files location: C:\Users\hsjagad\CascadeProjects\windsurf-cicd-pipeline-pre-commit\React_demo-master\windsurf-pipeline\logs\run-2025-09-25T08-49-39-244Z 
[language-detection] [2025-09-25T09:00:28.198Z] [INFO] Starting language detection process 
[language-detection] [2025-09-25T09:00:28.198Z] [INFO] Detected Node.js via package.json in root 
[language-detection] [2025-09-25T09:00:28.202Z] [INFO] Final results: 1 languages detected 
[language-detection] [2025-09-25T09:00:28.202Z] [INFO] Languages: nodejs 
[language-detection] [2025-09-25T09:00:28.203Z] [INFO] Primary language: nodejs 
[language-detection] [2025-09-25T09:00:28.203Z] [INFO] Detection files: package.json 
[dependency-check] [2025-09-25T09:00:28.206Z] [INFO] Starting dependency check for languages: nodejs
[dependency-check] [2025-09-25T09:00:28.207Z] [INFO] Checking nodejs dependencies 
[dependency-check] [2025-09-25T09:00:32.491Z] [INFO] nodejs dependency check: SUCCESS 
[dependency-check] [2025-09-25T09:00:32.491Z] [INFO] Dependency check completed. Overall success: true 
[code-quality] [2025-09-25T09:00:32.494Z] [INFO] Starting code quality checks for languages: nodejs
[code-quality] [2025-09-25T09:00:32.495Z] [INFO] Running nodejs code quality checks 
[code-quality] [2025-09-25T09:00:46.354Z] [ERROR] nodejs code quality: FAILED 
[code-quality] [2025-09-25T09:00:46.354Z] [ERROR] === NODEJS CODE QUALITY FAILURE DETAILS === 
[code-quality] [2025-09-25T09:00:46.354Z] [ERROR] PRETTIER FAILED: 
[code-quality] [2025-09-25T09:00:46.355Z] [ERROR] Output: Checking formatting...
 
[code-quality] [2025-09-25T09:00:46.355Z] [ERROR] Error: [[33mwarn[39m] src/App.js
[[33mwarn[39m] src/components/Dashboard.js
[[33mwarn[39m] src/components/TestConsole.js
[[33mwarn[39m] public/index.html
[[33mwarn[39m] .eslintrc.js
[[33mwarn[39m] .prettierrc.json
[[33mwarn[39m] package.json
[[33mwarn[39m] ESLINT_NO_CONSOLE_SETUP.md
[[33mwarn[39m] README.md
[[33mwarn[39m] Code style issues found in 9 files. Run Prettier with --write to fix.
 
[code-quality] [2025-09-25T09:00:46.368Z] [ERROR] Error Message: Command failed: npx prettier --check src/ public/ *.js *.json *.md --ignore-unknown
[[33mwarn[39m] src/App.js
[[33mwarn[39m] src/components/Dashboard.js
[[33mwarn[39m] src/components/TestConsole.js
[[33mwarn[39m] public/index.html
[[33mwarn[39m] .eslintrc.js
[[33mwarn[39m] .prettierrc.json
[[33mwarn[39m] package.json
[[33mwarn[39m] ESLINT_NO_CONSOLE_SETUP.md
[[33mwarn[39m] README.md
[[33mwarn[39m] Code style issues found in 9 files. Run Prettier with --write to fix.
 
[code-quality] [2025-09-25T09:00:46.368Z] [ERROR] SYNTAX FAILED: 
[code-quality] [2025-09-25T09:00:46.368Z] [INFO] Code quality checks completed. Overall success: false 
[npm-version-scan] [2025-09-25T09:00:46.370Z] [INFO] Starting npm version vulnerability scan 
[npm-version-scan] [2025-09-25T09:00:53.170Z] [ERROR] npm version scan: FAILED 
[npm-version-scan] [2025-09-25T09:00:53.171Z] [ERROR] === NPM VERSION SCAN FAILURE DETAILS === 
[npm-version-scan] [2025-09-25T09:00:53.171Z] [WARN] Outdated package: @mui/icons-material (current: 5.18.0, wanted: 5.18.0, latest: 7.3.2) 
[npm-version-scan] [2025-09-25T09:00:53.172Z] [WARN] Outdated package: @mui/material (current: 5.18.0, wanted: 5.18.0, latest: 7.3.2) 
[npm-version-scan] [2025-09-25T09:00:53.172Z] [WARN] Outdated package: husky (current: 8.0.3, wanted: 8.0.3, latest: 9.1.7) 
[npm-version-scan] [2025-09-25T09:00:53.184Z] [WARN] Outdated package: lint-staged (current: 15.5.2, wanted: 15.5.2, latest: 16.2.0) 
[npm-version-scan] [2025-09-25T09:00:53.184Z] [WARN] Outdated package: react (current: 18.3.1, wanted: 18.3.1, latest: 19.1.1) 
[npm-version-scan] [2025-09-25T09:00:53.185Z] [WARN] Outdated package: react-dom (current: 18.3.1, wanted: 18.3.1, latest: 19.1.1) 
[npm-version-scan] [2025-09-25T09:00:53.185Z] [ERROR] Vulnerable package: @svgr/plugin-svgo 
[npm-version-scan] [2025-09-25T09:00:53.186Z] [ERROR] Vulnerable package: @svgr/webpack 
[npm-version-scan] [2025-09-25T09:00:53.186Z] [ERROR] Vulnerable package: css-select 
[npm-version-scan] [2025-09-25T09:00:53.186Z] [ERROR] Vulnerable package: nth-check 
[npm-version-scan] [2025-09-25T09:00:53.187Z] [ERROR] Vulnerable package: postcss 
[npm-version-scan] [2025-09-25T09:00:53.187Z] [ERROR] Vulnerable package: react-scripts 
[npm-version-scan] [2025-09-25T09:00:53.187Z] [ERROR] Vulnerable package: resolve-url-loader 
[npm-version-scan] [2025-09-25T09:00:53.188Z] [ERROR] Vulnerable package: svgo 
[npm-version-scan] [2025-09-25T09:00:53.188Z] [ERROR] Vulnerable package: webpack-dev-server 
[npm-version-scan] [2025-09-25T09:00:53.188Z] [INFO] npm version scan completed. Overall success: false 
[secret-detection] [2025-09-25T09:00:53.190Z] [INFO] Starting secret detection scan 
[secret-detection] [2025-09-25T09:00:53.228Z] [INFO] Secret detection: NO SECRETS FOUND 
[secret-detection] [2025-09-25T09:00:53.229Z] [INFO] Secret detection completed. Overall success: true 
[sast-scan] [2025-09-25T09:00:53.231Z] [INFO] Starting code coverage analysis for languages: nodejs
[sast-scan] [2025-09-25T09:00:53.237Z] [INFO] Code coverage analysis: SUCCESS 
[sast-scan] [2025-09-25T09:00:53.237Z] [INFO] === CODE COVERAGE RESULTS === 
[sast-scan] [2025-09-25T09:00:53.238Z] [INFO] Total files analyzed: 4 
[sast-scan] [2025-09-25T09:00:53.238Z] [INFO] Total lines of code: 313 
[sast-scan] [2025-09-25T09:00:53.238Z] [INFO] Average complexity: 1 
[sast-scan] [2025-09-25T09:00:53.239Z] [INFO] Code to total ratio: 91% 
[sast-scan] [2025-09-25T09:00:53.239Z] [INFO] Code coverage analysis completed. Overall success: true 
[summary] [2025-09-25T09:00:53.240Z] [INFO] PIPELINE EXECUTION SUMMARY 
[summary] [2025-09-25T09:00:53.241Z] [INFO] ================================================== 
[summary] [2025-09-25T09:00:53.241Z] [INFO] Execution started: 2025-09-25T09:00:28.141Z 
[summary] [2025-09-25T09:00:53.241Z] [INFO] Execution completed: 2025-09-25T09:00:53.241Z 
[summary] [2025-09-25T09:00:53.242Z] [INFO] Total duration: 25.10 seconds 
[summary] [2025-09-25T09:00:53.242Z] [INFO]  
[summary] [2025-09-25T09:00:53.243Z] [INFO] STAGE RESULTS: 
[summary] [2025-09-25T09:00:53.244Z] [INFO] Language Detection   ✅ PASS 
[summary] [2025-09-25T09:00:53.245Z] [INFO]   Languages detected: nodejs 
[summary] [2025-09-25T09:00:53.245Z] [INFO]   Primary language: nodejs 
[summary] [2025-09-25T09:00:53.246Z] [INFO] Dependency Check     ✅ PASS 
[summary] [2025-09-25T09:00:53.246Z] [INFO]   nodejs: SUCCESS 
[summary] [2025-09-25T09:00:53.247Z] [INFO] Code Quality         ❌ FAIL 
[summary] [2025-09-25T09:00:53.248Z] [INFO]   nodejs: FAILED 
[summary] [2025-09-25T09:00:53.248Z] [INFO] NPM Version Scan     ❌ FAIL 
[summary] [2025-09-25T09:00:53.249Z] [INFO]   nodejs: FAILED 
[summary] [2025-09-25T09:00:53.250Z] [INFO] Secret Detection     ✅ PASS 
[summary] [2025-09-25T09:00:53.250Z] [INFO]   secretScan: SUCCESS 
[summary] [2025-09-25T09:00:53.251Z] [INFO] SAST Scan            ✅ PASS 
[summary] [2025-09-25T09:00:53.251Z] [INFO]   coverage: SUCCESS 
[summary] [2025-09-25T09:00:53.252Z] [ERROR]  
[summary] [2025-09-25T09:00:53.252Z] [ERROR] ❌ PIPELINE FAILED: Please review the issues above. 
[summary] [2025-09-25T09:00:53.253Z] [INFO]  
[summary] [2025-09-25T09:00:53.253Z] [INFO] FINAL STATUS: FAILED 
[summary] [2025-09-25T09:00:53.254Z] [INFO] Log files location: C:\Users\hsjagad\CascadeProjects\windsurf-cicd-pipeline-pre-commit\React_demo-master\windsurf-pipeline\logs\run-2025-09-25T09-00-28-142Z 
[language-detection] [2025-09-25T09:13:28.308Z] [INFO] Starting language detection process 
[language-detection] [2025-09-25T09:13:28.308Z] [INFO] Detected Node.js via package.json in root 
[language-detection] [2025-09-25T09:13:28.310Z] [INFO] Final results: 1 languages detected 
[language-detection] [2025-09-25T09:13:28.310Z] [INFO] Languages: nodejs 
[language-detection] [2025-09-25T09:13:28.310Z] [INFO] Primary language: nodejs 
[language-detection] [2025-09-25T09:13:28.311Z] [INFO] Detection files: package.json 
[dependency-check] [2025-09-25T09:13:28.313Z] [INFO] Starting dependency check for languages: nodejs
[dependency-check] [2025-09-25T09:13:28.314Z] [INFO] Checking nodejs dependencies 
[dependency-check] [2025-09-25T09:13:32.105Z] [INFO] nodejs dependency check: SUCCESS 
[dependency-check] [2025-09-25T09:13:32.106Z] [INFO] Dependency check completed. Overall success: true 
[code-quality] [2025-09-25T09:13:32.109Z] [INFO] Starting code quality checks for languages: nodejs
[code-quality] [2025-09-25T09:13:32.109Z] [INFO] Running nodejs code quality checks 
[code-quality] [2025-09-25T09:13:42.436Z] [ERROR] nodejs code quality: FAILED 
[code-quality] [2025-09-25T09:13:42.437Z] [ERROR] === NODEJS CODE QUALITY FAILURE DETAILS === 
[code-quality] [2025-09-25T09:13:42.437Z] [ERROR] PRETTIER FAILED: 
[code-quality] [2025-09-25T09:13:42.438Z] [ERROR] Output: Checking formatting...
 
[code-quality] [2025-09-25T09:13:42.438Z] [ERROR] Error: [[33mwarn[39m] src/App.js
[[33mwarn[39m] src/components/Dashboard.js
[[33mwarn[39m] src/components/TestConsole.js
[[33mwarn[39m] public/index.html
[[33mwarn[39m] .eslintrc.js
[[33mwarn[39m] .prettierrc.json
[[33mwarn[39m] package.json
[[33mwarn[39m] ESLINT_NO_CONSOLE_SETUP.md
[[33mwarn[39m] README.md
[[33mwarn[39m] Code style issues found in 9 files. Run Prettier with --write to fix.
 
[code-quality] [2025-09-25T09:13:42.454Z] [ERROR] Error Message: Command failed: npx prettier --check src/ public/ *.js *.json *.md --ignore-unknown
[[33mwarn[39m] src/App.js
[[33mwarn[39m] src/components/Dashboard.js
[[33mwarn[39m] src/components/TestConsole.js
[[33mwarn[39m] public/index.html
[[33mwarn[39m] .eslintrc.js
[[33mwarn[39m] .prettierrc.json
[[33mwarn[39m] package.json
[[33mwarn[39m] ESLINT_NO_CONSOLE_SETUP.md
[[33mwarn[39m] README.md
[[33mwarn[39m] Code style issues found in 9 files. Run Prettier with --write to fix.
 
[code-quality] [2025-09-25T09:13:42.455Z] [ERROR] SYNTAX FAILED: 
[code-quality] [2025-09-25T09:13:42.456Z] [INFO] Code quality checks completed. Overall success: false 
[npm-version-scan] [2025-09-25T09:13:42.460Z] [INFO] Starting npm version vulnerability scan 
[npm-version-scan] [2025-09-25T09:13:49.094Z] [ERROR] npm version scan: FAILED 
[npm-version-scan] [2025-09-25T09:13:49.094Z] [ERROR] === NPM VERSION SCAN FAILURE DETAILS === 
[npm-version-scan] [2025-09-25T09:13:49.094Z] [WARN] Outdated package: @mui/icons-material (current: 5.18.0, wanted: 5.18.0, latest: 7.3.2) 
[npm-version-scan] [2025-09-25T09:13:49.095Z] [WARN] Outdated package: @mui/material (current: 5.18.0, wanted: 5.18.0, latest: 7.3.2) 
[npm-version-scan] [2025-09-25T09:13:49.095Z] [WARN] Outdated package: husky (current: 8.0.3, wanted: 8.0.3, latest: 9.1.7) 
[npm-version-scan] [2025-09-25T09:13:49.096Z] [WARN] Outdated package: lint-staged (current: 15.5.2, wanted: 15.5.2, latest: 16.2.0) 
[npm-version-scan] [2025-09-25T09:13:49.096Z] [WARN] Outdated package: react (current: 18.3.1, wanted: 18.3.1, latest: 19.1.1) 
[npm-version-scan] [2025-09-25T09:13:49.097Z] [WARN] Outdated package: react-dom (current: 18.3.1, wanted: 18.3.1, latest: 19.1.1) 
[npm-version-scan] [2025-09-25T09:13:49.097Z] [ERROR] Vulnerable package: @svgr/plugin-svgo 
[npm-version-scan] [2025-09-25T09:13:49.097Z] [ERROR] Vulnerable package: @svgr/webpack 
[npm-version-scan] [2025-09-25T09:13:49.097Z] [ERROR] Vulnerable package: css-select 
[npm-version-scan] [2025-09-25T09:13:49.097Z] [ERROR] Vulnerable package: nth-check 
[npm-version-scan] [2025-09-25T09:13:49.098Z] [ERROR] Vulnerable package: postcss 
[npm-version-scan] [2025-09-25T09:13:49.098Z] [ERROR] Vulnerable package: react-scripts 
[npm-version-scan] [2025-09-25T09:13:49.098Z] [ERROR] Vulnerable package: resolve-url-loader 
[npm-version-scan] [2025-09-25T09:13:49.098Z] [ERROR] Vulnerable package: svgo 
[npm-version-scan] [2025-09-25T09:13:49.099Z] [ERROR] Vulnerable package: webpack-dev-server 
[npm-version-scan] [2025-09-25T09:13:49.099Z] [INFO] npm version scan completed. Overall success: false 
[secret-detection] [2025-09-25T09:13:49.101Z] [INFO] Starting secret detection scan 
[secret-detection] [2025-09-25T09:13:49.126Z] [INFO] Secret detection: NO SECRETS FOUND 
[secret-detection] [2025-09-25T09:13:49.126Z] [INFO] Secret detection completed. Overall success: true 
[sast-scan] [2025-09-25T09:13:49.128Z] [INFO] Starting code coverage analysis for languages: nodejs
[sast-scan] [2025-09-25T09:13:49.133Z] [INFO] Code coverage analysis: SUCCESS 
[sast-scan] [2025-09-25T09:13:49.133Z] [INFO] === CODE COVERAGE RESULTS === 
[sast-scan] [2025-09-25T09:13:49.133Z] [INFO] Total files analyzed: 4 
[sast-scan] [2025-09-25T09:13:49.134Z] [INFO] Total lines of code: 313 
[sast-scan] [2025-09-25T09:13:49.134Z] [INFO] Average complexity: 1 
[sast-scan] [2025-09-25T09:13:49.134Z] [INFO] Code to total ratio: 91% 
[sast-scan] [2025-09-25T09:13:49.134Z] [INFO] Code coverage analysis completed. Overall success: true 
[summary] [2025-09-25T09:13:49.136Z] [INFO] PIPELINE EXECUTION SUMMARY 
[summary] [2025-09-25T09:13:49.136Z] [INFO] ================================================== 
[summary] [2025-09-25T09:13:49.137Z] [INFO] Execution started: 2025-09-25T09:13:28.268Z 
[summary] [2025-09-25T09:13:49.137Z] [INFO] Execution completed: 2025-09-25T09:13:49.137Z 
[summary] [2025-09-25T09:13:49.138Z] [INFO] Total duration: 20.87 seconds 
[summary] [2025-09-25T09:13:49.138Z] [INFO]  
[summary] [2025-09-25T09:13:49.138Z] [INFO] STAGE RESULTS: 
[summary] [2025-09-25T09:13:49.139Z] [INFO] Language Detection   ✅ PASS 
[summary] [2025-09-25T09:13:49.140Z] [INFO]   Languages detected: nodejs 
[summary] [2025-09-25T09:13:49.140Z] [INFO]   Primary language: nodejs 
[summary] [2025-09-25T09:13:49.141Z] [INFO] Dependency Check     ✅ PASS 
[summary] [2025-09-25T09:13:49.141Z] [INFO]   nodejs: SUCCESS 
[summary] [2025-09-25T09:13:49.142Z] [INFO] Code Quality         ❌ FAIL 
[summary] [2025-09-25T09:13:49.142Z] [INFO]   nodejs: FAILED 
[summary] [2025-09-25T09:13:49.142Z] [INFO] NPM Version Scan     ❌ FAIL 
[summary] [2025-09-25T09:13:49.143Z] [INFO]   nodejs: FAILED 
[summary] [2025-09-25T09:13:49.143Z] [INFO] Secret Detection     ✅ PASS 
[summary] [2025-09-25T09:13:49.143Z] [INFO]   secretScan: SUCCESS 
[summary] [2025-09-25T09:13:49.144Z] [INFO] SAST Scan            ✅ PASS 
[summary] [2025-09-25T09:13:49.144Z] [INFO]   coverage: SUCCESS 
[summary] [2025-09-25T09:13:49.145Z] [ERROR]  
[summary] [2025-09-25T09:13:49.145Z] [ERROR] ❌ PIPELINE FAILED: Please review the issues above. 
[summary] [2025-09-25T09:13:49.145Z] [INFO]  
[summary] [2025-09-25T09:13:49.145Z] [INFO] FINAL STATUS: FAILED 
[summary] [2025-09-25T09:13:49.146Z] [INFO] Log files location: C:\Users\hsjagad\CascadeProjects\windsurf-cicd-pipeline-pre-commit\React_demo-master\windsurf-pipeline\logs\run-2025-09-25T09-13-28-269Z 
[language-detection] [2025-09-25T09:20:44.292Z] [INFO] Starting language detection process 
[language-detection] [2025-09-25T09:20:44.292Z] [INFO] Detected Node.js via package.json in root 
[language-detection] [2025-09-25T09:20:44.295Z] [INFO] Final results: 1 languages detected 
[language-detection] [2025-09-25T09:20:44.295Z] [INFO] Languages: nodejs 
[language-detection] [2025-09-25T09:20:44.295Z] [INFO] Primary language: nodejs 
[language-detection] [2025-09-25T09:20:44.296Z] [INFO] Detection files: package.json 
[dependency-check] [2025-09-25T09:20:44.298Z] [INFO] Starting dependency check for languages: nodejs
[dependency-check] [2025-09-25T09:20:44.299Z] [INFO] Checking nodejs dependencies 
[dependency-check] [2025-09-25T09:20:48.673Z] [INFO] nodejs dependency check: SUCCESS 
[dependency-check] [2025-09-25T09:20:48.673Z] [INFO] Dependency check completed. Overall success: true 
[code-quality] [2025-09-25T09:20:48.675Z] [INFO] Starting code quality checks for languages: nodejs
[code-quality] [2025-09-25T09:20:48.676Z] [INFO] Running nodejs code quality checks 
[code-quality] [2025-09-25T09:21:01.284Z] [ERROR] nodejs code quality: FAILED 
[code-quality] [2025-09-25T09:21:01.285Z] [ERROR] === NODEJS CODE QUALITY FAILURE DETAILS === 
[code-quality] [2025-09-25T09:21:01.285Z] [ERROR] PRETTIER FAILED: 
[code-quality] [2025-09-25T09:21:01.285Z] [ERROR] Output: Checking formatting...
 
[code-quality] [2025-09-25T09:21:01.286Z] [ERROR] Error: [[33mwarn[39m] src/App.js
[[33mwarn[39m] src/components/Dashboard.js
[[33mwarn[39m] src/components/TestConsole.js
[[33mwarn[39m] Code style issues found in 3 files. Run Prettier with --write to fix.
 
[code-quality] [2025-09-25T09:21:01.298Z] [ERROR] Error Message: Command failed: npx prettier --check src/ --ignore-unknown
[[33mwarn[39m] src/App.js
[[33mwarn[39m] src/components/Dashboard.js
[[33mwarn[39m] src/components/TestConsole.js
[[33mwarn[39m] Code style issues found in 3 files. Run Prettier with --write to fix.
 
[code-quality] [2025-09-25T09:21:01.299Z] [ERROR] SYNTAX FAILED: 
[code-quality] [2025-09-25T09:21:01.299Z] [INFO] Code quality checks completed. Overall success: false 
[npm-version-scan] [2025-09-25T09:21:01.302Z] [INFO] Starting npm version vulnerability scan 
[npm-version-scan] [2025-09-25T09:21:08.216Z] [ERROR] npm version scan: FAILED 
[npm-version-scan] [2025-09-25T09:21:08.217Z] [ERROR] === NPM VERSION SCAN FAILURE DETAILS === 
[npm-version-scan] [2025-09-25T09:21:08.217Z] [WARN] Outdated package: @mui/icons-material (current: 5.18.0, wanted: 5.18.0, latest: 7.3.2) 
[npm-version-scan] [2025-09-25T09:21:08.218Z] [WARN] Outdated package: @mui/material (current: 5.18.0, wanted: 5.18.0, latest: 7.3.2) 
[npm-version-scan] [2025-09-25T09:21:08.218Z] [WARN] Outdated package: husky (current: 8.0.3, wanted: 8.0.3, latest: 9.1.7) 
[npm-version-scan] [2025-09-25T09:21:08.231Z] [WARN] Outdated package: lint-staged (current: 15.5.2, wanted: 15.5.2, latest: 16.2.0) 
[npm-version-scan] [2025-09-25T09:21:08.231Z] [WARN] Outdated package: react (current: 18.3.1, wanted: 18.3.1, latest: 19.1.1) 
[npm-version-scan] [2025-09-25T09:21:08.232Z] [WARN] Outdated package: react-dom (current: 18.3.1, wanted: 18.3.1, latest: 19.1.1) 
[npm-version-scan] [2025-09-25T09:21:08.232Z] [ERROR] Vulnerable package: @svgr/plugin-svgo 
[npm-version-scan] [2025-09-25T09:21:08.233Z] [ERROR] Vulnerable package: @svgr/webpack 
[npm-version-scan] [2025-09-25T09:21:08.233Z] [ERROR] Vulnerable package: css-select 
[npm-version-scan] [2025-09-25T09:21:08.233Z] [ERROR] Vulnerable package: nth-check 
[npm-version-scan] [2025-09-25T09:21:08.233Z] [ERROR] Vulnerable package: postcss 
[npm-version-scan] [2025-09-25T09:21:08.234Z] [ERROR] Vulnerable package: react-scripts 
[npm-version-scan] [2025-09-25T09:21:08.234Z] [ERROR] Vulnerable package: resolve-url-loader 
[npm-version-scan] [2025-09-25T09:21:08.234Z] [ERROR] Vulnerable package: svgo 
[npm-version-scan] [2025-09-25T09:21:08.234Z] [ERROR] Vulnerable package: webpack-dev-server 
[npm-version-scan] [2025-09-25T09:21:08.235Z] [INFO] npm version scan completed. Overall success: false 
[secret-detection] [2025-09-25T09:21:08.238Z] [INFO] Starting secret detection scan 
[secret-detection] [2025-09-25T09:21:08.273Z] [INFO] Secret detection: NO SECRETS FOUND 
[secret-detection] [2025-09-25T09:21:08.273Z] [INFO] Secret detection completed. Overall success: true 
[sast-scan] [2025-09-25T09:21:08.276Z] [INFO] Starting code coverage analysis for languages: nodejs
[sast-scan] [2025-09-25T09:21:08.284Z] [INFO] Code coverage analysis: SUCCESS 
[sast-scan] [2025-09-25T09:21:08.284Z] [INFO] === CODE COVERAGE RESULTS === 
[sast-scan] [2025-09-25T09:21:08.285Z] [INFO] Total files analyzed: 4 
[sast-scan] [2025-09-25T09:21:08.285Z] [INFO] Total lines of code: 313 
[sast-scan] [2025-09-25T09:21:08.286Z] [INFO] Average complexity: 1 
[sast-scan] [2025-09-25T09:21:08.286Z] [INFO] Code to total ratio: 91% 
[sast-scan] [2025-09-25T09:21:08.287Z] [INFO] Code coverage analysis completed. Overall success: true 
[summary] [2025-09-25T09:21:08.290Z] [INFO] PIPELINE EXECUTION SUMMARY 
[summary] [2025-09-25T09:21:08.290Z] [INFO] ================================================== 
[summary] [2025-09-25T09:21:08.291Z] [INFO] Execution started: 2025-09-25T09:20:44.221Z 
[summary] [2025-09-25T09:21:08.291Z] [INFO] Execution completed: 2025-09-25T09:21:08.291Z 
[summary] [2025-09-25T09:21:08.292Z] [INFO] Total duration: 24.07 seconds 
[summary] [2025-09-25T09:21:08.292Z] [INFO]  
[summary] [2025-09-25T09:21:08.293Z] [INFO] STAGE RESULTS: 
[summary] [2025-09-25T09:21:08.294Z] [INFO] Language Detection   ✅ PASS 
[summary] [2025-09-25T09:21:08.295Z] [INFO]   Languages detected: nodejs 
[summary] [2025-09-25T09:21:08.295Z] [INFO]   Primary language: nodejs 
[summary] [2025-09-25T09:21:08.296Z] [INFO] Dependency Check     ✅ PASS 
[summary] [2025-09-25T09:21:08.297Z] [INFO]   nodejs: SUCCESS 
[summary] [2025-09-25T09:21:08.297Z] [INFO] Code Quality         ❌ FAIL 
[summary] [2025-09-25T09:21:08.298Z] [INFO]   nodejs: FAILED 
[summary] [2025-09-25T09:21:08.298Z] [INFO] NPM Version Scan     ❌ FAIL 
[summary] [2025-09-25T09:21:08.299Z] [INFO]   nodejs: FAILED 
[summary] [2025-09-25T09:21:08.299Z] [INFO] Secret Detection     ✅ PASS 
[summary] [2025-09-25T09:21:08.300Z] [INFO]   secretScan: SUCCESS 
[summary] [2025-09-25T09:21:08.301Z] [INFO] SAST Scan            ✅ PASS 
[summary] [2025-09-25T09:21:08.301Z] [INFO]   coverage: SUCCESS 
[summary] [2025-09-25T09:21:08.302Z] [ERROR]  
[summary] [2025-09-25T09:21:08.303Z] [ERROR] ❌ PIPELINE FAILED: Please review the issues above. 
[summary] [2025-09-25T09:21:08.304Z] [INFO]  
[summary] [2025-09-25T09:21:08.304Z] [INFO] FINAL STATUS: FAILED 
[summary] [2025-09-25T09:21:08.305Z] [INFO] Log files location: C:\Users\hsjagad\CascadeProjects\windsurf-cicd-pipeline-pre-commit\React_demo-master\windsurf-pipeline\logs\run-2025-09-25T09-20-44-222Z 
[language-detection] [2025-09-25T09:24:32.742Z] [INFO] Starting language detection process 
[language-detection] [2025-09-25T09:24:32.743Z] [INFO] Detected Node.js via package.json in root 
[language-detection] [2025-09-25T09:24:32.745Z] [INFO] Final results: 1 languages detected 
[language-detection] [2025-09-25T09:24:32.746Z] [INFO] Languages: nodejs 
[language-detection] [2025-09-25T09:24:32.747Z] [INFO] Primary language: nodejs 
[language-detection] [2025-09-25T09:24:32.747Z] [INFO] Detection files: package.json 
[dependency-check] [2025-09-25T09:24:32.751Z] [INFO] Starting dependency check for languages: nodejs
[dependency-check] [2025-09-25T09:24:32.752Z] [INFO] Checking nodejs dependencies 
[dependency-check] [2025-09-25T09:24:37.553Z] [INFO] nodejs dependency check: SUCCESS 
[dependency-check] [2025-09-25T09:24:37.554Z] [INFO] Dependency check completed. Overall success: true 
[code-quality] [2025-09-25T09:24:37.556Z] [INFO] Starting code quality checks for languages: nodejs
[code-quality] [2025-09-25T09:24:37.557Z] [INFO] Running nodejs code quality checks 
[code-quality] [2025-09-25T09:24:51.017Z] [ERROR] nodejs code quality: FAILED 
[code-quality] [2025-09-25T09:24:51.017Z] [ERROR] === NODEJS CODE QUALITY FAILURE DETAILS === 
[code-quality] [2025-09-25T09:24:51.018Z] [ERROR] PRETTIER FAILED: 
[code-quality] [2025-09-25T09:24:51.018Z] [ERROR] Output: Checking formatting...
 
[code-quality] [2025-09-25T09:24:51.019Z] [ERROR] Error: [[33mwarn[39m] src/App.js
[[33mwarn[39m] src/components/Dashboard.js
[[33mwarn[39m] src/components/TestConsole.js
[[33mwarn[39m] Code style issues found in 3 files. Run Prettier with --write to fix.
 
[code-quality] [2025-09-25T09:24:51.032Z] [ERROR] Error Message: Command failed: npx prettier --check src/ --ignore-unknown
[[33mwarn[39m] src/App.js
[[33mwarn[39m] src/components/Dashboard.js
[[33mwarn[39m] src/components/TestConsole.js
[[33mwarn[39m] Code style issues found in 3 files. Run Prettier with --write to fix.
 
[code-quality] [2025-09-25T09:24:51.032Z] [ERROR] SYNTAX FAILED: 
[code-quality] [2025-09-25T09:24:51.032Z] [INFO] Code quality checks completed. Overall success: false 
[npm-version-scan] [2025-09-25T09:24:51.036Z] [INFO] Starting npm version vulnerability scan 
[npm-version-scan] [2025-09-25T09:24:58.484Z] [ERROR] npm version scan: FAILED 
[npm-version-scan] [2025-09-25T09:24:58.484Z] [ERROR] === NPM VERSION SCAN FAILURE DETAILS === 
[npm-version-scan] [2025-09-25T09:24:58.485Z] [WARN] Outdated package: @mui/icons-material (current: 5.18.0, wanted: 5.18.0, latest: 7.3.2) 
[npm-version-scan] [2025-09-25T09:24:58.485Z] [WARN] Outdated package: @mui/material (current: 5.18.0, wanted: 5.18.0, latest: 7.3.2) 
[npm-version-scan] [2025-09-25T09:24:58.485Z] [WARN] Outdated package: husky (current: 8.0.3, wanted: 8.0.3, latest: 9.1.7) 
[npm-version-scan] [2025-09-25T09:24:58.487Z] [WARN] Outdated package: lint-staged (current: 15.5.2, wanted: 15.5.2, latest: 16.2.0) 
[npm-version-scan] [2025-09-25T09:24:58.487Z] [WARN] Outdated package: react (current: 18.3.1, wanted: 18.3.1, latest: 19.1.1) 
[npm-version-scan] [2025-09-25T09:24:58.488Z] [WARN] Outdated package: react-dom (current: 18.3.1, wanted: 18.3.1, latest: 19.1.1) 
[npm-version-scan] [2025-09-25T09:24:58.488Z] [ERROR] Vulnerable package: @svgr/plugin-svgo 
[npm-version-scan] [2025-09-25T09:24:58.488Z] [ERROR] Vulnerable package: @svgr/webpack 
[npm-version-scan] [2025-09-25T09:24:58.489Z] [ERROR] Vulnerable package: css-select 
[npm-version-scan] [2025-09-25T09:24:58.489Z] [ERROR] Vulnerable package: nth-check 
[npm-version-scan] [2025-09-25T09:24:58.490Z] [ERROR] Vulnerable package: postcss 
[npm-version-scan] [2025-09-25T09:24:58.491Z] [ERROR] Vulnerable package: react-scripts 
[npm-version-scan] [2025-09-25T09:24:58.491Z] [ERROR] Vulnerable package: resolve-url-loader 
[npm-version-scan] [2025-09-25T09:24:58.492Z] [ERROR] Vulnerable package: svgo 
[npm-version-scan] [2025-09-25T09:24:58.492Z] [ERROR] Vulnerable package: webpack-dev-server 
[npm-version-scan] [2025-09-25T09:24:58.492Z] [INFO] npm version scan completed. Overall success: false 
[secret-detection] [2025-09-25T09:24:58.495Z] [INFO] Starting secret detection scan 
[secret-detection] [2025-09-25T09:24:58.528Z] [INFO] Secret detection: NO SECRETS FOUND 
[secret-detection] [2025-09-25T09:24:58.529Z] [INFO] Secret detection completed. Overall success: true 
[sast-scan] [2025-09-25T09:24:58.531Z] [INFO] Starting code coverage analysis for languages: nodejs
[sast-scan] [2025-09-25T09:24:58.538Z] [INFO] Code coverage analysis: SUCCESS 
[sast-scan] [2025-09-25T09:24:58.539Z] [INFO] === CODE COVERAGE RESULTS === 
[sast-scan] [2025-09-25T09:24:58.539Z] [INFO] Total files analyzed: 4 
[sast-scan] [2025-09-25T09:24:58.540Z] [INFO] Total lines of code: 313 
[sast-scan] [2025-09-25T09:24:58.540Z] [INFO] Average complexity: 1 
[sast-scan] [2025-09-25T09:24:58.540Z] [INFO] Code to total ratio: 91% 
[sast-scan] [2025-09-25T09:24:58.541Z] [INFO] Code coverage analysis completed. Overall success: true 
[summary] [2025-09-25T09:24:58.543Z] [INFO] PIPELINE EXECUTION SUMMARY 
[summary] [2025-09-25T09:24:58.543Z] [INFO] ================================================== 
[summary] [2025-09-25T09:24:58.543Z] [INFO] Execution started: 2025-09-25T09:24:32.672Z 
[summary] [2025-09-25T09:24:58.544Z] [INFO] Execution completed: 2025-09-25T09:24:58.544Z 
[summary] [2025-09-25T09:24:58.544Z] [INFO] Total duration: 25.87 seconds 
[summary] [2025-09-25T09:24:58.545Z] [INFO]  
[summary] [2025-09-25T09:24:58.545Z] [INFO] STAGE RESULTS: 
[summary] [2025-09-25T09:24:58.546Z] [INFO] Language Detection   ✅ PASS 
[summary] [2025-09-25T09:24:58.546Z] [INFO]   Languages detected: nodejs 
[summary] [2025-09-25T09:24:58.547Z] [INFO]   Primary language: nodejs 
[summary] [2025-09-25T09:24:58.548Z] [INFO] Dependency Check     ✅ PASS 
[summary] [2025-09-25T09:24:58.548Z] [INFO]   nodejs: SUCCESS 
[summary] [2025-09-25T09:24:58.549Z] [INFO] Code Quality         ❌ FAIL 
[summary] [2025-09-25T09:24:58.549Z] [INFO]   nodejs: FAILED 
[summary] [2025-09-25T09:24:58.550Z] [INFO] NPM Version Scan     ❌ FAIL 
[summary] [2025-09-25T09:24:58.550Z] [INFO]   nodejs: FAILED 
[summary] [2025-09-25T09:24:58.551Z] [INFO] Secret Detection     ✅ PASS 
[summary] [2025-09-25T09:24:58.551Z] [INFO]   secretScan: SUCCESS 
[summary] [2025-09-25T09:24:58.552Z] [INFO] SAST Scan            ✅ PASS 
[summary] [2025-09-25T09:24:58.552Z] [INFO]   coverage: SUCCESS 
[summary] [2025-09-25T09:24:58.553Z] [ERROR]  
[summary] [2025-09-25T09:24:58.554Z] [ERROR] ❌ PIPELINE FAILED: Please review the issues above. 
[summary] [2025-09-25T09:24:58.555Z] [INFO]  
[summary] [2025-09-25T09:24:58.555Z] [INFO] FINAL STATUS: FAILED 
[summary] [2025-09-25T09:24:58.556Z] [INFO] Log files location: C:\Users\hsjagad\CascadeProjects\windsurf-cicd-pipeline-pre-commit\React_demo-master\windsurf-pipeline\logs\run-2025-09-25T09-24-32-673Z 
[language-detection] [2025-09-25T09:28:33.810Z] [INFO] Starting language detection process 
[language-detection] [2025-09-25T09:28:33.811Z] [INFO] Detected Node.js via package.json in root 
[language-detection] [2025-09-25T09:28:33.813Z] [INFO] Final results: 1 languages detected 
[language-detection] [2025-09-25T09:28:33.813Z] [INFO] Languages: nodejs 
[language-detection] [2025-09-25T09:28:33.814Z] [INFO] Primary language: nodejs 
[language-detection] [2025-09-25T09:28:33.814Z] [INFO] Detection files: package.json 
[dependency-check] [2025-09-25T09:28:33.817Z] [INFO] Starting dependency check for languages: nodejs
[dependency-check] [2025-09-25T09:28:33.818Z] [INFO] Checking nodejs dependencies 
[dependency-check] [2025-09-25T09:28:41.443Z] [INFO] nodejs dependency check: SUCCESS 
[dependency-check] [2025-09-25T09:28:41.444Z] [INFO] Dependency check completed. Overall success: true 
[code-quality] [2025-09-25T09:28:41.447Z] [INFO] Starting code quality checks for languages: nodejs
[code-quality] [2025-09-25T09:28:41.448Z] [INFO] Running nodejs code quality checks 
[code-quality] [2025-09-25T09:28:56.851Z] [ERROR] nodejs code quality: FAILED 
[code-quality] [2025-09-25T09:28:56.851Z] [ERROR] === NODEJS CODE QUALITY FAILURE DETAILS === 
[code-quality] [2025-09-25T09:28:56.852Z] [ERROR] PRETTIER FAILED: 
[code-quality] [2025-09-25T09:28:56.852Z] [ERROR] Output: Checking formatting...
 
[code-quality] [2025-09-25T09:28:56.853Z] [ERROR] Error: [[33mwarn[39m] src/App.js
[[33mwarn[39m] src/components/Dashboard.js
[[33mwarn[39m] src/components/TestConsole.js
[[33mwarn[39m] Code style issues found in 3 files. Run Prettier with --write to fix.
 
[code-quality] [2025-09-25T09:28:56.865Z] [ERROR] Error Message: Command failed: npx prettier --check src/ --ignore-unknown
[[33mwarn[39m] src/App.js
[[33mwarn[39m] src/components/Dashboard.js
[[33mwarn[39m] src/components/TestConsole.js
[[33mwarn[39m] Code style issues found in 3 files. Run Prettier with --write to fix.
 
[code-quality] [2025-09-25T09:28:56.866Z] [ERROR] SYNTAX FAILED: 
[code-quality] [2025-09-25T09:28:56.866Z] [INFO] Code quality checks completed. Overall success: false 
[npm-version-scan] [2025-09-25T09:28:56.869Z] [INFO] Starting npm version vulnerability scan 
[npm-version-scan] [2025-09-25T09:29:05.765Z] [ERROR] npm version scan: FAILED 
[npm-version-scan] [2025-09-25T09:29:05.765Z] [ERROR] === NPM VERSION SCAN FAILURE DETAILS === 
[npm-version-scan] [2025-09-25T09:29:05.766Z] [WARN] Outdated package: @mui/icons-material (current: 5.18.0, wanted: 5.18.0, latest: 7.3.2) 
[npm-version-scan] [2025-09-25T09:29:05.766Z] [WARN] Outdated package: @mui/material (current: 5.18.0, wanted: 5.18.0, latest: 7.3.2) 
[npm-version-scan] [2025-09-25T09:29:05.767Z] [WARN] Outdated package: husky (current: 8.0.3, wanted: 8.0.3, latest: 9.1.7) 
[npm-version-scan] [2025-09-25T09:29:05.767Z] [WARN] Outdated package: lint-staged (current: 15.5.2, wanted: 15.5.2, latest: 16.2.0) 
[npm-version-scan] [2025-09-25T09:29:05.768Z] [WARN] Outdated package: react (current: 18.3.1, wanted: 18.3.1, latest: 19.1.1) 
[npm-version-scan] [2025-09-25T09:29:05.768Z] [WARN] Outdated package: react-dom (current: 18.3.1, wanted: 18.3.1, latest: 19.1.1) 
[npm-version-scan] [2025-09-25T09:29:05.769Z] [ERROR] Vulnerable package: @svgr/plugin-svgo 
[npm-version-scan] [2025-09-25T09:29:05.769Z] [ERROR] Vulnerable package: @svgr/webpack 
[npm-version-scan] [2025-09-25T09:29:05.770Z] [ERROR] Vulnerable package: css-select 
[npm-version-scan] [2025-09-25T09:29:05.770Z] [ERROR] Vulnerable package: nth-check 
[npm-version-scan] [2025-09-25T09:29:05.771Z] [ERROR] Vulnerable package: postcss 
[npm-version-scan] [2025-09-25T09:29:05.771Z] [ERROR] Vulnerable package: react-scripts 
[npm-version-scan] [2025-09-25T09:29:05.772Z] [ERROR] Vulnerable package: resolve-url-loader 
[npm-version-scan] [2025-09-25T09:29:05.772Z] [ERROR] Vulnerable package: svgo 
[npm-version-scan] [2025-09-25T09:29:05.772Z] [ERROR] Vulnerable package: webpack-dev-server 
[npm-version-scan] [2025-09-25T09:29:05.773Z] [INFO] npm version scan completed. Overall success: false 
[secret-detection] [2025-09-25T09:29:05.775Z] [INFO] Starting secret detection scan 
[secret-detection] [2025-09-25T09:29:05.814Z] [INFO] Secret detection: NO SECRETS FOUND 
[secret-detection] [2025-09-25T09:29:05.814Z] [INFO] Secret detection completed. Overall success: true 
[sast-scan] [2025-09-25T09:29:05.816Z] [INFO] Starting code coverage analysis for languages: nodejs
[sast-scan] [2025-09-25T09:29:05.825Z] [INFO] Code coverage analysis: SUCCESS 
[sast-scan] [2025-09-25T09:29:05.825Z] [INFO] === CODE COVERAGE RESULTS === 
[sast-scan] [2025-09-25T09:29:05.825Z] [INFO] Total files analyzed: 4 
[sast-scan] [2025-09-25T09:29:05.826Z] [INFO] Total lines of code: 313 
[sast-scan] [2025-09-25T09:29:05.826Z] [INFO] Average complexity: 1 
[sast-scan] [2025-09-25T09:29:05.827Z] [INFO] Code to total ratio: 91% 
[sast-scan] [2025-09-25T09:29:05.827Z] [INFO] Code coverage analysis completed. Overall success: true 
[summary] [2025-09-25T09:29:05.829Z] [INFO] PIPELINE EXECUTION SUMMARY 
[summary] [2025-09-25T09:29:05.829Z] [INFO] ================================================== 
[summary] [2025-09-25T09:29:05.830Z] [INFO] Execution started: 2025-09-25T09:28:33.741Z 
[summary] [2025-09-25T09:29:05.830Z] [INFO] Execution completed: 2025-09-25T09:29:05.830Z 
[summary] [2025-09-25T09:29:05.831Z] [INFO] Total duration: 32.09 seconds 
[summary] [2025-09-25T09:29:05.831Z] [INFO]  
[summary] [2025-09-25T09:29:05.831Z] [INFO] STAGE RESULTS: 
[summary] [2025-09-25T09:29:05.832Z] [INFO] Language Detection   ✅ PASS 
[summary] [2025-09-25T09:29:05.833Z] [INFO]   Languages detected: nodejs 
[summary] [2025-09-25T09:29:05.833Z] [INFO]   Primary language: nodejs 
[summary] [2025-09-25T09:29:05.834Z] [INFO] Dependency Check     ✅ PASS 
[summary] [2025-09-25T09:29:05.835Z] [INFO]   nodejs: SUCCESS 
[summary] [2025-09-25T09:29:05.836Z] [INFO] Code Quality         ❌ FAIL 
[summary] [2025-09-25T09:29:05.837Z] [INFO]   nodejs: FAILED 
[summary] [2025-09-25T09:29:05.837Z] [INFO] NPM Version Scan     ❌ FAIL 
[summary] [2025-09-25T09:29:05.838Z] [INFO]   nodejs: FAILED 
[summary] [2025-09-25T09:29:05.838Z] [INFO] Secret Detection     ✅ PASS 
[summary] [2025-09-25T09:29:05.839Z] [INFO]   secretScan: SUCCESS 
[summary] [2025-09-25T09:29:05.840Z] [INFO] SAST Scan            ✅ PASS 
[summary] [2025-09-25T09:29:05.841Z] [INFO]   coverage: SUCCESS 
[summary] [2025-09-25T09:29:05.842Z] [ERROR]  
[summary] [2025-09-25T09:29:05.842Z] [ERROR] ❌ PIPELINE FAILED: Please review the issues above. 
[summary] [2025-09-25T09:29:05.842Z] [INFO]  
[summary] [2025-09-25T09:29:05.843Z] [INFO] FINAL STATUS: FAILED 
[summary] [2025-09-25T09:29:05.843Z] [INFO] Log files location: C:\Users\hsjagad\CascadeProjects\windsurf-cicd-pipeline-pre-commit\React_demo-master\windsurf-pipeline\logs\run-2025-09-25T09-28-33-742Z 
[language-detection] [2025-09-25T09:30:30.276Z] [INFO] Starting language detection process 
[language-detection] [2025-09-25T09:30:30.277Z] [INFO] Detected Node.js via package.json in root 
[language-detection] [2025-09-25T09:30:30.279Z] [INFO] Final results: 1 languages detected 
[language-detection] [2025-09-25T09:30:30.279Z] [INFO] Languages: nodejs 
[language-detection] [2025-09-25T09:30:30.281Z] [INFO] Primary language: nodejs 
[language-detection] [2025-09-25T09:30:30.281Z] [INFO] Detection files: package.json 
[dependency-check] [2025-09-25T09:30:30.284Z] [INFO] Starting dependency check for languages: nodejs
[dependency-check] [2025-09-25T09:30:30.285Z] [INFO] Checking nodejs dependencies 
[dependency-check] [2025-09-25T09:30:34.709Z] [INFO] nodejs dependency check: SUCCESS 
[dependency-check] [2025-09-25T09:30:34.710Z] [INFO] Dependency check completed. Overall success: true 
[code-quality] [2025-09-25T09:30:34.712Z] [INFO] Starting code quality checks for languages: nodejs
[code-quality] [2025-09-25T09:30:34.713Z] [INFO] Running nodejs code quality checks 
[code-quality] [2025-09-25T09:30:49.767Z] [ERROR] nodejs code quality: FAILED 
[code-quality] [2025-09-25T09:30:49.768Z] [ERROR] === NODEJS CODE QUALITY FAILURE DETAILS === 
[code-quality] [2025-09-25T09:30:49.768Z] [ERROR] PRETTIER FAILED: 
[code-quality] [2025-09-25T09:30:49.768Z] [ERROR] Output: Checking formatting...
 
[code-quality] [2025-09-25T09:30:49.769Z] [ERROR] Error: [[33mwarn[39m] src/App.js
[[33mwarn[39m] src/components/Dashboard.js
[[33mwarn[39m] src/components/TestConsole.js
[[33mwarn[39m] Code style issues found in 3 files. Run Prettier with --write to fix.
 
[code-quality] [2025-09-25T09:30:49.781Z] [ERROR] Error Message: Command failed: npx prettier --check src/ --ignore-unknown
[[33mwarn[39m] src/App.js
[[33mwarn[39m] src/components/Dashboard.js
[[33mwarn[39m] src/components/TestConsole.js
[[33mwarn[39m] Code style issues found in 3 files. Run Prettier with --write to fix.
 
[code-quality] [2025-09-25T09:30:49.782Z] [ERROR] SYNTAX FAILED: 
[code-quality] [2025-09-25T09:30:49.782Z] [INFO] Code quality checks completed. Overall success: false 
[npm-version-scan] [2025-09-25T09:30:49.785Z] [INFO] Starting npm version vulnerability scan 
[npm-version-scan] [2025-09-25T09:31:00.398Z] [ERROR] npm version scan: FAILED 
[npm-version-scan] [2025-09-25T09:31:00.398Z] [ERROR] === NPM VERSION SCAN FAILURE DETAILS === 
[npm-version-scan] [2025-09-25T09:31:00.399Z] [WARN] Outdated package: @mui/icons-material (current: 5.18.0, wanted: 5.18.0, latest: 7.3.2) 
[npm-version-scan] [2025-09-25T09:31:00.400Z] [WARN] Outdated package: @mui/material (current: 5.18.0, wanted: 5.18.0, latest: 7.3.2) 
[npm-version-scan] [2025-09-25T09:31:00.400Z] [WARN] Outdated package: husky (current: 8.0.3, wanted: 8.0.3, latest: 9.1.7) 
[npm-version-scan] [2025-09-25T09:31:00.401Z] [WARN] Outdated package: lint-staged (current: 15.5.2, wanted: 15.5.2, latest: 16.2.0) 
[npm-version-scan] [2025-09-25T09:31:00.401Z] [WARN] Outdated package: react (current: 18.3.1, wanted: 18.3.1, latest: 19.1.1) 
[npm-version-scan] [2025-09-25T09:31:00.402Z] [WARN] Outdated package: react-dom (current: 18.3.1, wanted: 18.3.1, latest: 19.1.1) 
[npm-version-scan] [2025-09-25T09:31:00.402Z] [ERROR] Vulnerable package: @svgr/plugin-svgo 
[npm-version-scan] [2025-09-25T09:31:00.403Z] [ERROR] Vulnerable package: @svgr/webpack 
[npm-version-scan] [2025-09-25T09:31:00.403Z] [ERROR] Vulnerable package: css-select 
[npm-version-scan] [2025-09-25T09:31:00.403Z] [ERROR] Vulnerable package: nth-check 
[npm-version-scan] [2025-09-25T09:31:00.404Z] [ERROR] Vulnerable package: postcss 
[npm-version-scan] [2025-09-25T09:31:00.404Z] [ERROR] Vulnerable package: react-scripts 
[npm-version-scan] [2025-09-25T09:31:00.404Z] [ERROR] Vulnerable package: resolve-url-loader 
[npm-version-scan] [2025-09-25T09:31:00.405Z] [ERROR] Vulnerable package: svgo 
[npm-version-scan] [2025-09-25T09:31:00.405Z] [ERROR] Vulnerable package: webpack-dev-server 
[npm-version-scan] [2025-09-25T09:31:00.406Z] [INFO] npm version scan completed. Overall success: false 
[secret-detection] [2025-09-25T09:31:00.410Z] [INFO] Starting secret detection scan 
[secret-detection] [2025-09-25T09:31:00.457Z] [INFO] Secret detection: NO SECRETS FOUND 
[secret-detection] [2025-09-25T09:31:00.457Z] [INFO] Secret detection completed. Overall success: true 
[sast-scan] [2025-09-25T09:31:00.462Z] [INFO] Starting code coverage analysis for languages: nodejs
[sast-scan] [2025-09-25T09:31:00.472Z] [INFO] Code coverage analysis: SUCCESS 
[sast-scan] [2025-09-25T09:31:00.473Z] [INFO] === CODE COVERAGE RESULTS === 
[sast-scan] [2025-09-25T09:31:00.473Z] [INFO] Total files analyzed: 4 
[sast-scan] [2025-09-25T09:31:00.474Z] [INFO] Total lines of code: 313 
[sast-scan] [2025-09-25T09:31:00.476Z] [INFO] Average complexity: 1 
[sast-scan] [2025-09-25T09:31:00.477Z] [INFO] Code to total ratio: 91% 
[sast-scan] [2025-09-25T09:31:00.477Z] [INFO] Code coverage analysis completed. Overall success: true 
[summary] [2025-09-25T09:31:00.481Z] [INFO] PIPELINE EXECUTION SUMMARY 
[summary] [2025-09-25T09:31:00.481Z] [INFO] ================================================== 
[summary] [2025-09-25T09:31:00.482Z] [INFO] Execution started: 2025-09-25T09:30:30.210Z 
[summary] [2025-09-25T09:31:00.482Z] [INFO] Execution completed: 2025-09-25T09:31:00.482Z 
[summary] [2025-09-25T09:31:00.483Z] [INFO] Total duration: 30.27 seconds 
[summary] [2025-09-25T09:31:00.483Z] [INFO]  
[summary] [2025-09-25T09:31:00.484Z] [INFO] STAGE RESULTS: 
[summary] [2025-09-25T09:31:00.484Z] [INFO] Language Detection   ✅ PASS 
[summary] [2025-09-25T09:31:00.485Z] [INFO]   Languages detected: nodejs 
[summary] [2025-09-25T09:31:00.486Z] [INFO]   Primary language: nodejs 
[summary] [2025-09-25T09:31:00.486Z] [INFO] Dependency Check     ✅ PASS 
[summary] [2025-09-25T09:31:00.487Z] [INFO]   nodejs: SUCCESS 
[summary] [2025-09-25T09:31:00.488Z] [INFO] Code Quality         ❌ FAIL 
[summary] [2025-09-25T09:31:00.489Z] [INFO]   nodejs: FAILED 
[summary] [2025-09-25T09:31:00.490Z] [INFO] NPM Version Scan     ❌ FAIL 
[summary] [2025-09-25T09:31:00.490Z] [INFO]   nodejs: FAILED 
[summary] [2025-09-25T09:31:00.494Z] [INFO] Secret Detection     ✅ PASS 
[summary] [2025-09-25T09:31:00.495Z] [INFO]   secretScan: SUCCESS 
[summary] [2025-09-25T09:31:00.496Z] [INFO] SAST Scan            ✅ PASS 
[summary] [2025-09-25T09:31:00.497Z] [INFO]   coverage: SUCCESS 
[summary] [2025-09-25T09:31:00.498Z] [ERROR]  
[summary] [2025-09-25T09:31:00.499Z] [ERROR] ❌ PIPELINE FAILED: Please review the issues above. 
[summary] [2025-09-25T09:31:00.499Z] [INFO]  
[summary] [2025-09-25T09:31:00.499Z] [INFO] FINAL STATUS: FAILED 
[summary] [2025-09-25T09:31:00.500Z] [INFO] Log files location: C:\Users\hsjagad\CascadeProjects\windsurf-cicd-pipeline-pre-commit\React_demo-master\windsurf-pipeline\logs\run-2025-09-25T09-30-30-210Z 
[language-detection] [2025-09-25T09:39:48.291Z] [INFO] Starting language detection process 
[language-detection] [2025-09-25T09:39:48.292Z] [INFO] Detected Node.js via package.json in root 
[language-detection] [2025-09-25T09:39:48.295Z] [INFO] Final results: 1 languages detected 
[language-detection] [2025-09-25T09:39:48.295Z] [INFO] Languages: nodejs 
[language-detection] [2025-09-25T09:39:48.296Z] [INFO] Primary language: nodejs 
[language-detection] [2025-09-25T09:39:48.296Z] [INFO] Detection files: package.json 
[dependency-check] [2025-09-25T09:39:48.299Z] [INFO] Starting dependency check for languages: nodejs
[dependency-check] [2025-09-25T09:39:48.300Z] [INFO] Checking nodejs dependencies 
[dependency-check] [2025-09-25T09:39:53.021Z] [INFO] nodejs dependency check: SUCCESS 
[dependency-check] [2025-09-25T09:39:53.022Z] [INFO] Dependency check completed. Overall success: true 
[code-quality] [2025-09-25T09:39:53.024Z] [INFO] Starting code quality checks for languages: nodejs
[code-quality] [2025-09-25T09:39:53.025Z] [INFO] Running nodejs code quality checks 
[code-quality] [2025-09-25T09:40:04.911Z] [ERROR] nodejs code quality: FAILED 
[code-quality] [2025-09-25T09:40:04.911Z] [ERROR] === NODEJS CODE QUALITY FAILURE DETAILS === 
[code-quality] [2025-09-25T09:40:04.912Z] [ERROR] PRETTIER FAILED: 
[code-quality] [2025-09-25T09:40:04.912Z] [ERROR] Output: Checking formatting...
 
[code-quality] [2025-09-25T09:40:04.913Z] [ERROR] Error: [[33mwarn[39m] src/App.js
[[33mwarn[39m] src/components/Dashboard.js
[[33mwarn[39m] src/components/TestConsole.js
[[33mwarn[39m] Code style issues found in 3 files. Run Prettier with --write to fix.
 
[code-quality] [2025-09-25T09:40:04.925Z] [ERROR] Error Message: Command failed: npx prettier --check src/ --ignore-unknown
[[33mwarn[39m] src/App.js
[[33mwarn[39m] src/components/Dashboard.js
[[33mwarn[39m] src/components/TestConsole.js
[[33mwarn[39m] Code style issues found in 3 files. Run Prettier with --write to fix.
 
[code-quality] [2025-09-25T09:40:04.926Z] [ERROR] SYNTAX FAILED: 
[code-quality] [2025-09-25T09:40:04.926Z] [INFO] Code quality checks completed. Overall success: false 
[npm-version-scan] [2025-09-25T09:40:04.930Z] [INFO] Starting npm version vulnerability scan 
[npm-version-scan] [2025-09-25T09:40:11.993Z] [ERROR] npm version scan: FAILED 
[npm-version-scan] [2025-09-25T09:40:11.994Z] [ERROR] === NPM VERSION SCAN FAILURE DETAILS === 
[npm-version-scan] [2025-09-25T09:40:11.994Z] [WARN] Outdated package: @mui/icons-material (current: 5.18.0, wanted: 5.18.0, latest: 7.3.2) 
[npm-version-scan] [2025-09-25T09:40:11.994Z] [WARN] Outdated package: @mui/material (current: 5.18.0, wanted: 5.18.0, latest: 7.3.2) 
[npm-version-scan] [2025-09-25T09:40:11.994Z] [WARN] Outdated package: husky (current: 8.0.3, wanted: 8.0.3, latest: 9.1.7) 
[npm-version-scan] [2025-09-25T09:40:12.008Z] [WARN] Outdated package: lint-staged (current: 15.5.2, wanted: 15.5.2, latest: 16.2.0) 
[npm-version-scan] [2025-09-25T09:40:12.009Z] [WARN] Outdated package: react (current: 18.3.1, wanted: 18.3.1, latest: 19.1.1) 
[npm-version-scan] [2025-09-25T09:40:12.009Z] [WARN] Outdated package: react-dom (current: 18.3.1, wanted: 18.3.1, latest: 19.1.1) 
[npm-version-scan] [2025-09-25T09:40:12.010Z] [ERROR] Vulnerable package: @svgr/plugin-svgo 
[npm-version-scan] [2025-09-25T09:40:12.010Z] [ERROR] Vulnerable package: @svgr/webpack 
[npm-version-scan] [2025-09-25T09:40:12.011Z] [ERROR] Vulnerable package: css-select 
[npm-version-scan] [2025-09-25T09:40:12.012Z] [ERROR] Vulnerable package: nth-check 
[npm-version-scan] [2025-09-25T09:40:12.012Z] [ERROR] Vulnerable package: postcss 
[npm-version-scan] [2025-09-25T09:40:12.013Z] [ERROR] Vulnerable package: react-scripts 
[npm-version-scan] [2025-09-25T09:40:12.013Z] [ERROR] Vulnerable package: resolve-url-loader 
[npm-version-scan] [2025-09-25T09:40:12.014Z] [ERROR] Vulnerable package: svgo 
[npm-version-scan] [2025-09-25T09:40:12.014Z] [ERROR] Vulnerable package: webpack-dev-server 
[npm-version-scan] [2025-09-25T09:40:12.015Z] [INFO] npm version scan completed. Overall success: false 
[secret-detection] [2025-09-25T09:40:12.019Z] [INFO] Starting secret detection scan 
[secret-detection] [2025-09-25T09:40:12.071Z] [INFO] Secret detection: NO SECRETS FOUND 
[secret-detection] [2025-09-25T09:40:12.072Z] [INFO] Secret detection completed. Overall success: true 
[sast-scan] [2025-09-25T09:40:12.076Z] [INFO] Starting code coverage analysis for languages: nodejs
[sast-scan] [2025-09-25T09:40:12.088Z] [INFO] Code coverage analysis: SUCCESS 
[sast-scan] [2025-09-25T09:40:12.089Z] [INFO] === CODE COVERAGE RESULTS === 
[sast-scan] [2025-09-25T09:40:12.089Z] [INFO] Total files analyzed: 4 
[sast-scan] [2025-09-25T09:40:12.090Z] [INFO] Total lines of code: 313 
[sast-scan] [2025-09-25T09:40:12.091Z] [INFO] Average complexity: 1 
[sast-scan] [2025-09-25T09:40:12.091Z] [INFO] Code to total ratio: 91% 
[sast-scan] [2025-09-25T09:40:12.092Z] [INFO] Code coverage analysis completed. Overall success: true 
[summary] [2025-09-25T09:40:12.094Z] [INFO] PIPELINE EXECUTION SUMMARY 
[summary] [2025-09-25T09:40:12.095Z] [INFO] ================================================== 
[summary] [2025-09-25T09:40:12.096Z] [INFO] Execution started: 2025-09-25T09:39:48.241Z 
[summary] [2025-09-25T09:40:12.096Z] [INFO] Execution completed: 2025-09-25T09:40:12.096Z 
[summary] [2025-09-25T09:40:12.097Z] [INFO] Total duration: 23.85 seconds 
[summary] [2025-09-25T09:40:12.097Z] [INFO]  
[summary] [2025-09-25T09:40:12.098Z] [INFO] STAGE RESULTS: 
[summary] [2025-09-25T09:40:12.099Z] [INFO] Language Detection   ✅ PASS 
[summary] [2025-09-25T09:40:12.100Z] [INFO]   Languages detected: nodejs 
[summary] [2025-09-25T09:40:12.100Z] [INFO]   Primary language: nodejs 
[summary] [2025-09-25T09:40:12.102Z] [INFO] Dependency Check     ✅ PASS 
[summary] [2025-09-25T09:40:12.102Z] [INFO]   nodejs: SUCCESS 
[summary] [2025-09-25T09:40:12.104Z] [INFO] Code Quality         ❌ FAIL 
[summary] [2025-09-25T09:40:12.105Z] [INFO]   nodejs: FAILED 
[summary] [2025-09-25T09:40:12.106Z] [INFO] NPM Version Scan     ❌ FAIL 
[summary] [2025-09-25T09:40:12.107Z] [INFO]   nodejs: FAILED 
[summary] [2025-09-25T09:40:12.108Z] [INFO] Secret Detection     ✅ PASS 
[summary] [2025-09-25T09:40:12.108Z] [INFO]   secretScan: SUCCESS 
[summary] [2025-09-25T09:40:12.109Z] [INFO] SAST Scan            ✅ PASS 
[summary] [2025-09-25T09:40:12.110Z] [INFO]   coverage: SUCCESS 
[summary] [2025-09-25T09:40:12.111Z] [ERROR]  
[summary] [2025-09-25T09:40:12.111Z] [ERROR] ❌ PIPELINE FAILED: Please review the issues above. 
[summary] [2025-09-25T09:40:12.112Z] [INFO]  
[summary] [2025-09-25T09:40:12.112Z] [INFO] FINAL STATUS: FAILED 
[summary] [2025-09-25T09:40:12.112Z] [INFO] Log files location: C:\Users\hsjagad\CascadeProjects\windsurf-cicd-pipeline-pre-commit\React_demo-master\windsurf-pipeline\logs\run-2025-09-25T09-39-48-242Z 
[language-detection] [2025-09-25T09:45:55.947Z] [INFO] Starting language detection process 
[language-detection] [2025-09-25T09:45:55.948Z] [INFO] Detected Node.js via package.json in root 
[language-detection] [2025-09-25T09:45:55.957Z] [INFO] Final results: 1 languages detected 
[language-detection] [2025-09-25T09:45:55.958Z] [INFO] Languages: nodejs 
[language-detection] [2025-09-25T09:45:55.959Z] [INFO] Primary language: nodejs 
[language-detection] [2025-09-25T09:45:55.959Z] [INFO] Detection files: package.json 
[dependency-check] [2025-09-25T09:45:55.963Z] [INFO] Starting dependency check for languages: nodejs
[dependency-check] [2025-09-25T09:45:55.964Z] [INFO] Checking nodejs dependencies 
[dependency-check] [2025-09-25T09:46:00.142Z] [INFO] nodejs dependency check: SUCCESS 
[dependency-check] [2025-09-25T09:46:00.143Z] [INFO] Dependency check completed. Overall success: true 
[code-quality] [2025-09-25T09:46:00.145Z] [INFO] Starting code quality checks for languages: nodejs
[code-quality] [2025-09-25T09:46:00.146Z] [INFO] Running nodejs code quality checks 
[code-quality] [2025-09-25T09:46:06.446Z] [ERROR] ESLINT FAILED: 
[code-quality] [2025-09-25T09:46:06.446Z] [ERROR] Output: 
[code-quality] [2025-09-25T09:46:06.447Z] [ERROR] 
C:\Users\hsjagad\CascadeProjects\windsurf-cicd-pipeline-pre-commit\React_demo-master\src\App.js
  18:7  error  'newObject' is assigned a value but never used  no-unused-vars

✖ 1 problem (1 error, 0 warnings)

 
[code-quality] [2025-09-25T09:46:10.478Z] [ERROR] nodejs code quality: FAILED 
[code-quality] [2025-09-25T09:46:10.478Z] [ERROR] === NODEJS CODE QUALITY FAILURE DETAILS === 
[code-quality] [2025-09-25T09:46:10.478Z] [ERROR] ESLINT FAILED: 
[code-quality] [2025-09-25T09:46:10.479Z] [ERROR] Output: 
C:\Users\hsjagad\CascadeProjects\windsurf-cicd-pipeline-pre-commit\React_demo-master\src\App.js
  18:7  error  'newObject' is assigned a value but never used  no-unused-vars

✖ 1 problem (1 error, 0 warnings)

 
[code-quality] [2025-09-25T09:46:10.479Z] [ERROR] Error Message: Command failed: npx eslint src/ --ext .js,.jsx,.ts,.tsx --no-error-on-unmatched-pattern
 
[code-quality] [2025-09-25T09:46:10.479Z] [ERROR] PRETTIER FAILED: 
[code-quality] [2025-09-25T09:46:10.480Z] [ERROR] Output: Checking formatting...
 
[code-quality] [2025-09-25T09:46:10.480Z] [ERROR] Error: [[33mwarn[39m] src/App.js
[[33mwarn[39m] src/components/Dashboard.js
[[33mwarn[39m] src/components/TestConsole.js
[[33mwarn[39m] Code style issues found in 3 files. Run Prettier with --write to fix.
 
[code-quality] [2025-09-25T09:46:10.480Z] [ERROR] Error Message: Command failed: npx prettier --check src/ --ignore-unknown
[[33mwarn[39m] src/App.js
[[33mwarn[39m] src/components/Dashboard.js
[[33mwarn[39m] src/components/TestConsole.js
[[33mwarn[39m] Code style issues found in 3 files. Run Prettier with --write to fix.
 
[code-quality] [2025-09-25T09:46:10.481Z] [ERROR] SYNTAX FAILED: 
[code-quality] [2025-09-25T09:46:10.481Z] [INFO] Code quality checks completed. Overall success: false 
[npm-version-scan] [2025-09-25T09:46:10.484Z] [INFO] Starting npm version vulnerability scan 
[npm-version-scan] [2025-09-25T09:46:16.994Z] [ERROR] npm version scan: FAILED 
[npm-version-scan] [2025-09-25T09:46:16.995Z] [ERROR] === NPM VERSION SCAN FAILURE DETAILS === 
[npm-version-scan] [2025-09-25T09:46:16.995Z] [WARN] Outdated package: @mui/icons-material (current: 5.18.0, wanted: 5.18.0, latest: 7.3.2) 
[npm-version-scan] [2025-09-25T09:46:16.995Z] [WARN] Outdated package: @mui/material (current: 5.18.0, wanted: 5.18.0, latest: 7.3.2) 
[npm-version-scan] [2025-09-25T09:46:16.996Z] [WARN] Outdated package: husky (current: 8.0.3, wanted: 8.0.3, latest: 9.1.7) 
[npm-version-scan] [2025-09-25T09:46:17.009Z] [WARN] Outdated package: lint-staged (current: 15.5.2, wanted: 15.5.2, latest: 16.2.0) 
[npm-version-scan] [2025-09-25T09:46:17.010Z] [WARN] Outdated package: react (current: 18.3.1, wanted: 18.3.1, latest: 19.1.1) 
[npm-version-scan] [2025-09-25T09:46:17.010Z] [WARN] Outdated package: react-dom (current: 18.3.1, wanted: 18.3.1, latest: 19.1.1) 
[npm-version-scan] [2025-09-25T09:46:17.011Z] [ERROR] Vulnerable package: @svgr/plugin-svgo 
[npm-version-scan] [2025-09-25T09:46:17.011Z] [ERROR] Vulnerable package: @svgr/webpack 
[npm-version-scan] [2025-09-25T09:46:17.011Z] [ERROR] Vulnerable package: css-select 
[npm-version-scan] [2025-09-25T09:46:17.011Z] [ERROR] Vulnerable package: nth-check 
[npm-version-scan] [2025-09-25T09:46:17.012Z] [ERROR] Vulnerable package: postcss 
[npm-version-scan] [2025-09-25T09:46:17.012Z] [ERROR] Vulnerable package: react-scripts 
[npm-version-scan] [2025-09-25T09:46:17.013Z] [ERROR] Vulnerable package: resolve-url-loader 
[npm-version-scan] [2025-09-25T09:46:17.014Z] [ERROR] Vulnerable package: svgo 
[npm-version-scan] [2025-09-25T09:46:17.014Z] [ERROR] Vulnerable package: webpack-dev-server 
[npm-version-scan] [2025-09-25T09:46:17.014Z] [INFO] npm version scan completed. Overall success: false 
[secret-detection] [2025-09-25T09:46:17.017Z] [INFO] Starting secret detection scan 
[secret-detection] [2025-09-25T09:46:17.045Z] [INFO] Secret detection: NO SECRETS FOUND 
[secret-detection] [2025-09-25T09:46:17.046Z] [INFO] Secret detection completed. Overall success: true 
[sast-scan] [2025-09-25T09:46:17.047Z] [INFO] Starting code coverage analysis for languages: nodejs
[sast-scan] [2025-09-25T09:46:17.053Z] [INFO] Code coverage analysis: SUCCESS 
[sast-scan] [2025-09-25T09:46:17.054Z] [INFO] === CODE COVERAGE RESULTS === 
[sast-scan] [2025-09-25T09:46:17.054Z] [INFO] Total files analyzed: 4 
[sast-scan] [2025-09-25T09:46:17.054Z] [INFO] Total lines of code: 314 
[sast-scan] [2025-09-25T09:46:17.055Z] [INFO] Average complexity: 1 
[sast-scan] [2025-09-25T09:46:17.055Z] [INFO] Code to total ratio: 91% 
[sast-scan] [2025-09-25T09:46:17.056Z] [INFO] Code coverage analysis completed. Overall success: true 
[summary] [2025-09-25T09:46:17.057Z] [INFO] PIPELINE EXECUTION SUMMARY 
[summary] [2025-09-25T09:46:17.058Z] [INFO] ================================================== 
[summary] [2025-09-25T09:46:17.058Z] [INFO] Execution started: 2025-09-25T09:45:55.855Z 
[summary] [2025-09-25T09:46:17.059Z] [INFO] Execution completed: 2025-09-25T09:46:17.059Z 
[summary] [2025-09-25T09:46:17.059Z] [INFO] Total duration: 21.20 seconds 
[summary] [2025-09-25T09:46:17.059Z] [INFO]  
[summary] [2025-09-25T09:46:17.060Z] [INFO] STAGE RESULTS: 
[summary] [2025-09-25T09:46:17.060Z] [INFO] Language Detection   ✅ PASS 
[summary] [2025-09-25T09:46:17.061Z] [INFO]   Languages detected: nodejs 
[summary] [2025-09-25T09:46:17.061Z] [INFO]   Primary language: nodejs 
[summary] [2025-09-25T09:46:17.062Z] [INFO] Dependency Check     ✅ PASS 
[summary] [2025-09-25T09:46:17.063Z] [INFO]   nodejs: SUCCESS 
[summary] [2025-09-25T09:46:17.063Z] [INFO] Code Quality         ❌ FAIL 
[summary] [2025-09-25T09:46:17.064Z] [INFO]   nodejs: FAILED 
[summary] [2025-09-25T09:46:17.064Z] [INFO] NPM Version Scan     ❌ FAIL 
[summary] [2025-09-25T09:46:17.064Z] [INFO]   nodejs: FAILED 
[summary] [2025-09-25T09:46:17.065Z] [INFO] Secret Detection     ✅ PASS 
[summary] [2025-09-25T09:46:17.066Z] [INFO]   secretScan: SUCCESS 
[summary] [2025-09-25T09:46:17.066Z] [INFO] SAST Scan            ✅ PASS 
[summary] [2025-09-25T09:46:17.067Z] [INFO]   coverage: SUCCESS 
[summary] [2025-09-25T09:46:17.068Z] [ERROR]  
[summary] [2025-09-25T09:46:17.068Z] [ERROR] ❌ PIPELINE FAILED: Please review the issues above. 
[summary] [2025-09-25T09:46:17.069Z] [INFO]  
[summary] [2025-09-25T09:46:17.069Z] [INFO] FINAL STATUS: FAILED 
[summary] [2025-09-25T09:46:17.069Z] [INFO] Log files location: C:\Users\hsjagad\CascadeProjects\windsurf-cicd-pipeline-pre-commit\React_demo-master\windsurf-pipeline\logs\run-2025-09-25T09-45-55-856Z 
[language-detection] [2025-09-25T09:50:16.649Z] [INFO] Starting language detection process 
[language-detection] [2025-09-25T09:50:16.650Z] [INFO] Detected Node.js via package.json in root 
[language-detection] [2025-09-25T09:50:16.652Z] [INFO] Final results: 1 languages detected 
[language-detection] [2025-09-25T09:50:16.652Z] [INFO] Languages: nodejs 
[language-detection] [2025-09-25T09:50:16.652Z] [INFO] Primary language: nodejs 
[language-detection] [2025-09-25T09:50:16.653Z] [INFO] Detection files: package.json 
[dependency-check] [2025-09-25T09:50:16.655Z] [INFO] Starting dependency check for languages: nodejs
[dependency-check] [2025-09-25T09:50:16.656Z] [INFO] Checking nodejs dependencies 
[dependency-check] [2025-09-25T09:50:20.402Z] [INFO] nodejs dependency check: SUCCESS 
[dependency-check] [2025-09-25T09:50:20.402Z] [INFO] Dependency check completed. Overall success: true 
[code-quality] [2025-09-25T09:50:20.405Z] [INFO] Starting code quality checks for languages: nodejs
[code-quality] [2025-09-25T09:50:20.406Z] [INFO] Running nodejs code quality checks 
[code-quality] [2025-09-25T09:50:32.714Z] [ERROR] nodejs code quality: FAILED 
[code-quality] [2025-09-25T09:50:32.715Z] [ERROR] === NODEJS CODE QUALITY FAILURE DETAILS === 
[code-quality] [2025-09-25T09:50:32.715Z] [ERROR] SYNTAX FAILED: 
[code-quality] [2025-09-25T09:50:32.716Z] [INFO] Code quality checks completed. Overall success: false 
[npm-version-scan] [2025-09-25T09:50:32.747Z] [INFO] Starting npm version vulnerability scan 
[npm-version-scan] [2025-09-25T09:50:39.545Z] [ERROR] npm version scan: FAILED 
[npm-version-scan] [2025-09-25T09:50:39.545Z] [ERROR] === NPM VERSION SCAN FAILURE DETAILS === 
[npm-version-scan] [2025-09-25T09:50:39.545Z] [WARN] Outdated package: @mui/icons-material (current: 5.18.0, wanted: 5.18.0, latest: 7.3.2) 
[npm-version-scan] [2025-09-25T09:50:39.546Z] [WARN] Outdated package: @mui/material (current: 5.18.0, wanted: 5.18.0, latest: 7.3.2) 
[npm-version-scan] [2025-09-25T09:50:39.546Z] [WARN] Outdated package: husky (current: 8.0.3, wanted: 8.0.3, latest: 9.1.7) 
[npm-version-scan] [2025-09-25T09:50:39.558Z] [WARN] Outdated package: lint-staged (current: 15.5.2, wanted: 15.5.2, latest: 16.2.0) 
[npm-version-scan] [2025-09-25T09:50:39.559Z] [WARN] Outdated package: react (current: 18.3.1, wanted: 18.3.1, latest: 19.1.1) 
[npm-version-scan] [2025-09-25T09:50:39.560Z] [WARN] Outdated package: react-dom (current: 18.3.1, wanted: 18.3.1, latest: 19.1.1) 
[npm-version-scan] [2025-09-25T09:50:39.560Z] [ERROR] Vulnerable package: @svgr/plugin-svgo 
[npm-version-scan] [2025-09-25T09:50:39.560Z] [ERROR] Vulnerable package: @svgr/webpack 
[npm-version-scan] [2025-09-25T09:50:39.561Z] [ERROR] Vulnerable package: css-select 
[npm-version-scan] [2025-09-25T09:50:39.561Z] [ERROR] Vulnerable package: nth-check 
[npm-version-scan] [2025-09-25T09:50:39.561Z] [ERROR] Vulnerable package: postcss 
[npm-version-scan] [2025-09-25T09:50:39.562Z] [ERROR] Vulnerable package: react-scripts 
[npm-version-scan] [2025-09-25T09:50:39.562Z] [ERROR] Vulnerable package: resolve-url-loader 
[npm-version-scan] [2025-09-25T09:50:39.562Z] [ERROR] Vulnerable package: svgo 
[npm-version-scan] [2025-09-25T09:50:39.563Z] [ERROR] Vulnerable package: webpack-dev-server 
[npm-version-scan] [2025-09-25T09:50:39.563Z] [INFO] npm version scan completed. Overall success: false 
[secret-detection] [2025-09-25T09:50:39.565Z] [INFO] Starting secret detection scan 
[secret-detection] [2025-09-25T09:50:39.600Z] [INFO] Secret detection: NO SECRETS FOUND 
[secret-detection] [2025-09-25T09:50:39.601Z] [INFO] Secret detection completed. Overall success: true 
[sast-scan] [2025-09-25T09:50:39.603Z] [INFO] Starting code coverage analysis for languages: nodejs
[sast-scan] [2025-09-25T09:50:39.611Z] [INFO] Code coverage analysis: SUCCESS 
[sast-scan] [2025-09-25T09:50:39.611Z] [INFO] === CODE COVERAGE RESULTS === 
[sast-scan] [2025-09-25T09:50:39.612Z] [INFO] Total files analyzed: 4 
[sast-scan] [2025-09-25T09:50:39.612Z] [INFO] Total lines of code: 333 
[sast-scan] [2025-09-25T09:50:39.613Z] [INFO] Average complexity: 1 
[sast-scan] [2025-09-25T09:50:39.613Z] [INFO] Code to total ratio: 91% 
[sast-scan] [2025-09-25T09:50:39.613Z] [INFO] Code coverage analysis completed. Overall success: true 
[summary] [2025-09-25T09:50:39.615Z] [INFO] PIPELINE EXECUTION SUMMARY 
[summary] [2025-09-25T09:50:39.615Z] [INFO] ================================================== 
[summary] [2025-09-25T09:50:39.615Z] [INFO] Execution started: 2025-09-25T09:50:16.601Z 
[summary] [2025-09-25T09:50:39.616Z] [INFO] Execution completed: 2025-09-25T09:50:39.616Z 
[summary] [2025-09-25T09:50:39.616Z] [INFO] Total duration: 23.01 seconds 
[summary] [2025-09-25T09:50:39.617Z] [INFO]  
[summary] [2025-09-25T09:50:39.617Z] [INFO] STAGE RESULTS: 
[summary] [2025-09-25T09:50:39.618Z] [INFO] Language Detection   ✅ PASS 
[summary] [2025-09-25T09:50:39.619Z] [INFO]   Languages detected: nodejs 
[summary] [2025-09-25T09:50:39.619Z] [INFO]   Primary language: nodejs 
[summary] [2025-09-25T09:50:39.620Z] [INFO] Dependency Check     ✅ PASS 
[summary] [2025-09-25T09:50:39.620Z] [INFO]   nodejs: SUCCESS 
[summary] [2025-09-25T09:50:39.621Z] [INFO] Code Quality         ❌ FAIL 
[summary] [2025-09-25T09:50:39.621Z] [INFO]   nodejs: FAILED 
[summary] [2025-09-25T09:50:39.622Z] [INFO] NPM Version Scan     ❌ FAIL 
[summary] [2025-09-25T09:50:39.623Z] [INFO]   nodejs: FAILED 
[summary] [2025-09-25T09:50:39.624Z] [INFO] Secret Detection     ✅ PASS 
[summary] [2025-09-25T09:50:39.625Z] [INFO]   secretScan: SUCCESS 
[summary] [2025-09-25T09:50:39.625Z] [INFO] SAST Scan            ✅ PASS 
[summary] [2025-09-25T09:50:39.626Z] [INFO]   coverage: SUCCESS 
[summary] [2025-09-25T09:50:39.627Z] [ERROR]  
[summary] [2025-09-25T09:50:39.627Z] [ERROR] ❌ PIPELINE FAILED: Please review the issues above. 
[summary] [2025-09-25T09:50:39.628Z] [INFO]  
[summary] [2025-09-25T09:50:39.628Z] [INFO] FINAL STATUS: FAILED 
[summary] [2025-09-25T09:50:39.628Z] [INFO] Log files location: C:\Users\hsjagad\CascadeProjects\windsurf-cicd-pipeline-pre-commit\React_demo-master\windsurf-pipeline\logs\run-2025-09-25T09-50-16-602Z 
[language-detection] [2025-09-25T09:54:39.695Z] [INFO] Starting language detection process 
[language-detection] [2025-09-25T09:54:39.699Z] [INFO] Detected Node.js via package.json in root 
[language-detection] [2025-09-25T09:54:39.710Z] [INFO] Final results: 1 languages detected 
[language-detection] [2025-09-25T09:54:39.712Z] [INFO] Languages: nodejs 
[language-detection] [2025-09-25T09:54:39.714Z] [INFO] Primary language: nodejs 
[language-detection] [2025-09-25T09:54:39.716Z] [INFO] Detection files: package.json 
[dependency-check] [2025-09-25T09:54:39.729Z] [INFO] Starting dependency check for languages: nodejs
[dependency-check] [2025-09-25T09:54:39.734Z] [INFO] Checking nodejs dependencies 
[dependency-check] [2025-09-25T09:54:50.217Z] [INFO] nodejs dependency check: SUCCESS 
[dependency-check] [2025-09-25T09:54:50.225Z] [INFO] Dependency check completed. Overall success: true 
[code-quality] [2025-09-25T09:54:50.242Z] [INFO] Starting code quality checks for languages: nodejs
[code-quality] [2025-09-25T09:54:50.246Z] [INFO] Running nodejs code quality checks 
[code-quality] [2025-09-25T09:56:02.594Z] [INFO] nodejs code quality: SUCCESS 
[code-quality] [2025-09-25T09:56:02.595Z] [INFO] Code quality checks completed. Overall success: true 
[npm-version-scan] [2025-09-25T09:56:02.605Z] [INFO] Starting npm version vulnerability scan 
[npm-version-scan] [2025-09-25T09:56:23.878Z] [ERROR] npm version scan: FAILED 
[npm-version-scan] [2025-09-25T09:56:23.879Z] [ERROR] === NPM VERSION SCAN FAILURE DETAILS === 
[npm-version-scan] [2025-09-25T09:56:23.880Z] [WARN] Outdated package: @mui/icons-material (current: 5.18.0, wanted: 5.18.0, latest: 7.3.2) 
[npm-version-scan] [2025-09-25T09:56:23.881Z] [WARN] Outdated package: @mui/material (current: 5.18.0, wanted: 5.18.0, latest: 7.3.2) 
[npm-version-scan] [2025-09-25T09:56:23.882Z] [WARN] Outdated package: husky (current: 8.0.3, wanted: 8.0.3, latest: 9.1.7) 
[npm-version-scan] [2025-09-25T09:56:23.896Z] [WARN] Outdated package: lint-staged (current: 15.5.2, wanted: 15.5.2, latest: 16.2.0) 
[npm-version-scan] [2025-09-25T09:56:23.899Z] [WARN] Outdated package: react (current: 18.3.1, wanted: 18.3.1, latest: 19.1.1) 
[npm-version-scan] [2025-09-25T09:56:23.902Z] [WARN] Outdated package: react-dom (current: 18.3.1, wanted: 18.3.1, latest: 19.1.1) 
[npm-version-scan] [2025-09-25T09:56:23.906Z] [ERROR] Vulnerable package: @svgr/plugin-svgo 
[npm-version-scan] [2025-09-25T09:56:23.908Z] [ERROR] Vulnerable package: @svgr/webpack 
[npm-version-scan] [2025-09-25T09:56:23.910Z] [ERROR] Vulnerable package: css-select 
[npm-version-scan] [2025-09-25T09:56:23.911Z] [ERROR] Vulnerable package: nth-check 
[npm-version-scan] [2025-09-25T09:56:23.913Z] [ERROR] Vulnerable package: postcss 
[npm-version-scan] [2025-09-25T09:56:23.915Z] [ERROR] Vulnerable package: react-scripts 
[npm-version-scan] [2025-09-25T09:56:23.917Z] [ERROR] Vulnerable package: resolve-url-loader 
[npm-version-scan] [2025-09-25T09:56:23.918Z] [ERROR] Vulnerable package: svgo 
[npm-version-scan] [2025-09-25T09:56:23.920Z] [ERROR] Vulnerable package: webpack-dev-server 
[npm-version-scan] [2025-09-25T09:56:23.922Z] [INFO] npm version scan completed. Overall success: false 
[secret-detection] [2025-09-25T09:56:23.933Z] [INFO] Starting secret detection scan 
[secret-detection] [2025-09-25T09:56:24.008Z] [INFO] Secret detection: NO SECRETS FOUND 
[secret-detection] [2025-09-25T09:56:24.008Z] [INFO] Secret detection completed. Overall success: true 
[sast-scan] [2025-09-25T09:56:24.014Z] [INFO] Starting code coverage analysis for languages: nodejs
[sast-scan] [2025-09-25T09:56:24.042Z] [INFO] Code coverage analysis: SUCCESS 
[sast-scan] [2025-09-25T09:56:24.043Z] [INFO] === CODE COVERAGE RESULTS === 
[sast-scan] [2025-09-25T09:56:24.044Z] [INFO] Total files analyzed: 4 
[sast-scan] [2025-09-25T09:56:24.045Z] [INFO] Total lines of code: 333 
[sast-scan] [2025-09-25T09:56:24.045Z] [INFO] Average complexity: 1 
[sast-scan] [2025-09-25T09:56:24.046Z] [INFO] Code to total ratio: 91% 
[sast-scan] [2025-09-25T09:56:24.046Z] [INFO] Code coverage analysis completed. Overall success: true 
[summary] [2025-09-25T09:56:24.069Z] [INFO] PIPELINE EXECUTION SUMMARY 
[summary] [2025-09-25T09:56:24.073Z] [INFO] ================================================== 
[summary] [2025-09-25T09:56:24.075Z] [INFO] Execution started: 2025-09-25T09:54:39.001Z 
[summary] [2025-09-25T09:56:24.077Z] [INFO] Execution completed: 2025-09-25T09:56:24.077Z 
[summary] [2025-09-25T09:56:24.078Z] [INFO] Total duration: 105.06 seconds 
[summary] [2025-09-25T09:56:24.079Z] [INFO]  
[summary] [2025-09-25T09:56:24.080Z] [INFO] STAGE RESULTS: 
[summary] [2025-09-25T09:56:24.084Z] [INFO] Language Detection   ✅ PASS 
[summary] [2025-09-25T09:56:24.086Z] [INFO]   Languages detected: nodejs 
[summary] [2025-09-25T09:56:24.087Z] [INFO]   Primary language: nodejs 
[summary] [2025-09-25T09:56:24.089Z] [INFO] Dependency Check     ✅ PASS 
[summary] [2025-09-25T09:56:24.092Z] [INFO]   nodejs: SUCCESS 
[summary] [2025-09-25T09:56:24.096Z] [INFO] Code Quality         ✅ PASS 
[summary] [2025-09-25T09:56:24.097Z] [INFO]   nodejs: SUCCESS 
[summary] [2025-09-25T09:56:24.099Z] [INFO] NPM Version Scan     ❌ FAIL 
[summary] [2025-09-25T09:56:24.100Z] [INFO]   nodejs: FAILED 
[summary] [2025-09-25T09:56:24.102Z] [INFO] Secret Detection     ✅ PASS 
[summary] [2025-09-25T09:56:24.103Z] [INFO]   secretScan: SUCCESS 
[summary] [2025-09-25T09:56:24.105Z] [INFO] SAST Scan            ✅ PASS 
[summary] [2025-09-25T09:56:24.107Z] [INFO]   coverage: SUCCESS 
[summary] [2025-09-25T09:56:24.112Z] [ERROR]  
[summary] [2025-09-25T09:56:24.115Z] [ERROR] ❌ PIPELINE FAILED: Please review the issues above. 
[summary] [2025-09-25T09:56:24.118Z] [INFO]  
[summary] [2025-09-25T09:56:24.120Z] [INFO] FINAL STATUS: FAILED 
[summary] [2025-09-25T09:56:24.123Z] [INFO] Log files location: C:\Users\hsjagad\CascadeProjects\windsurf-cicd-pipeline-pre-commit\React_demo-master\windsurf-pipeline\logs\run-2025-09-25T09-54-39-004Z 
[language-detection] [2025-09-26T04:58:58.923Z] [INFO] Starting language detection process 
[language-detection] [2025-09-26T04:58:58.924Z] [INFO] Detected Node.js via package.json in root 
[language-detection] [2025-09-26T04:58:58.925Z] [INFO] Final results: 1 languages detected 
[language-detection] [2025-09-26T04:58:58.926Z] [INFO] Languages: nodejs 
[language-detection] [2025-09-26T04:58:58.926Z] [INFO] Primary language: nodejs 
[language-detection] [2025-09-26T04:58:58.927Z] [INFO] Detection files: package.json 
[dependency-check] [2025-09-26T04:58:58.929Z] [INFO] Starting dependency check for languages: nodejs
[dependency-check] [2025-09-26T04:58:58.930Z] [INFO] Checking nodejs dependencies 
[dependency-check] [2025-09-26T04:59:02.993Z] [INFO] nodejs dependency check: SUCCESS 
[dependency-check] [2025-09-26T04:59:02.994Z] [INFO] Dependency check completed. Overall success: true 
[code-quality] [2025-09-26T04:59:02.998Z] [INFO] Starting code quality checks for languages: nodejs
[code-quality] [2025-09-26T04:59:03.000Z] [INFO] Running nodejs code quality checks 
[code-quality] [2025-09-26T04:59:10.520Z] [ERROR] nodejs code quality: FAILED 
[code-quality] [2025-09-26T04:59:10.520Z] [ERROR] === NODEJS CODE QUALITY FAILURE DETAILS === 
[code-quality] [2025-09-26T04:59:10.521Z] [ERROR] PRETTIER FAILED: 
[code-quality] [2025-09-26T04:59:10.521Z] [ERROR] Output: Checking formatting...
 
[code-quality] [2025-09-26T04:59:10.522Z] [ERROR] Error: [[33mwarn[39m] src/components/Dashboard.js
[[33mwarn[39m] src/components/TestConsole.js
[[33mwarn[39m] Code style issues found in 2 files. Run Prettier with --write to fix.
 
[code-quality] [2025-09-26T04:59:10.535Z] [ERROR] Error Message: Command failed: npx prettier --check src/ --ignore-unknown
[[33mwarn[39m] src/components/Dashboard.js
[[33mwarn[39m] src/components/TestConsole.js
[[33mwarn[39m] Code style issues found in 2 files. Run Prettier with --write to fix.
 
[code-quality] [2025-09-26T04:59:10.536Z] [ERROR] SYNTAX FAILED: 
[code-quality] [2025-09-26T04:59:10.536Z] [INFO] Code quality checks completed. Overall success: false 
[npm-version-scan] [2025-09-26T04:59:10.539Z] [INFO] Starting npm version vulnerability scan 
[npm-version-scan] [2025-09-26T04:59:17.649Z] [ERROR] npm version scan: FAILED 
[npm-version-scan] [2025-09-26T04:59:17.649Z] [ERROR] === NPM VERSION SCAN FAILURE DETAILS === 
[npm-version-scan] [2025-09-26T04:59:17.650Z] [WARN] Outdated package: @mui/icons-material (current: 5.18.0, wanted: 5.18.0, latest: 7.3.2) 
[npm-version-scan] [2025-09-26T04:59:17.650Z] [WARN] Outdated package: @mui/material (current: 5.18.0, wanted: 5.18.0, latest: 7.3.2) 
[npm-version-scan] [2025-09-26T04:59:17.650Z] [WARN] Outdated package: husky (current: 8.0.3, wanted: 8.0.3, latest: 9.1.7) 
[npm-version-scan] [2025-09-26T04:59:17.651Z] [WARN] Outdated package: lint-staged (current: 15.5.2, wanted: 15.5.2, latest: 16.2.1) 
[npm-version-scan] [2025-09-26T04:59:17.651Z] [WARN] Outdated package: react (current: 18.3.1, wanted: 18.3.1, latest: 19.1.1) 
[npm-version-scan] [2025-09-26T04:59:17.652Z] [WARN] Outdated package: react-dom (current: 18.3.1, wanted: 18.3.1, latest: 19.1.1) 
[npm-version-scan] [2025-09-26T04:59:17.652Z] [ERROR] Vulnerable package: @svgr/plugin-svgo 
[npm-version-scan] [2025-09-26T04:59:17.652Z] [ERROR] Vulnerable package: @svgr/webpack 
[npm-version-scan] [2025-09-26T04:59:17.653Z] [ERROR] Vulnerable package: css-select 
[npm-version-scan] [2025-09-26T04:59:17.653Z] [ERROR] Vulnerable package: nth-check 
[npm-version-scan] [2025-09-26T04:59:17.654Z] [ERROR] Vulnerable package: postcss 
[npm-version-scan] [2025-09-26T04:59:17.654Z] [ERROR] Vulnerable package: react-scripts 
[npm-version-scan] [2025-09-26T04:59:17.654Z] [ERROR] Vulnerable package: resolve-url-loader 
[npm-version-scan] [2025-09-26T04:59:17.654Z] [ERROR] Vulnerable package: svgo 
[npm-version-scan] [2025-09-26T04:59:17.655Z] [ERROR] Vulnerable package: webpack-dev-server 
[npm-version-scan] [2025-09-26T04:59:17.655Z] [INFO] npm version scan completed. Overall success: false 
[secret-detection] [2025-09-26T04:59:17.658Z] [INFO] Starting secret detection scan 
[secret-detection] [2025-09-26T04:59:17.696Z] [INFO] Secret detection: NO SECRETS FOUND 
[secret-detection] [2025-09-26T04:59:17.697Z] [INFO] Secret detection completed. Overall success: true 
[sast-scan] [2025-09-26T04:59:17.698Z] [INFO] Starting code coverage analysis for languages: nodejs
[sast-scan] [2025-09-26T04:59:17.703Z] [INFO] Code coverage analysis: SUCCESS 
[sast-scan] [2025-09-26T04:59:17.704Z] [INFO] === CODE COVERAGE RESULTS === 
[sast-scan] [2025-09-26T04:59:17.704Z] [INFO] Total files analyzed: 4 
[sast-scan] [2025-09-26T04:59:17.704Z] [INFO] Total lines of code: 331 
[sast-scan] [2025-09-26T04:59:17.705Z] [INFO] Average complexity: 1 
[sast-scan] [2025-09-26T04:59:17.705Z] [INFO] Code to total ratio: 91% 
[sast-scan] [2025-09-26T04:59:17.706Z] [INFO] Code coverage analysis completed. Overall success: true 
[summary] [2025-09-26T04:59:17.708Z] [INFO] PIPELINE EXECUTION SUMMARY 
[summary] [2025-09-26T04:59:17.708Z] [INFO] ================================================== 
[summary] [2025-09-26T04:59:17.709Z] [INFO] Execution started: 2025-09-26T04:58:58.874Z 
[summary] [2025-09-26T04:59:17.709Z] [INFO] Execution completed: 2025-09-26T04:59:17.709Z 
[summary] [2025-09-26T04:59:17.709Z] [INFO] Total duration: 18.83 seconds 
[summary] [2025-09-26T04:59:17.709Z] [INFO]  
[summary] [2025-09-26T04:59:17.710Z] [INFO] STAGE RESULTS: 
[summary] [2025-09-26T04:59:17.710Z] [INFO] Language Detection   ✅ PASS 
[summary] [2025-09-26T04:59:17.711Z] [INFO]   Languages detected: nodejs 
[summary] [2025-09-26T04:59:17.711Z] [INFO]   Primary language: nodejs 
[summary] [2025-09-26T04:59:17.712Z] [INFO] Dependency Check     ✅ PASS 
[summary] [2025-09-26T04:59:17.712Z] [INFO]   nodejs: SUCCESS 
[summary] [2025-09-26T04:59:17.713Z] [INFO] Code Quality         ❌ FAIL 
[summary] [2025-09-26T04:59:17.713Z] [INFO]   nodejs: FAILED 
[summary] [2025-09-26T04:59:17.714Z] [INFO] NPM Version Scan     ❌ FAIL 
[summary] [2025-09-26T04:59:17.714Z] [INFO]   nodejs: FAILED 
[summary] [2025-09-26T04:59:17.714Z] [INFO] Secret Detection     ✅ PASS 
[summary] [2025-09-26T04:59:17.715Z] [INFO]   secretScan: SUCCESS 
[summary] [2025-09-26T04:59:17.716Z] [INFO] SAST Scan            ✅ PASS 
[summary] [2025-09-26T04:59:17.716Z] [INFO]   coverage: SUCCESS 
[summary] [2025-09-26T04:59:17.717Z] [ERROR]  
[summary] [2025-09-26T04:59:17.717Z] [ERROR] ❌ PIPELINE FAILED: Please review the issues above. 
[summary] [2025-09-26T04:59:17.718Z] [INFO]  
[summary] [2025-09-26T04:59:17.718Z] [INFO] FINAL STATUS: FAILED 
[summary] [2025-09-26T04:59:17.718Z] [INFO] Log files location: C:\Users\hsjagad\CascadeProjects\windsurf-cicd-pipeline-pre-commit\React_demo-master\windsurf-pipeline\logs\run-2025-09-26T04-58-58-875Z 
[language-detection] [2025-09-26T05:03:32.406Z] [INFO] Starting language detection process 
[language-detection] [2025-09-26T05:03:32.406Z] [INFO] Detected Node.js via package.json in root 
[language-detection] [2025-09-26T05:03:32.409Z] [INFO] Final results: 1 languages detected 
[language-detection] [2025-09-26T05:03:32.410Z] [INFO] Languages: nodejs 
[language-detection] [2025-09-26T05:03:32.410Z] [INFO] Primary language: nodejs 
[language-detection] [2025-09-26T05:03:32.411Z] [INFO] Detection files: package.json 
[dependency-check] [2025-09-26T05:03:32.415Z] [INFO] Starting dependency check for languages: nodejs
[dependency-check] [2025-09-26T05:03:32.416Z] [INFO] Checking nodejs dependencies 
[dependency-check] [2025-09-26T05:03:36.169Z] [INFO] nodejs dependency check: SUCCESS 
[dependency-check] [2025-09-26T05:03:36.169Z] [INFO] Dependency check completed. Overall success: true 
[code-quality] [2025-09-26T05:03:36.171Z] [INFO] Starting code quality checks for languages: nodejs
[code-quality] [2025-09-26T05:03:36.172Z] [INFO] Running nodejs code quality checks 
[code-quality] [2025-09-26T05:03:44.743Z] [ERROR] nodejs code quality: FAILED 
[code-quality] [2025-09-26T05:03:44.743Z] [ERROR] === NODEJS CODE QUALITY FAILURE DETAILS === 
[code-quality] [2025-09-26T05:03:44.744Z] [ERROR] SYNTAX FAILED: 
[code-quality] [2025-09-26T05:03:44.744Z] [INFO] Code quality checks completed. Overall success: false 
[npm-version-scan] [2025-09-26T05:03:44.746Z] [INFO] Starting npm version vulnerability scan 
[npm-version-scan] [2025-09-26T05:03:52.207Z] [ERROR] npm version scan: FAILED 
[npm-version-scan] [2025-09-26T05:03:52.208Z] [ERROR] === NPM VERSION SCAN FAILURE DETAILS === 
[npm-version-scan] [2025-09-26T05:03:52.208Z] [WARN] Outdated package: @mui/icons-material (current: 5.18.0, wanted: 5.18.0, latest: 7.3.2) 
[npm-version-scan] [2025-09-26T05:03:52.208Z] [WARN] Outdated package: @mui/material (current: 5.18.0, wanted: 5.18.0, latest: 7.3.2) 
[npm-version-scan] [2025-09-26T05:03:52.209Z] [WARN] Outdated package: husky (current: 8.0.3, wanted: 8.0.3, latest: 9.1.7) 
[npm-version-scan] [2025-09-26T05:03:52.209Z] [WARN] Outdated package: lint-staged (current: 15.5.2, wanted: 15.5.2, latest: 16.2.1) 
[npm-version-scan] [2025-09-26T05:03:52.210Z] [WARN] Outdated package: react (current: 18.3.1, wanted: 18.3.1, latest: 19.1.1) 
[npm-version-scan] [2025-09-26T05:03:52.210Z] [WARN] Outdated package: react-dom (current: 18.3.1, wanted: 18.3.1, latest: 19.1.1) 
[npm-version-scan] [2025-09-26T05:03:52.210Z] [ERROR] Vulnerable package: @svgr/plugin-svgo 
[npm-version-scan] [2025-09-26T05:03:52.211Z] [ERROR] Vulnerable package: @svgr/webpack 
[npm-version-scan] [2025-09-26T05:03:52.211Z] [ERROR] Vulnerable package: css-select 
[npm-version-scan] [2025-09-26T05:03:52.212Z] [ERROR] Vulnerable package: nth-check 
[npm-version-scan] [2025-09-26T05:03:52.212Z] [ERROR] Vulnerable package: postcss 
[npm-version-scan] [2025-09-26T05:03:52.212Z] [ERROR] Vulnerable package: react-scripts 
[npm-version-scan] [2025-09-26T05:03:52.213Z] [ERROR] Vulnerable package: resolve-url-loader 
[npm-version-scan] [2025-09-26T05:03:52.213Z] [ERROR] Vulnerable package: svgo 
[npm-version-scan] [2025-09-26T05:03:52.213Z] [ERROR] Vulnerable package: webpack-dev-server 
[npm-version-scan] [2025-09-26T05:03:52.213Z] [INFO] npm version scan completed. Overall success: false 
[secret-detection] [2025-09-26T05:03:52.216Z] [INFO] Starting secret detection scan 
[secret-detection] [2025-09-26T05:03:52.247Z] [INFO] Secret detection: NO SECRETS FOUND 
[secret-detection] [2025-09-26T05:03:52.247Z] [INFO] Secret detection completed. Overall success: true 
[sast-scan] [2025-09-26T05:03:52.249Z] [INFO] Starting code coverage analysis for languages: nodejs
[sast-scan] [2025-09-26T05:03:52.259Z] [INFO] Code coverage analysis: SUCCESS 
[sast-scan] [2025-09-26T05:03:52.259Z] [INFO] === CODE COVERAGE RESULTS === 
[sast-scan] [2025-09-26T05:03:52.260Z] [INFO] Total files analyzed: 4 
[sast-scan] [2025-09-26T05:03:52.260Z] [INFO] Total lines of code: 332 
[sast-scan] [2025-09-26T05:03:52.261Z] [INFO] Average complexity: 1 
[sast-scan] [2025-09-26T05:03:52.261Z] [INFO] Code to total ratio: 91% 
[sast-scan] [2025-09-26T05:03:52.262Z] [INFO] Code coverage analysis completed. Overall success: true 
[summary] [2025-09-26T05:03:52.264Z] [INFO] PIPELINE EXECUTION SUMMARY 
[summary] [2025-09-26T05:03:52.265Z] [INFO] ================================================== 
[summary] [2025-09-26T05:03:52.265Z] [INFO] Execution started: 2025-09-26T05:03:32.341Z 
[summary] [2025-09-26T05:03:52.266Z] [INFO] Execution completed: 2025-09-26T05:03:52.266Z 
[summary] [2025-09-26T05:03:52.266Z] [INFO] Total duration: 19.92 seconds 
[summary] [2025-09-26T05:03:52.266Z] [INFO]  
[summary] [2025-09-26T05:03:52.267Z] [INFO] STAGE RESULTS: 
[summary] [2025-09-26T05:03:52.268Z] [INFO] Language Detection   ✅ PASS 
[summary] [2025-09-26T05:03:52.269Z] [INFO]   Languages detected: nodejs 
[summary] [2025-09-26T05:03:52.269Z] [INFO]   Primary language: nodejs 
[summary] [2025-09-26T05:03:52.270Z] [INFO] Dependency Check     ✅ PASS 
[summary] [2025-09-26T05:03:52.270Z] [INFO]   nodejs: SUCCESS 
[summary] [2025-09-26T05:03:52.271Z] [INFO] Code Quality         ❌ FAIL 
[summary] [2025-09-26T05:03:52.271Z] [INFO]   nodejs: FAILED 
[summary] [2025-09-26T05:03:52.272Z] [INFO] NPM Version Scan     ❌ FAIL 
[summary] [2025-09-26T05:03:52.272Z] [INFO]   nodejs: FAILED 
[summary] [2025-09-26T05:03:52.273Z] [INFO] Secret Detection     ✅ PASS 
[summary] [2025-09-26T05:03:52.273Z] [INFO]   secretScan: SUCCESS 
[summary] [2025-09-26T05:03:52.274Z] [INFO] SAST Scan            ✅ PASS 
[summary] [2025-09-26T05:03:52.274Z] [INFO]   coverage: SUCCESS 
[summary] [2025-09-26T05:03:52.275Z] [ERROR]  
[summary] [2025-09-26T05:03:52.276Z] [ERROR] ❌ PIPELINE FAILED: Please review the issues above. 
[summary] [2025-09-26T05:03:52.276Z] [INFO]  
[summary] [2025-09-26T05:03:52.277Z] [INFO] FINAL STATUS: FAILED 
[summary] [2025-09-26T05:03:52.277Z] [INFO] Log files location: C:\Users\hsjagad\CascadeProjects\windsurf-cicd-pipeline-pre-commit\React_demo-master\windsurf-pipeline\logs\run-2025-09-26T05-03-32-342Z 
[language-detection] [2025-09-26T05:06:25.989Z] [INFO] Starting language detection process 
[language-detection] [2025-09-26T05:06:25.990Z] [INFO] Detected Node.js via package.json in root 
[language-detection] [2025-09-26T05:06:25.993Z] [INFO] Final results: 1 languages detected 
[language-detection] [2025-09-26T05:06:25.993Z] [INFO] Languages: nodejs 
[language-detection] [2025-09-26T05:06:25.994Z] [INFO] Primary language: nodejs 
[language-detection] [2025-09-26T05:06:25.994Z] [INFO] Detection files: package.json 
[dependency-check] [2025-09-26T05:06:25.997Z] [INFO] Starting dependency check for languages: nodejs
[dependency-check] [2025-09-26T05:06:25.998Z] [INFO] Checking nodejs dependencies 
[dependency-check] [2025-09-26T05:06:31.284Z] [INFO] nodejs dependency check: SUCCESS 
[dependency-check] [2025-09-26T05:06:31.285Z] [INFO] Dependency check completed. Overall success: true 
[code-quality] [2025-09-26T05:06:31.287Z] [INFO] Starting code quality checks for languages: nodejs
[code-quality] [2025-09-26T05:06:31.287Z] [INFO] Running nodejs code quality checks 
[code-quality] [2025-09-26T05:06:40.911Z] [ERROR] nodejs code quality: FAILED 
[code-quality] [2025-09-26T05:06:40.912Z] [ERROR] === NODEJS CODE QUALITY FAILURE DETAILS === 
[code-quality] [2025-09-26T05:06:40.912Z] [ERROR] SYNTAX FAILED: 
[code-quality] [2025-09-26T05:06:40.913Z] [INFO] Code quality checks completed. Overall success: false 
[npm-version-scan] [2025-09-26T05:06:40.916Z] [INFO] Starting npm version vulnerability scan 
[npm-version-scan] [2025-09-26T05:06:49.640Z] [ERROR] npm version scan: FAILED 
[npm-version-scan] [2025-09-26T05:06:49.640Z] [ERROR] === NPM VERSION SCAN FAILURE DETAILS === 
[npm-version-scan] [2025-09-26T05:06:49.641Z] [WARN] Outdated package: @mui/icons-material (current: 5.18.0, wanted: 5.18.0, latest: 7.3.2) 
[npm-version-scan] [2025-09-26T05:06:49.641Z] [WARN] Outdated package: @mui/material (current: 5.18.0, wanted: 5.18.0, latest: 7.3.2) 
[npm-version-scan] [2025-09-26T05:06:49.642Z] [WARN] Outdated package: husky (current: 8.0.3, wanted: 8.0.3, latest: 9.1.7) 
[npm-version-scan] [2025-09-26T05:06:49.654Z] [WARN] Outdated package: lint-staged (current: 15.5.2, wanted: 15.5.2, latest: 16.2.1) 
[npm-version-scan] [2025-09-26T05:06:49.655Z] [WARN] Outdated package: react (current: 18.3.1, wanted: 18.3.1, latest: 19.1.1) 
[npm-version-scan] [2025-09-26T05:06:49.655Z] [WARN] Outdated package: react-dom (current: 18.3.1, wanted: 18.3.1, latest: 19.1.1) 
[npm-version-scan] [2025-09-26T05:06:49.656Z] [ERROR] Vulnerable package: @svgr/plugin-svgo 
[npm-version-scan] [2025-09-26T05:06:49.656Z] [ERROR] Vulnerable package: @svgr/webpack 
[npm-version-scan] [2025-09-26T05:06:49.657Z] [ERROR] Vulnerable package: css-select 
[npm-version-scan] [2025-09-26T05:06:49.657Z] [ERROR] Vulnerable package: nth-check 
[npm-version-scan] [2025-09-26T05:06:49.658Z] [ERROR] Vulnerable package: postcss 
[npm-version-scan] [2025-09-26T05:06:49.658Z] [ERROR] Vulnerable package: react-scripts 
[npm-version-scan] [2025-09-26T05:06:49.658Z] [ERROR] Vulnerable package: resolve-url-loader 
[npm-version-scan] [2025-09-26T05:06:49.659Z] [ERROR] Vulnerable package: svgo 
[npm-version-scan] [2025-09-26T05:06:49.659Z] [ERROR] Vulnerable package: webpack-dev-server 
[npm-version-scan] [2025-09-26T05:06:49.659Z] [INFO] npm version scan completed. Overall success: false 
[secret-detection] [2025-09-26T05:06:49.662Z] [INFO] Starting secret detection scan 
[secret-detection] [2025-09-26T05:06:49.690Z] [INFO] Secret detection: NO SECRETS FOUND 
[secret-detection] [2025-09-26T05:06:49.691Z] [INFO] Secret detection completed. Overall success: true 
[sast-scan] [2025-09-26T05:06:49.693Z] [INFO] Starting code coverage analysis for languages: nodejs
[sast-scan] [2025-09-26T05:06:49.701Z] [INFO] Code coverage analysis: SUCCESS 
[sast-scan] [2025-09-26T05:06:49.701Z] [INFO] === CODE COVERAGE RESULTS === 
[sast-scan] [2025-09-26T05:06:49.702Z] [INFO] Total files analyzed: 4 
[sast-scan] [2025-09-26T05:06:49.702Z] [INFO] Total lines of code: 332 
[sast-scan] [2025-09-26T05:06:49.702Z] [INFO] Average complexity: 1 
[sast-scan] [2025-09-26T05:06:49.703Z] [INFO] Code to total ratio: 91% 
[sast-scan] [2025-09-26T05:06:49.703Z] [INFO] Code coverage analysis completed. Overall success: true 
[summary] [2025-09-26T05:06:49.705Z] [INFO] PIPELINE EXECUTION SUMMARY 
[summary] [2025-09-26T05:06:49.705Z] [INFO] ================================================== 
[summary] [2025-09-26T05:06:49.706Z] [INFO] Execution started: 2025-09-26T05:06:25.912Z 
[summary] [2025-09-26T05:06:49.707Z] [INFO] Execution completed: 2025-09-26T05:06:49.707Z 
[summary] [2025-09-26T05:06:49.707Z] [INFO] Total duration: 23.79 seconds 
[summary] [2025-09-26T05:06:49.708Z] [INFO]  
[summary] [2025-09-26T05:06:49.708Z] [INFO] STAGE RESULTS: 
[summary] [2025-09-26T05:06:49.709Z] [INFO] Language Detection   ✅ PASS 
[summary] [2025-09-26T05:06:49.710Z] [INFO]   Languages detected: nodejs 
[summary] [2025-09-26T05:06:49.710Z] [INFO]   Primary language: nodejs 
[summary] [2025-09-26T05:06:49.711Z] [INFO] Dependency Check     ✅ PASS 
[summary] [2025-09-26T05:06:49.712Z] [INFO]   nodejs: SUCCESS 
[summary] [2025-09-26T05:06:49.713Z] [INFO] Code Quality         ❌ FAIL 
[summary] [2025-09-26T05:06:49.713Z] [INFO]   nodejs: FAILED 
[summary] [2025-09-26T05:06:49.714Z] [INFO] NPM Version Scan     ❌ FAIL 
[summary] [2025-09-26T05:06:49.715Z] [INFO]   nodejs: FAILED 
[summary] [2025-09-26T05:06:49.715Z] [INFO] Secret Detection     ✅ PASS 
[summary] [2025-09-26T05:06:49.716Z] [INFO]   secretScan: SUCCESS 
[summary] [2025-09-26T05:06:49.717Z] [INFO] SAST Scan            ✅ PASS 
[summary] [2025-09-26T05:06:49.717Z] [INFO]   coverage: SUCCESS 
[summary] [2025-09-26T05:06:49.718Z] [ERROR]  
[summary] [2025-09-26T05:06:49.719Z] [ERROR] ❌ PIPELINE FAILED: Please review the issues above. 
[summary] [2025-09-26T05:06:49.719Z] [INFO]  
[summary] [2025-09-26T05:06:49.719Z] [INFO] FINAL STATUS: FAILED 
[summary] [2025-09-26T05:06:49.720Z] [INFO] Log files location: C:\Users\hsjagad\CascadeProjects\windsurf-cicd-pipeline-pre-commit\React_demo-master\windsurf-pipeline\logs\run-2025-09-26T05-06-25-913Z 
[language-detection] [2025-09-26T05:08:55.552Z] [INFO] Starting language detection process 
[language-detection] [2025-09-26T05:08:55.553Z] [INFO] Detected Node.js via package.json in root 
[language-detection] [2025-09-26T05:08:55.555Z] [INFO] Final results: 1 languages detected 
[language-detection] [2025-09-26T05:08:55.556Z] [INFO] Languages: nodejs 
[language-detection] [2025-09-26T05:08:55.557Z] [INFO] Primary language: nodejs 
[language-detection] [2025-09-26T05:08:55.558Z] [INFO] Detection files: package.json 
[dependency-check] [2025-09-26T05:08:55.562Z] [INFO] Starting dependency check for languages: nodejs
[dependency-check] [2025-09-26T05:08:55.563Z] [INFO] Checking nodejs dependencies 
[dependency-check] [2025-09-26T05:09:05.603Z] [INFO] nodejs dependency check: SUCCESS 
[dependency-check] [2025-09-26T05:09:05.603Z] [INFO] Dependency check completed. Overall success: true 
[code-quality] [2025-09-26T05:09:05.606Z] [INFO] Starting code quality checks for languages: nodejs
[code-quality] [2025-09-26T05:09:05.607Z] [INFO] Running nodejs code quality checks 
[code-quality] [2025-09-26T05:09:18.561Z] [INFO] nodejs code quality: SUCCESS 
[code-quality] [2025-09-26T05:09:18.562Z] [INFO] Code quality checks completed. Overall success: true 
[npm-version-scan] [2025-09-26T05:09:18.566Z] [INFO] Starting npm version vulnerability scan 
[npm-version-scan] [2025-09-26T05:09:28.418Z] [ERROR] npm version scan: FAILED 
[npm-version-scan] [2025-09-26T05:09:28.418Z] [ERROR] === NPM VERSION SCAN FAILURE DETAILS === 
[npm-version-scan] [2025-09-26T05:09:28.418Z] [WARN] Outdated package: @mui/icons-material (current: 5.18.0, wanted: 5.18.0, latest: 7.3.2) 
[npm-version-scan] [2025-09-26T05:09:28.419Z] [WARN] Outdated package: @mui/material (current: 5.18.0, wanted: 5.18.0, latest: 7.3.2) 
[npm-version-scan] [2025-09-26T05:09:28.419Z] [WARN] Outdated package: husky (current: 8.0.3, wanted: 8.0.3, latest: 9.1.7) 
[npm-version-scan] [2025-09-26T05:09:28.425Z] [WARN] Outdated package: lint-staged (current: 15.5.2, wanted: 15.5.2, latest: 16.2.1) 
[npm-version-scan] [2025-09-26T05:09:28.425Z] [WARN] Outdated package: react (current: 18.3.1, wanted: 18.3.1, latest: 19.1.1) 
[npm-version-scan] [2025-09-26T05:09:28.426Z] [WARN] Outdated package: react-dom (current: 18.3.1, wanted: 18.3.1, latest: 19.1.1) 
[npm-version-scan] [2025-09-26T05:09:28.426Z] [ERROR] Vulnerable package: @svgr/plugin-svgo 
[npm-version-scan] [2025-09-26T05:09:28.427Z] [ERROR] Vulnerable package: @svgr/webpack 
[npm-version-scan] [2025-09-26T05:09:28.427Z] [ERROR] Vulnerable package: css-select 
[npm-version-scan] [2025-09-26T05:09:28.427Z] [ERROR] Vulnerable package: nth-check 
[npm-version-scan] [2025-09-26T05:09:28.428Z] [ERROR] Vulnerable package: postcss 
[npm-version-scan] [2025-09-26T05:09:28.428Z] [ERROR] Vulnerable package: react-scripts 
[npm-version-scan] [2025-09-26T05:09:28.429Z] [ERROR] Vulnerable package: resolve-url-loader 
[npm-version-scan] [2025-09-26T05:09:28.429Z] [ERROR] Vulnerable package: svgo 
[npm-version-scan] [2025-09-26T05:09:28.430Z] [ERROR] Vulnerable package: webpack-dev-server 
[npm-version-scan] [2025-09-26T05:09:28.430Z] [INFO] npm version scan completed. Overall success: false 
[secret-detection] [2025-09-26T05:09:28.432Z] [INFO] Starting secret detection scan 
[secret-detection] [2025-09-26T05:09:28.461Z] [INFO] Secret detection: NO SECRETS FOUND 
[secret-detection] [2025-09-26T05:09:28.461Z] [INFO] Secret detection completed. Overall success: true 
[sast-scan] [2025-09-26T05:09:28.464Z] [INFO] Starting code coverage analysis for languages: nodejs
[sast-scan] [2025-09-26T05:09:28.471Z] [INFO] Code coverage analysis: SUCCESS 
[sast-scan] [2025-09-26T05:09:28.471Z] [INFO] === CODE COVERAGE RESULTS === 
[sast-scan] [2025-09-26T05:09:28.472Z] [INFO] Total files analyzed: 4 
[sast-scan] [2025-09-26T05:09:28.472Z] [INFO] Total lines of code: 332 
[sast-scan] [2025-09-26T05:09:28.473Z] [INFO] Average complexity: 1 
[sast-scan] [2025-09-26T05:09:28.473Z] [INFO] Code to total ratio: 91% 
[sast-scan] [2025-09-26T05:09:28.474Z] [INFO] Code coverage analysis completed. Overall success: true 
[summary] [2025-09-26T05:09:28.475Z] [INFO] PIPELINE EXECUTION SUMMARY 
[summary] [2025-09-26T05:09:28.476Z] [INFO] ================================================== 
[summary] [2025-09-26T05:09:28.476Z] [INFO] Execution started: 2025-09-26T05:08:55.494Z 
[summary] [2025-09-26T05:09:28.477Z] [INFO] Execution completed: 2025-09-26T05:09:28.477Z 
[summary] [2025-09-26T05:09:28.477Z] [INFO] Total duration: 32.98 seconds 
[summary] [2025-09-26T05:09:28.478Z] [INFO]  
[summary] [2025-09-26T05:09:28.478Z] [INFO] STAGE RESULTS: 
[summary] [2025-09-26T05:09:28.479Z] [INFO] Language Detection   ✅ PASS 
[summary] [2025-09-26T05:09:28.479Z] [INFO]   Languages detected: nodejs 
[summary] [2025-09-26T05:09:28.480Z] [INFO]   Primary language: nodejs 
[summary] [2025-09-26T05:09:28.480Z] [INFO] Dependency Check     ✅ PASS 
[summary] [2025-09-26T05:09:28.481Z] [INFO]   nodejs: SUCCESS 
[summary] [2025-09-26T05:09:28.481Z] [INFO] Code Quality         ✅ PASS 
[summary] [2025-09-26T05:09:28.482Z] [INFO]   nodejs: SUCCESS 
[summary] [2025-09-26T05:09:28.483Z] [INFO] NPM Version Scan     ❌ FAIL 
[summary] [2025-09-26T05:09:28.483Z] [INFO]   nodejs: FAILED 
[summary] [2025-09-26T05:09:28.484Z] [INFO] Secret Detection     ✅ PASS 
[summary] [2025-09-26T05:09:28.484Z] [INFO]   secretScan: SUCCESS 
[summary] [2025-09-26T05:09:28.485Z] [INFO] SAST Scan            ✅ PASS 
[summary] [2025-09-26T05:09:28.485Z] [INFO]   coverage: SUCCESS 
[summary] [2025-09-26T05:09:28.486Z] [ERROR]  
[summary] [2025-09-26T05:09:28.486Z] [ERROR] ❌ PIPELINE FAILED: Please review the issues above. 
[summary] [2025-09-26T05:09:28.487Z] [INFO]  
[summary] [2025-09-26T05:09:28.487Z] [INFO] FINAL STATUS: FAILED 
[summary] [2025-09-26T05:09:28.487Z] [INFO] Log files location: C:\Users\hsjagad\CascadeProjects\windsurf-cicd-pipeline-pre-commit\React_demo-master\windsurf-pipeline\logs\run-2025-09-26T05-08-55-495Z 
[language-detection] [2025-09-26T05:24:29.461Z] [INFO] Starting language detection process 
[language-detection] [2025-09-26T05:24:29.462Z] [INFO] Detected Node.js via package.json in root 
[language-detection] [2025-09-26T05:24:29.465Z] [INFO] Final results: 1 languages detected 
[language-detection] [2025-09-26T05:24:29.465Z] [INFO] Languages: nodejs 
[language-detection] [2025-09-26T05:24:29.466Z] [INFO] Primary language: nodejs 
[language-detection] [2025-09-26T05:24:29.467Z] [INFO] Detection files: package.json 
[dependency-check] [2025-09-26T05:24:29.470Z] [INFO] Starting dependency check for languages: nodejs
[dependency-check] [2025-09-26T05:24:29.472Z] [INFO] Checking nodejs dependencies 
[dependency-check] [2025-09-26T05:24:33.894Z] [INFO] nodejs dependency check: SUCCESS 
[dependency-check] [2025-09-26T05:24:33.894Z] [INFO] Dependency check completed. Overall success: true 
[code-quality] [2025-09-26T05:24:33.897Z] [INFO] Starting code quality checks for languages: nodejs
[code-quality] [2025-09-26T05:24:33.898Z] [INFO] Running nodejs code quality checks 
[code-quality] [2025-09-26T05:24:44.561Z] [INFO] nodejs code quality: SUCCESS 
[code-quality] [2025-09-26T05:24:44.561Z] [INFO] Code quality checks completed. Overall success: true 
[npm-version-scan] [2025-09-26T05:24:44.564Z] [INFO] Starting npm version vulnerability scan 
[npm-version-scan] [2025-09-26T05:24:53.514Z] [ERROR] npm version scan: FAILED 
[npm-version-scan] [2025-09-26T05:24:53.514Z] [ERROR] === NPM VERSION SCAN FAILURE DETAILS === 
[npm-version-scan] [2025-09-26T05:24:53.514Z] [WARN] Outdated package: @mui/icons-material (current: 5.18.0, wanted: 5.18.0, latest: 7.3.2) 
[npm-version-scan] [2025-09-26T05:24:53.515Z] [WARN] Outdated package: @mui/material (current: 5.18.0, wanted: 5.18.0, latest: 7.3.2) 
[npm-version-scan] [2025-09-26T05:24:53.515Z] [WARN] Outdated package: husky (current: 8.0.3, wanted: 8.0.3, latest: 9.1.7) 
[npm-version-scan] [2025-09-26T05:24:53.529Z] [WARN] Outdated package: lint-staged (current: 15.5.2, wanted: 15.5.2, latest: 16.2.1) 
[npm-version-scan] [2025-09-26T05:24:53.529Z] [WARN] Outdated package: react (current: 18.3.1, wanted: 18.3.1, latest: 19.1.1) 
[npm-version-scan] [2025-09-26T05:24:53.530Z] [WARN] Outdated package: react-dom (current: 18.3.1, wanted: 18.3.1, latest: 19.1.1) 
[npm-version-scan] [2025-09-26T05:24:53.530Z] [ERROR] VULNERABILITY: @svgr/plugin-svgo 
[npm-version-scan] [2025-09-26T05:24:53.531Z] [ERROR]   Severity: HIGH 
[npm-version-scan] [2025-09-26T05:24:53.531Z] [ERROR]   Title: Unknown vulnerability 
[npm-version-scan] [2025-09-26T05:24:53.531Z] [ERROR]   Description: No description available 
[npm-version-scan] [2025-09-26T05:24:53.532Z] [ERROR]   Affected Range: <=5.5.0 
[npm-version-scan] [2025-09-26T05:24:53.532Z] [ERROR]   Direct Dependency: No 
[npm-version-scan] [2025-09-26T05:24:53.532Z] [ERROR]   Fix Available: Run 'npm audit fix' 
[npm-version-scan] [2025-09-26T05:24:53.532Z] [ERROR]   Found in: node_modules/@svgr/plugin-svgo 
[npm-version-scan] [2025-09-26T05:24:53.532Z] [ERROR]   --- 
[npm-version-scan] [2025-09-26T05:24:53.533Z] [ERROR] VULNERABILITY: @svgr/webpack 
[npm-version-scan] [2025-09-26T05:24:53.533Z] [ERROR]   Severity: HIGH 
[npm-version-scan] [2025-09-26T05:24:53.533Z] [ERROR]   Title: Unknown vulnerability 
[npm-version-scan] [2025-09-26T05:24:53.533Z] [ERROR]   Description: No description available 
[npm-version-scan] [2025-09-26T05:24:53.534Z] [ERROR]   Affected Range: 4.0.0 - 5.5.0 
[npm-version-scan] [2025-09-26T05:24:53.534Z] [ERROR]   Direct Dependency: No 
[npm-version-scan] [2025-09-26T05:24:53.534Z] [ERROR]   Fix Available: Run 'npm audit fix' 
[npm-version-scan] [2025-09-26T05:24:53.535Z] [ERROR]   Found in: node_modules/@svgr/webpack 
[npm-version-scan] [2025-09-26T05:24:53.535Z] [ERROR]   --- 
[npm-version-scan] [2025-09-26T05:24:53.535Z] [ERROR] VULNERABILITY: css-select 
[npm-version-scan] [2025-09-26T05:24:53.536Z] [ERROR]   Severity: HIGH 
[npm-version-scan] [2025-09-26T05:24:53.536Z] [ERROR]   Title: Unknown vulnerability 
[npm-version-scan] [2025-09-26T05:24:53.536Z] [ERROR]   Description: No description available 
[npm-version-scan] [2025-09-26T05:24:53.536Z] [ERROR]   Affected Range: <=3.1.0 
[npm-version-scan] [2025-09-26T05:24:53.537Z] [ERROR]   Direct Dependency: No 
[npm-version-scan] [2025-09-26T05:24:53.537Z] [ERROR]   Fix Available: Run 'npm audit fix' 
[npm-version-scan] [2025-09-26T05:24:53.537Z] [ERROR]   Found in: node_modules/svgo/node_modules/css-select 
[npm-version-scan] [2025-09-26T05:24:53.537Z] [ERROR]   --- 
[npm-version-scan] [2025-09-26T05:24:53.538Z] [ERROR] VULNERABILITY: nth-check 
[npm-version-scan] [2025-09-26T05:24:53.538Z] [ERROR]   Severity: HIGH 
[npm-version-scan] [2025-09-26T05:24:53.538Z] [ERROR]   Title: Inefficient Regular Expression Complexity in nth-check 
[npm-version-scan] [2025-09-26T05:24:53.539Z] [ERROR]   Description: No description available 
[npm-version-scan] [2025-09-26T05:24:53.539Z] [ERROR]   Affected Range: <2.0.1 
[npm-version-scan] [2025-09-26T05:24:53.539Z] [ERROR]   Direct Dependency: No 
[npm-version-scan] [2025-09-26T05:24:53.540Z] [ERROR]   More Info: https://github.com/advisories/GHSA-rp65-9cf3-cjxr 
[npm-version-scan] [2025-09-26T05:24:53.540Z] [ERROR]   Fix Available: Run 'npm audit fix' 
[npm-version-scan] [2025-09-26T05:24:53.541Z] [ERROR]   Found in: node_modules/svgo/node_modules/nth-check 
[npm-version-scan] [2025-09-26T05:24:53.541Z] [ERROR]   --- 
[npm-version-scan] [2025-09-26T05:24:53.542Z] [ERROR] VULNERABILITY: postcss 
[npm-version-scan] [2025-09-26T05:24:53.542Z] [ERROR]   Severity: MODERATE 
[npm-version-scan] [2025-09-26T05:24:53.542Z] [ERROR]   Title: PostCSS line return parsing error 
[npm-version-scan] [2025-09-26T05:24:53.543Z] [ERROR]   Description: No description available 
[npm-version-scan] [2025-09-26T05:24:53.543Z] [ERROR]   Affected Range: <8.4.31 
[npm-version-scan] [2025-09-26T05:24:53.543Z] [ERROR]   Direct Dependency: No 
[npm-version-scan] [2025-09-26T05:24:53.544Z] [ERROR]   More Info: https://github.com/advisories/GHSA-7fh5-64p2-3v2j 
[npm-version-scan] [2025-09-26T05:24:53.544Z] [ERROR]   Fix Available: Run 'npm audit fix' 
[npm-version-scan] [2025-09-26T05:24:53.544Z] [ERROR]   Found in: node_modules/resolve-url-loader/node_modules/postcss 
[npm-version-scan] [2025-09-26T05:24:53.544Z] [ERROR]   --- 
[npm-version-scan] [2025-09-26T05:24:53.545Z] [ERROR] VULNERABILITY: react-scripts 
[npm-version-scan] [2025-09-26T05:24:53.545Z] [ERROR]   Severity: HIGH 
[npm-version-scan] [2025-09-26T05:24:53.545Z] [ERROR]   Title: Unknown vulnerability 
[npm-version-scan] [2025-09-26T05:24:53.545Z] [ERROR]   Description: No description available 
[npm-version-scan] [2025-09-26T05:24:53.546Z] [ERROR]   Affected Range: >=0.1.0 
[npm-version-scan] [2025-09-26T05:24:53.546Z] [ERROR]   Direct Dependency: Yes 
[npm-version-scan] [2025-09-26T05:24:53.546Z] [ERROR]   Fix Available: Run 'npm audit fix' 
[npm-version-scan] [2025-09-26T05:24:53.546Z] [ERROR]   Found in: node_modules/react-scripts 
[npm-version-scan] [2025-09-26T05:24:53.547Z] [ERROR]   --- 
[npm-version-scan] [2025-09-26T05:24:53.547Z] [ERROR] VULNERABILITY: resolve-url-loader 
[npm-version-scan] [2025-09-26T05:24:53.547Z] [ERROR]   Severity: MODERATE 
[npm-version-scan] [2025-09-26T05:24:53.548Z] [ERROR]   Title: Unknown vulnerability 
[npm-version-scan] [2025-09-26T05:24:53.548Z] [ERROR]   Description: No description available 
[npm-version-scan] [2025-09-26T05:24:53.548Z] [ERROR]   Affected Range: 0.0.1-experiment-postcss || 3.0.0-alpha.1 - 4.0.0 
[npm-version-scan] [2025-09-26T05:24:53.548Z] [ERROR]   Direct Dependency: No 
[npm-version-scan] [2025-09-26T05:24:53.549Z] [ERROR]   Fix Available: Run 'npm audit fix' 
[npm-version-scan] [2025-09-26T05:24:53.549Z] [ERROR]   Found in: node_modules/resolve-url-loader 
[npm-version-scan] [2025-09-26T05:24:53.549Z] [ERROR]   --- 
[npm-version-scan] [2025-09-26T05:24:53.549Z] [ERROR] VULNERABILITY: svgo 
[npm-version-scan] [2025-09-26T05:24:53.550Z] [ERROR]   Severity: HIGH 
[npm-version-scan] [2025-09-26T05:24:53.550Z] [ERROR]   Title: Unknown vulnerability 
[npm-version-scan] [2025-09-26T05:24:53.550Z] [ERROR]   Description: No description available 
[npm-version-scan] [2025-09-26T05:24:53.550Z] [ERROR]   Affected Range: 1.0.0 - 1.3.2 
[npm-version-scan] [2025-09-26T05:24:53.551Z] [ERROR]   Direct Dependency: No 
[npm-version-scan] [2025-09-26T05:24:53.551Z] [ERROR]   Fix Available: Run 'npm audit fix' 
[npm-version-scan] [2025-09-26T05:24:53.552Z] [ERROR]   Found in: node_modules/svgo 
[npm-version-scan] [2025-09-26T05:24:53.552Z] [ERROR]   --- 
[npm-version-scan] [2025-09-26T05:24:53.552Z] [ERROR] VULNERABILITY: webpack-dev-server 
[npm-version-scan] [2025-09-26T05:24:53.552Z] [ERROR]   Severity: MODERATE 
[npm-version-scan] [2025-09-26T05:24:53.553Z] [ERROR]   Title: webpack-dev-server users' source code may be stolen when they access a malicious web site with non-Chromium based browser 
[npm-version-scan] [2025-09-26T05:24:53.553Z] [ERROR]   Description: No description available 
[npm-version-scan] [2025-09-26T05:24:53.553Z] [ERROR]   Affected Range: <=5.2.0 
[npm-version-scan] [2025-09-26T05:24:53.553Z] [ERROR]   Direct Dependency: No 
[npm-version-scan] [2025-09-26T05:24:53.554Z] [ERROR]   More Info: https://github.com/advisories/GHSA-9jgg-88mc-972h 
[npm-version-scan] [2025-09-26T05:24:53.554Z] [ERROR]   Fix Available: Run 'npm audit fix' 
[npm-version-scan] [2025-09-26T05:24:53.554Z] [ERROR]   Found in: node_modules/webpack-dev-server 
[npm-version-scan] [2025-09-26T05:24:53.554Z] [ERROR]   --- 
[npm-version-scan] [2025-09-26T05:24:53.555Z] [INFO] npm version scan completed. Overall success: false 
[secret-detection] [2025-09-26T05:24:53.557Z] [INFO] Starting secret detection scan 
[secret-detection] [2025-09-26T05:24:53.596Z] [INFO] Secret detection: NO SECRETS FOUND 
[secret-detection] [2025-09-26T05:24:53.597Z] [INFO] Secret detection completed. Overall success: true 
[sast-scan] [2025-09-26T05:24:53.599Z] [INFO] Starting code coverage analysis for languages: nodejs
[sast-scan] [2025-09-26T05:24:53.610Z] [INFO] Code coverage analysis: SUCCESS 
[sast-scan] [2025-09-26T05:24:53.610Z] [INFO] === CODE COVERAGE RESULTS === 
[sast-scan] [2025-09-26T05:24:53.611Z] [INFO] Total files analyzed: 4 
[sast-scan] [2025-09-26T05:24:53.611Z] [INFO] Total lines of code: 332 
[sast-scan] [2025-09-26T05:24:53.611Z] [INFO] Average complexity: 1 
[sast-scan] [2025-09-26T05:24:53.612Z] [INFO] Code to total ratio: 91% 
[sast-scan] [2025-09-26T05:24:53.612Z] [INFO] Code coverage analysis completed. Overall success: true 
[summary] [2025-09-26T05:24:53.614Z] [INFO] PIPELINE EXECUTION SUMMARY 
[summary] [2025-09-26T05:24:53.614Z] [INFO] ================================================== 
[summary] [2025-09-26T05:24:53.615Z] [INFO] Execution started: 2025-09-26T05:24:29.391Z 
[summary] [2025-09-26T05:24:53.615Z] [INFO] Execution completed: 2025-09-26T05:24:53.615Z 
[summary] [2025-09-26T05:24:53.615Z] [INFO] Total duration: 24.22 seconds 
[summary] [2025-09-26T05:24:53.616Z] [INFO]  
[summary] [2025-09-26T05:24:53.616Z] [INFO] STAGE RESULTS: 
[summary] [2025-09-26T05:24:53.617Z] [INFO] Language Detection   ✅ PASS 
[summary] [2025-09-26T05:24:53.617Z] [INFO]   Languages detected: nodejs 
[summary] [2025-09-26T05:24:53.618Z] [INFO]   Primary language: nodejs 
[summary] [2025-09-26T05:24:53.623Z] [INFO] Dependency Check     ✅ PASS 
[summary] [2025-09-26T05:24:53.624Z] [INFO]   nodejs: SUCCESS 
[summary] [2025-09-26T05:24:53.624Z] [INFO] Code Quality         ✅ PASS 
[summary] [2025-09-26T05:24:53.625Z] [INFO]   nodejs: SUCCESS 
[summary] [2025-09-26T05:24:53.626Z] [INFO] NPM Version Scan     ❌ FAIL 
[summary] [2025-09-26T05:24:53.626Z] [INFO]   nodejs: FAILED 
[summary] [2025-09-26T05:24:53.627Z] [INFO] Secret Detection     ✅ PASS 
[summary] [2025-09-26T05:24:53.627Z] [INFO]   secretScan: SUCCESS 
[summary] [2025-09-26T05:24:53.628Z] [INFO] SAST Scan            ✅ PASS 
[summary] [2025-09-26T05:24:53.629Z] [INFO]   coverage: SUCCESS 
[summary] [2025-09-26T05:24:53.630Z] [ERROR]  
[summary] [2025-09-26T05:24:53.630Z] [ERROR] ❌ PIPELINE FAILED: Please review the issues above. 
[summary] [2025-09-26T05:24:53.631Z] [INFO]  
[summary] [2025-09-26T05:24:53.631Z] [INFO] FINAL STATUS: FAILED 
[summary] [2025-09-26T05:24:53.631Z] [INFO] Log files location: C:\Users\hsjagad\CascadeProjects\windsurf-cicd-pipeline-pre-commit\React_demo-master\windsurf-pipeline\logs\run-2025-09-26T05-24-29-392Z 
[language-detection] [2025-09-26T06:12:59.958Z] [INFO] Starting language detection process 
[language-detection] [2025-09-26T06:12:59.959Z] [INFO] Detected Node.js via package.json in root 
[language-detection] [2025-09-26T06:12:59.964Z] [INFO] Final results: 1 languages detected 
[language-detection] [2025-09-26T06:12:59.965Z] [INFO] Languages: nodejs 
[language-detection] [2025-09-26T06:12:59.966Z] [INFO] Primary language: nodejs 
[language-detection] [2025-09-26T06:12:59.967Z] [INFO] Detection files: package.json 
[dependency-check] [2025-09-26T06:12:59.973Z] [INFO] Starting dependency check for languages: nodejs
[dependency-check] [2025-09-26T06:12:59.979Z] [INFO] Checking nodejs dependencies 
[dependency-check] [2025-09-26T06:13:05.401Z] [INFO] nodejs dependency check: SUCCESS 
[dependency-check] [2025-09-26T06:13:05.401Z] [INFO] Dependency check completed. Overall success: true 
[code-quality] [2025-09-26T06:13:05.403Z] [INFO] Starting code quality checks for languages: nodejs
[code-quality] [2025-09-26T06:13:05.404Z] [INFO] Running nodejs code quality checks 
[code-quality] [2025-09-26T06:13:14.570Z] [INFO] nodejs code quality: SUCCESS 
[code-quality] [2025-09-26T06:13:14.571Z] [INFO] Code quality checks completed. Overall success: true 
[npm-version-scan] [2025-09-26T06:13:14.574Z] [INFO] Starting npm version vulnerability scan 
[npm-version-scan] [2025-09-26T06:13:22.840Z] [ERROR] npm version scan: FAILED 
[npm-version-scan] [2025-09-26T06:13:22.840Z] [ERROR] === NPM VERSION SCAN FAILURE DETAILS === 
[npm-version-scan] [2025-09-26T06:13:22.841Z] [WARN] Outdated package: react (current: 18.3.1, wanted: 18.3.1, latest: 19.1.1) 
[npm-version-scan] [2025-09-26T06:13:22.841Z] [WARN] Outdated package: react-dom (current: 18.3.1, wanted: 18.3.1, latest: 19.1.1) 
[npm-version-scan] [2025-09-26T06:13:22.842Z] [ERROR] VULNERABILITY: @svgr/plugin-svgo 
[npm-version-scan] [2025-09-26T06:13:22.844Z] [ERROR]   Severity: HIGH 
[npm-version-scan] [2025-09-26T06:13:22.845Z] [ERROR]   Title: Unknown vulnerability 
[npm-version-scan] [2025-09-26T06:13:22.845Z] [ERROR]   Description: No description available 
[npm-version-scan] [2025-09-26T06:13:22.845Z] [ERROR]   Affected Range: <=5.5.0 
[npm-version-scan] [2025-09-26T06:13:22.846Z] [ERROR]   Direct Dependency: No 
[npm-version-scan] [2025-09-26T06:13:22.846Z] [ERROR]   Fix Available: Run 'npm audit fix' 
[npm-version-scan] [2025-09-26T06:13:22.846Z] [ERROR]   Found in: node_modules/@svgr/plugin-svgo 
[npm-version-scan] [2025-09-26T06:13:22.846Z] [ERROR]   --- 
[npm-version-scan] [2025-09-26T06:13:22.847Z] [ERROR] VULNERABILITY: @svgr/webpack 
[npm-version-scan] [2025-09-26T06:13:22.847Z] [ERROR]   Severity: HIGH 
[npm-version-scan] [2025-09-26T06:13:22.847Z] [ERROR]   Title: Unknown vulnerability 
[npm-version-scan] [2025-09-26T06:13:22.847Z] [ERROR]   Description: No description available 
[npm-version-scan] [2025-09-26T06:13:22.848Z] [ERROR]   Affected Range: 4.0.0 - 5.5.0 
[npm-version-scan] [2025-09-26T06:13:22.848Z] [ERROR]   Direct Dependency: No 
[npm-version-scan] [2025-09-26T06:13:22.848Z] [ERROR]   Fix Available: Run 'npm audit fix' 
[npm-version-scan] [2025-09-26T06:13:22.848Z] [ERROR]   Found in: node_modules/@svgr/webpack 
[npm-version-scan] [2025-09-26T06:13:22.849Z] [ERROR]   --- 
[npm-version-scan] [2025-09-26T06:13:22.849Z] [ERROR] VULNERABILITY: css-select 
[npm-version-scan] [2025-09-26T06:13:22.849Z] [ERROR]   Severity: HIGH 
[npm-version-scan] [2025-09-26T06:13:22.849Z] [ERROR]   Title: Unknown vulnerability 
[npm-version-scan] [2025-09-26T06:13:22.850Z] [ERROR]   Description: No description available 
[npm-version-scan] [2025-09-26T06:13:22.850Z] [ERROR]   Affected Range: <=3.1.0 
[npm-version-scan] [2025-09-26T06:13:22.851Z] [ERROR]   Direct Dependency: No 
[npm-version-scan] [2025-09-26T06:13:22.852Z] [ERROR]   Fix Available: Run 'npm audit fix' 
[npm-version-scan] [2025-09-26T06:13:22.852Z] [ERROR]   Found in: node_modules/svgo/node_modules/css-select 
[npm-version-scan] [2025-09-26T06:13:22.852Z] [ERROR]   --- 
[npm-version-scan] [2025-09-26T06:13:22.853Z] [ERROR] VULNERABILITY: nth-check 
[npm-version-scan] [2025-09-26T06:13:22.853Z] [ERROR]   Severity: HIGH 
[npm-version-scan] [2025-09-26T06:13:22.854Z] [ERROR]   Title: Inefficient Regular Expression Complexity in nth-check 
[npm-version-scan] [2025-09-26T06:13:22.854Z] [ERROR]   Description: No description available 
[npm-version-scan] [2025-09-26T06:13:22.854Z] [ERROR]   Affected Range: <2.0.1 
[npm-version-scan] [2025-09-26T06:13:22.855Z] [ERROR]   Direct Dependency: No 
[npm-version-scan] [2025-09-26T06:13:22.855Z] [ERROR]   More Info: https://github.com/advisories/GHSA-rp65-9cf3-cjxr 
[npm-version-scan] [2025-09-26T06:13:22.855Z] [ERROR]   Fix Available: Run 'npm audit fix' 
[npm-version-scan] [2025-09-26T06:13:22.856Z] [ERROR]   Found in: node_modules/svgo/node_modules/nth-check 
[npm-version-scan] [2025-09-26T06:13:22.856Z] [ERROR]   --- 
[npm-version-scan] [2025-09-26T06:13:22.856Z] [ERROR] VULNERABILITY: postcss 
[npm-version-scan] [2025-09-26T06:13:22.856Z] [ERROR]   Severity: MODERATE 
[npm-version-scan] [2025-09-26T06:13:22.857Z] [ERROR]   Title: PostCSS line return parsing error 
[npm-version-scan] [2025-09-26T06:13:22.857Z] [ERROR]   Description: No description available 
[npm-version-scan] [2025-09-26T06:13:22.857Z] [ERROR]   Affected Range: <8.4.31 
[npm-version-scan] [2025-09-26T06:13:22.857Z] [ERROR]   Direct Dependency: No 
[npm-version-scan] [2025-09-26T06:13:22.858Z] [ERROR]   More Info: https://github.com/advisories/GHSA-7fh5-64p2-3v2j 
[npm-version-scan] [2025-09-26T06:13:22.858Z] [ERROR]   Fix Available: Run 'npm audit fix' 
[npm-version-scan] [2025-09-26T06:13:22.858Z] [ERROR]   Found in: node_modules/resolve-url-loader/node_modules/postcss 
[npm-version-scan] [2025-09-26T06:13:22.858Z] [ERROR]   --- 
[npm-version-scan] [2025-09-26T06:13:22.859Z] [ERROR] VULNERABILITY: react-scripts 
[npm-version-scan] [2025-09-26T06:13:22.859Z] [ERROR]   Severity: HIGH 
[npm-version-scan] [2025-09-26T06:13:22.859Z] [ERROR]   Title: Unknown vulnerability 
[npm-version-scan] [2025-09-26T06:13:22.860Z] [ERROR]   Description: No description available 
[npm-version-scan] [2025-09-26T06:13:22.860Z] [ERROR]   Affected Range: >=0.1.0 
[npm-version-scan] [2025-09-26T06:13:22.860Z] [ERROR]   Direct Dependency: Yes 
[npm-version-scan] [2025-09-26T06:13:22.860Z] [ERROR]   Fix Available: Run 'npm audit fix' 
[npm-version-scan] [2025-09-26T06:13:22.860Z] [ERROR]   Found in: node_modules/react-scripts 
[npm-version-scan] [2025-09-26T06:13:22.861Z] [ERROR]   --- 
[npm-version-scan] [2025-09-26T06:13:22.861Z] [ERROR] VULNERABILITY: resolve-url-loader 
[npm-version-scan] [2025-09-26T06:13:22.861Z] [ERROR]   Severity: MODERATE 
[npm-version-scan] [2025-09-26T06:13:22.861Z] [ERROR]   Title: Unknown vulnerability 
[npm-version-scan] [2025-09-26T06:13:22.862Z] [ERROR]   Description: No description available 
[npm-version-scan] [2025-09-26T06:13:22.862Z] [ERROR]   Affected Range: 0.0.1-experiment-postcss || 3.0.0-alpha.1 - 4.0.0 
[npm-version-scan] [2025-09-26T06:13:22.862Z] [ERROR]   Direct Dependency: No 
[npm-version-scan] [2025-09-26T06:13:22.862Z] [ERROR]   Fix Available: Run 'npm audit fix' 
[npm-version-scan] [2025-09-26T06:13:22.862Z] [ERROR]   Found in: node_modules/resolve-url-loader 
[npm-version-scan] [2025-09-26T06:13:22.863Z] [ERROR]   --- 
[npm-version-scan] [2025-09-26T06:13:22.863Z] [ERROR] VULNERABILITY: svgo 
[npm-version-scan] [2025-09-26T06:13:22.863Z] [ERROR]   Severity: HIGH 
[npm-version-scan] [2025-09-26T06:13:22.863Z] [ERROR]   Title: Unknown vulnerability 
[npm-version-scan] [2025-09-26T06:13:22.864Z] [ERROR]   Description: No description available 
[npm-version-scan] [2025-09-26T06:13:22.864Z] [ERROR]   Affected Range: 1.0.0 - 1.3.2 
[npm-version-scan] [2025-09-26T06:13:22.864Z] [ERROR]   Direct Dependency: No 
[npm-version-scan] [2025-09-26T06:13:22.864Z] [ERROR]   Fix Available: Run 'npm audit fix' 
[npm-version-scan] [2025-09-26T06:13:22.864Z] [ERROR]   Found in: node_modules/svgo 
[npm-version-scan] [2025-09-26T06:13:22.865Z] [ERROR]   --- 
[npm-version-scan] [2025-09-26T06:13:22.865Z] [ERROR] VULNERABILITY: webpack-dev-server 
[npm-version-scan] [2025-09-26T06:13:22.865Z] [ERROR]   Severity: MODERATE 
[npm-version-scan] [2025-09-26T06:13:22.866Z] [ERROR]   Title: webpack-dev-server users' source code may be stolen when they access a malicious web site with non-Chromium based browser 
[npm-version-scan] [2025-09-26T06:13:22.866Z] [ERROR]   Description: No description available 
[npm-version-scan] [2025-09-26T06:13:22.867Z] [ERROR]   Affected Range: <=5.2.0 
[npm-version-scan] [2025-09-26T06:13:22.867Z] [ERROR]   Direct Dependency: No 
[npm-version-scan] [2025-09-26T06:13:22.868Z] [ERROR]   More Info: https://github.com/advisories/GHSA-9jgg-88mc-972h 
[npm-version-scan] [2025-09-26T06:13:22.868Z] [ERROR]   Fix Available: Run 'npm audit fix' 
[npm-version-scan] [2025-09-26T06:13:22.869Z] [ERROR]   Found in: node_modules/webpack-dev-server 
[npm-version-scan] [2025-09-26T06:13:22.869Z] [ERROR]   --- 
[npm-version-scan] [2025-09-26T06:13:22.870Z] [INFO] npm version scan completed. Overall success: false 
[secret-detection] [2025-09-26T06:13:22.872Z] [INFO] Starting secret detection scan 
[secret-detection] [2025-09-26T06:13:22.902Z] [INFO] Secret detection: NO SECRETS FOUND 
[secret-detection] [2025-09-26T06:13:22.903Z] [INFO] Secret detection completed. Overall success: true 
[sast-scan] [2025-09-26T06:13:22.905Z] [INFO] Starting code coverage analysis for languages: nodejs
[sast-scan] [2025-09-26T06:13:22.911Z] [INFO] Code coverage analysis: SUCCESS 
[sast-scan] [2025-09-26T06:13:22.912Z] [INFO] === CODE COVERAGE RESULTS === 
[sast-scan] [2025-09-26T06:13:22.912Z] [INFO] Total files analyzed: 4 
[sast-scan] [2025-09-26T06:13:22.912Z] [INFO] Total lines of code: 332 
[sast-scan] [2025-09-26T06:13:22.913Z] [INFO] Average complexity: 1 
[sast-scan] [2025-09-26T06:13:22.913Z] [INFO] Code to total ratio: 91% 
[sast-scan] [2025-09-26T06:13:22.913Z] [INFO] Code coverage analysis completed. Overall success: true 
[summary] [2025-09-26T06:13:22.923Z] [INFO] PIPELINE EXECUTION SUMMARY 
[summary] [2025-09-26T06:13:22.924Z] [INFO] ================================================== 
[summary] [2025-09-26T06:13:22.924Z] [INFO] Execution started: 2025-09-26T06:12:59.837Z 
[summary] [2025-09-26T06:13:22.925Z] [INFO] Execution completed: 2025-09-26T06:13:22.925Z 
[summary] [2025-09-26T06:13:22.925Z] [INFO] Total duration: 23.09 seconds 
[summary] [2025-09-26T06:13:22.926Z] [INFO]  
[summary] [2025-09-26T06:13:22.926Z] [INFO] STAGE RESULTS: 
[summary] [2025-09-26T06:13:22.927Z] [INFO] Language Detection   ✅ PASS 
[summary] [2025-09-26T06:13:22.928Z] [INFO]   Languages detected: nodejs 
[summary] [2025-09-26T06:13:22.928Z] [INFO]   Primary language: nodejs 
[summary] [2025-09-26T06:13:22.928Z] [INFO] Dependency Check     ✅ PASS 
[summary] [2025-09-26T06:13:22.929Z] [INFO]   nodejs: SUCCESS 
[summary] [2025-09-26T06:13:22.930Z] [INFO] Code Quality         ✅ PASS 
[summary] [2025-09-26T06:13:22.930Z] [INFO]   nodejs: SUCCESS 
[summary] [2025-09-26T06:13:22.930Z] [INFO] NPM Version Scan     ❌ FAIL 
[summary] [2025-09-26T06:13:22.931Z] [INFO]   nodejs: FAILED 
[summary] [2025-09-26T06:13:22.932Z] [INFO] Secret Detection     ✅ PASS 
[summary] [2025-09-26T06:13:22.932Z] [INFO]   secretScan: SUCCESS 
[summary] [2025-09-26T06:13:22.932Z] [INFO] SAST Scan            ✅ PASS 
[summary] [2025-09-26T06:13:22.933Z] [INFO]   coverage: SUCCESS 
[summary] [2025-09-26T06:13:22.935Z] [ERROR]  
[summary] [2025-09-26T06:13:22.936Z] [ERROR] ❌ PIPELINE FAILED: Please review the issues above. 
[summary] [2025-09-26T06:13:22.936Z] [INFO]  
[summary] [2025-09-26T06:13:22.936Z] [INFO] FINAL STATUS: FAILED 
[summary] [2025-09-26T06:13:22.937Z] [INFO] Log files location: C:\Users\hsjagad\CascadeProjects\windsurf-cicd-pipeline-pre-commit\React_demo-master\windsurf-pipeline\logs\run-2025-09-26T06-12-59-839Z 
[language-detection] [2025-09-26T06:40:11.384Z] [INFO] Starting language detection process 
[language-detection] [2025-09-26T06:40:11.384Z] [INFO] Detected Node.js via package.json in root 
[language-detection] [2025-09-26T06:40:11.387Z] [INFO] Final results: 1 languages detected 
[language-detection] [2025-09-26T06:40:11.387Z] [INFO] Languages: nodejs 
[language-detection] [2025-09-26T06:40:11.387Z] [INFO] Primary language: nodejs 
[language-detection] [2025-09-26T06:40:11.388Z] [INFO] Detection files: package.json 
[dependency-check] [2025-09-26T06:40:11.391Z] [INFO] Starting dependency check for languages: nodejs
[dependency-check] [2025-09-26T06:40:11.393Z] [INFO] Checking nodejs dependencies 
[dependency-check] [2025-09-26T06:40:17.491Z] [INFO] nodejs dependency check: SUCCESS 
[dependency-check] [2025-09-26T06:40:17.492Z] [INFO] Dependency check completed. Overall success: true 
[code-quality] [2025-09-26T06:40:17.494Z] [INFO] Starting code quality checks for languages: nodejs
[code-quality] [2025-09-26T06:40:17.494Z] [INFO] Running nodejs code quality checks 
[code-quality] [2025-09-26T06:40:28.473Z] [INFO] nodejs code quality: SUCCESS 
[code-quality] [2025-09-26T06:40:28.473Z] [INFO] Code quality checks completed. Overall success: true 
[npm-version-scan] [2025-09-26T06:40:28.475Z] [INFO] Starting npm version vulnerability scan 
[npm-version-scan] [2025-09-26T06:40:37.812Z] [ERROR] npm version scan: FAILED 
[npm-version-scan] [2025-09-26T06:40:37.812Z] [ERROR] === NPM VERSION SCAN FAILURE DETAILS === 
[npm-version-scan] [2025-09-26T06:40:37.813Z] [WARN] Outdated package: react (current: 18.3.1, wanted: 18.3.1, latest: 19.1.1) 
[npm-version-scan] [2025-09-26T06:40:37.813Z] [WARN] Outdated package: react-dom (current: 18.3.1, wanted: 18.3.1, latest: 19.1.1) 
[npm-version-scan] [2025-09-26T06:40:37.814Z] [ERROR] VULNERABILITY: @svgr/plugin-svgo 
[npm-version-scan] [2025-09-26T06:40:37.815Z] [ERROR]   Severity: HIGH 
[npm-version-scan] [2025-09-26T06:40:37.815Z] [ERROR]   Title: Unknown vulnerability 
[npm-version-scan] [2025-09-26T06:40:37.815Z] [ERROR]   Description: No description available 
[npm-version-scan] [2025-09-26T06:40:37.816Z] [ERROR]   Affected Range: <=5.5.0 
[npm-version-scan] [2025-09-26T06:40:37.816Z] [ERROR]   Direct Dependency: No 
[npm-version-scan] [2025-09-26T06:40:37.817Z] [ERROR]   Fix Available: Run 'npm audit fix' 
[npm-version-scan] [2025-09-26T06:40:37.817Z] [ERROR]   Found in: node_modules/@svgr/plugin-svgo 
[npm-version-scan] [2025-09-26T06:40:37.817Z] [ERROR]   --- 
[npm-version-scan] [2025-09-26T06:40:37.818Z] [ERROR] VULNERABILITY: @svgr/webpack 
[npm-version-scan] [2025-09-26T06:40:37.818Z] [ERROR]   Severity: HIGH 
[npm-version-scan] [2025-09-26T06:40:37.819Z] [ERROR]   Title: Unknown vulnerability 
[npm-version-scan] [2025-09-26T06:40:37.820Z] [ERROR]   Description: No description available 
[npm-version-scan] [2025-09-26T06:40:37.820Z] [ERROR]   Affected Range: 4.0.0 - 5.5.0 
[npm-version-scan] [2025-09-26T06:40:37.820Z] [ERROR]   Direct Dependency: No 
[npm-version-scan] [2025-09-26T06:40:37.821Z] [ERROR]   Fix Available: Run 'npm audit fix' 
[npm-version-scan] [2025-09-26T06:40:37.821Z] [ERROR]   Found in: node_modules/@svgr/webpack 
[npm-version-scan] [2025-09-26T06:40:37.822Z] [ERROR]   --- 
[npm-version-scan] [2025-09-26T06:40:37.822Z] [ERROR] VULNERABILITY: css-select 
[npm-version-scan] [2025-09-26T06:40:37.823Z] [ERROR]   Severity: HIGH 
[npm-version-scan] [2025-09-26T06:40:37.823Z] [ERROR]   Title: Unknown vulnerability 
[npm-version-scan] [2025-09-26T06:40:37.823Z] [ERROR]   Description: No description available 
[npm-version-scan] [2025-09-26T06:40:37.824Z] [ERROR]   Affected Range: <=3.1.0 
[npm-version-scan] [2025-09-26T06:40:37.824Z] [ERROR]   Direct Dependency: No 
[npm-version-scan] [2025-09-26T06:40:37.824Z] [ERROR]   Fix Available: Run 'npm audit fix' 
[npm-version-scan] [2025-09-26T06:40:37.824Z] [ERROR]   Found in: node_modules/svgo/node_modules/css-select 
[npm-version-scan] [2025-09-26T06:40:37.825Z] [ERROR]   --- 
[npm-version-scan] [2025-09-26T06:40:37.825Z] [ERROR] VULNERABILITY: nth-check 
[npm-version-scan] [2025-09-26T06:40:37.825Z] [ERROR]   Severity: HIGH 
[npm-version-scan] [2025-09-26T06:40:37.826Z] [ERROR]   Title: Inefficient Regular Expression Complexity in nth-check 
[npm-version-scan] [2025-09-26T06:40:37.826Z] [ERROR]   Description: No description available 
[npm-version-scan] [2025-09-26T06:40:37.826Z] [ERROR]   Affected Range: <2.0.1 
[npm-version-scan] [2025-09-26T06:40:37.827Z] [ERROR]   Direct Dependency: No 
[npm-version-scan] [2025-09-26T06:40:37.827Z] [ERROR]   More Info: https://github.com/advisories/GHSA-rp65-9cf3-cjxr 
[npm-version-scan] [2025-09-26T06:40:37.827Z] [ERROR]   Fix Available: Run 'npm audit fix' 
[npm-version-scan] [2025-09-26T06:40:37.827Z] [ERROR]   Found in: node_modules/svgo/node_modules/nth-check 
[npm-version-scan] [2025-09-26T06:40:37.828Z] [ERROR]   --- 
[npm-version-scan] [2025-09-26T06:40:37.828Z] [ERROR] VULNERABILITY: postcss 
[npm-version-scan] [2025-09-26T06:40:37.828Z] [ERROR]   Severity: MODERATE 
[npm-version-scan] [2025-09-26T06:40:37.829Z] [ERROR]   Title: PostCSS line return parsing error 
[npm-version-scan] [2025-09-26T06:40:37.829Z] [ERROR]   Description: No description available 
[npm-version-scan] [2025-09-26T06:40:37.829Z] [ERROR]   Affected Range: <8.4.31 
[npm-version-scan] [2025-09-26T06:40:37.830Z] [ERROR]   Direct Dependency: No 
[npm-version-scan] [2025-09-26T06:40:37.830Z] [ERROR]   More Info: https://github.com/advisories/GHSA-7fh5-64p2-3v2j 
[npm-version-scan] [2025-09-26T06:40:37.830Z] [ERROR]   Fix Available: Run 'npm audit fix' 
[npm-version-scan] [2025-09-26T06:40:37.831Z] [ERROR]   Found in: node_modules/resolve-url-loader/node_modules/postcss 
[npm-version-scan] [2025-09-26T06:40:37.831Z] [ERROR]   --- 
[npm-version-scan] [2025-09-26T06:40:37.831Z] [ERROR] VULNERABILITY: react-scripts 
[npm-version-scan] [2025-09-26T06:40:37.832Z] [ERROR]   Severity: HIGH 
[npm-version-scan] [2025-09-26T06:40:37.832Z] [ERROR]   Title: Unknown vulnerability 
[npm-version-scan] [2025-09-26T06:40:37.832Z] [ERROR]   Description: No description available 
[npm-version-scan] [2025-09-26T06:40:37.833Z] [ERROR]   Affected Range: >=0.1.0 
[npm-version-scan] [2025-09-26T06:40:37.833Z] [ERROR]   Direct Dependency: Yes 
[npm-version-scan] [2025-09-26T06:40:37.834Z] [ERROR]   Fix Available: Run 'npm audit fix' 
[npm-version-scan] [2025-09-26T06:40:37.834Z] [ERROR]   Found in: node_modules/react-scripts 
[npm-version-scan] [2025-09-26T06:40:37.834Z] [ERROR]   --- 
[npm-version-scan] [2025-09-26T06:40:37.835Z] [ERROR] VULNERABILITY: resolve-url-loader 
[npm-version-scan] [2025-09-26T06:40:37.835Z] [ERROR]   Severity: MODERATE 
[npm-version-scan] [2025-09-26T06:40:37.836Z] [ERROR]   Title: Unknown vulnerability 
[npm-version-scan] [2025-09-26T06:40:37.836Z] [ERROR]   Description: No description available 
[npm-version-scan] [2025-09-26T06:40:37.837Z] [ERROR]   Affected Range: 0.0.1-experiment-postcss || 3.0.0-alpha.1 - 4.0.0 
[npm-version-scan] [2025-09-26T06:40:37.837Z] [ERROR]   Direct Dependency: No 
[npm-version-scan] [2025-09-26T06:40:37.837Z] [ERROR]   Fix Available: Run 'npm audit fix' 
[npm-version-scan] [2025-09-26T06:40:37.838Z] [ERROR]   Found in: node_modules/resolve-url-loader 
[npm-version-scan] [2025-09-26T06:40:37.838Z] [ERROR]   --- 
[npm-version-scan] [2025-09-26T06:40:37.839Z] [ERROR] VULNERABILITY: svgo 
[npm-version-scan] [2025-09-26T06:40:37.839Z] [ERROR]   Severity: HIGH 
[npm-version-scan] [2025-09-26T06:40:37.840Z] [ERROR]   Title: Unknown vulnerability 
[npm-version-scan] [2025-09-26T06:40:37.840Z] [ERROR]   Description: No description available 
[npm-version-scan] [2025-09-26T06:40:37.841Z] [ERROR]   Affected Range: 1.0.0 - 1.3.2 
[npm-version-scan] [2025-09-26T06:40:37.841Z] [ERROR]   Direct Dependency: No 
[npm-version-scan] [2025-09-26T06:40:37.841Z] [ERROR]   Fix Available: Run 'npm audit fix' 
[npm-version-scan] [2025-09-26T06:40:37.842Z] [ERROR]   Found in: node_modules/svgo 
[npm-version-scan] [2025-09-26T06:40:37.842Z] [ERROR]   --- 
[npm-version-scan] [2025-09-26T06:40:37.843Z] [ERROR] VULNERABILITY: webpack-dev-server 
[npm-version-scan] [2025-09-26T06:40:37.843Z] [ERROR]   Severity: MODERATE 
[npm-version-scan] [2025-09-26T06:40:37.843Z] [ERROR]   Title: webpack-dev-server users' source code may be stolen when they access a malicious web site with non-Chromium based browser 
[npm-version-scan] [2025-09-26T06:40:37.844Z] [ERROR]   Description: No description available 
[npm-version-scan] [2025-09-26T06:40:37.844Z] [ERROR]   Affected Range: <=5.2.0 
[npm-version-scan] [2025-09-26T06:40:37.845Z] [ERROR]   Direct Dependency: No 
[npm-version-scan] [2025-09-26T06:40:37.845Z] [ERROR]   More Info: https://github.com/advisories/GHSA-9jgg-88mc-972h 
[npm-version-scan] [2025-09-26T06:40:37.845Z] [ERROR]   Fix Available: Run 'npm audit fix' 
[npm-version-scan] [2025-09-26T06:40:37.846Z] [ERROR]   Found in: node_modules/webpack-dev-server 
[npm-version-scan] [2025-09-26T06:40:37.846Z] [ERROR]   --- 
[npm-version-scan] [2025-09-26T06:40:37.846Z] [INFO] npm version scan completed. Overall success: false 
[secret-detection] [2025-09-26T06:40:37.849Z] [INFO] Starting secret detection scan 
[secret-detection] [2025-09-26T06:40:37.904Z] [INFO] Secret detection: NO SECRETS FOUND 
[secret-detection] [2025-09-26T06:40:37.904Z] [INFO] Secret detection completed. Overall success: true 
[sast-scan] [2025-09-26T06:40:37.907Z] [INFO] Starting code coverage analysis for languages: nodejs
[sast-scan] [2025-09-26T06:40:37.914Z] [INFO] Code coverage analysis: SUCCESS 
[sast-scan] [2025-09-26T06:40:37.914Z] [INFO] === CODE COVERAGE RESULTS === 
[sast-scan] [2025-09-26T06:40:37.915Z] [INFO] Total files analyzed: 4 
[sast-scan] [2025-09-26T06:40:37.915Z] [INFO] Total lines of code: 332 
[sast-scan] [2025-09-26T06:40:37.915Z] [INFO] Average complexity: 1 
[sast-scan] [2025-09-26T06:40:37.916Z] [INFO] Code to total ratio: 91% 
[sast-scan] [2025-09-26T06:40:37.916Z] [INFO] Code coverage analysis completed. Overall success: true 
[summary] [2025-09-26T06:40:37.920Z] [INFO] PIPELINE EXECUTION SUMMARY 
[summary] [2025-09-26T06:40:37.921Z] [INFO] ================================================== 
[summary] [2025-09-26T06:40:37.921Z] [INFO] Execution started: 2025-09-26T06:40:11.311Z 
[summary] [2025-09-26T06:40:37.921Z] [INFO] Execution completed: 2025-09-26T06:40:37.921Z 
[summary] [2025-09-26T06:40:37.922Z] [INFO] Total duration: 26.61 seconds 
[summary] [2025-09-26T06:40:37.922Z] [INFO]  
[summary] [2025-09-26T06:40:37.922Z] [INFO] STAGE RESULTS: 
[summary] [2025-09-26T06:40:37.923Z] [INFO] Language Detection   ✅ PASS 
[summary] [2025-09-26T06:40:37.924Z] [INFO]   Languages detected: nodejs 
[summary] [2025-09-26T06:40:37.924Z] [INFO]   Primary language: nodejs 
[summary] [2025-09-26T06:40:37.925Z] [INFO] Dependency Check     ✅ PASS 
[summary] [2025-09-26T06:40:37.926Z] [INFO]   nodejs: SUCCESS 
[summary] [2025-09-26T06:40:37.926Z] [INFO] Code Quality         ✅ PASS 
[summary] [2025-09-26T06:40:37.926Z] [INFO]   nodejs: SUCCESS 
[summary] [2025-09-26T06:40:37.927Z] [INFO] NPM Version Scan     ❌ FAIL 
[summary] [2025-09-26T06:40:37.928Z] [INFO]   nodejs: FAILED 
[summary] [2025-09-26T06:40:37.929Z] [INFO] Secret Detection     ✅ PASS 
[summary] [2025-09-26T06:40:37.929Z] [INFO]   secretScan: SUCCESS 
[summary] [2025-09-26T06:40:37.930Z] [INFO] SAST Scan            ✅ PASS 
[summary] [2025-09-26T06:40:37.930Z] [INFO]   coverage: SUCCESS 
[summary] [2025-09-26T06:40:37.932Z] [ERROR]  
[summary] [2025-09-26T06:40:37.932Z] [ERROR] ❌ PIPELINE FAILED: Please review the issues above. 
[summary] [2025-09-26T06:40:37.933Z] [INFO]  
[summary] [2025-09-26T06:40:37.933Z] [INFO] FINAL STATUS: FAILED 
[summary] [2025-09-26T06:40:37.933Z] [INFO] Log files location: C:\Users\hsjagad\CascadeProjects\windsurf-cicd-pipeline-pre-commit\React_demo-master\windsurf-pipeline\logs\run-2025-09-26T06-40-11-312Z 
[language-detection] [2025-09-26T07:45:14.189Z] [INFO] Starting language detection process 
[language-detection] [2025-09-26T07:45:14.190Z] [INFO] Detected Node.js via package.json in root 
[language-detection] [2025-09-26T07:45:14.191Z] [INFO] Final results: 1 languages detected 
[language-detection] [2025-09-26T07:45:14.192Z] [INFO] Languages: nodejs 
[language-detection] [2025-09-26T07:45:14.192Z] [INFO] Primary language: nodejs 
[language-detection] [2025-09-26T07:45:14.193Z] [INFO] Detection files: package.json 
[dependency-check] [2025-09-26T07:45:14.195Z] [INFO] Starting dependency check for languages: nodejs
[dependency-check] [2025-09-26T07:45:14.196Z] [INFO] Checking nodejs dependencies 
[dependency-check] [2025-09-26T07:45:18.858Z] [INFO] nodejs dependency check: SUCCESS 
[dependency-check] [2025-09-26T07:45:18.859Z] [INFO] Dependency check completed. Overall success: true 
[code-quality] [2025-09-26T07:45:18.861Z] [INFO] Starting code quality checks for languages: nodejs
[code-quality] [2025-09-26T07:45:18.861Z] [INFO] Running nodejs code quality checks 
[code-quality] [2025-09-26T07:45:28.830Z] [INFO] nodejs code quality: SUCCESS 
[code-quality] [2025-09-26T07:45:28.831Z] [INFO] Code quality checks completed. Overall success: true 
[npm-version-scan] [2025-09-26T07:45:28.833Z] [INFO] Starting npm version vulnerability scan 
[npm-version-scan] [2025-09-26T07:51:41.072Z] [ERROR] npm version scan: FAILED 
[npm-version-scan] [2025-09-26T07:51:41.072Z] [ERROR] === NPM VERSION SCAN FAILURE DETAILS === 
[npm-version-scan] [2025-09-26T07:51:41.073Z] [WARN] Outdated package: react (current: 18.3.1, wanted: 18.3.1, latest: 19.1.1) 
[npm-version-scan] [2025-09-26T07:51:41.073Z] [WARN] Outdated package: react-dom (current: 18.3.1, wanted: 18.3.1, latest: 19.1.1) 
[npm-version-scan] [2025-09-26T07:51:41.074Z] [ERROR] 9 vulnerable packages detected 
[npm-version-scan] [2025-09-26T07:51:41.074Z] [ERROR] Run 'npm audit fix' to resolve vulnerabilities 
[npm-version-scan] [2025-09-26T07:51:41.075Z] [INFO] npm version scan completed. Overall success: false 
[secret-detection] [2025-09-26T07:51:41.079Z] [INFO] Starting secret detection scan 
[secret-detection] [2025-09-26T07:51:41.120Z] [INFO] Secret detection: NO SECRETS FOUND 
[secret-detection] [2025-09-26T07:51:41.120Z] [INFO] Secret detection completed. Overall success: true 
[sast-scan] [2025-09-26T07:51:41.127Z] [INFO] Starting code coverage analysis for languages: nodejs
[sast-scan] [2025-09-26T07:51:41.135Z] [INFO] Code coverage analysis: SUCCESS 
[sast-scan] [2025-09-26T07:51:41.136Z] [INFO] === CODE COVERAGE RESULTS === 
[sast-scan] [2025-09-26T07:51:41.136Z] [INFO] Total files analyzed: 4 
[sast-scan] [2025-09-26T07:51:41.136Z] [INFO] Total lines of code: 332 
[sast-scan] [2025-09-26T07:51:41.137Z] [INFO] Average complexity: 1 
[sast-scan] [2025-09-26T07:51:41.137Z] [INFO] Code to total ratio: 91% 
[sast-scan] [2025-09-26T07:51:41.138Z] [INFO] Code coverage analysis completed. Overall success: true 
[summary] [2025-09-26T07:51:41.143Z] [INFO] PIPELINE EXECUTION SUMMARY 
[summary] [2025-09-26T07:51:41.143Z] [INFO] ================================================== 
[summary] [2025-09-26T07:51:41.144Z] [INFO] Execution started: 2025-09-26T07:45:14.132Z 
[summary] [2025-09-26T07:51:41.144Z] [INFO] Execution completed: 2025-09-26T07:51:41.144Z 
[summary] [2025-09-26T07:51:41.144Z] [INFO] Total duration: 387.01 seconds 
[summary] [2025-09-26T07:51:41.145Z] [INFO]  
[summary] [2025-09-26T07:51:41.145Z] [INFO] STAGE RESULTS: 
[summary] [2025-09-26T07:51:41.146Z] [INFO] Language Detection   ✅ PASS 
[summary] [2025-09-26T07:51:41.147Z] [INFO]   Languages detected: nodejs 
[summary] [2025-09-26T07:51:41.148Z] [INFO]   Primary language: nodejs 
[summary] [2025-09-26T07:51:41.150Z] [INFO] Dependency Check     ✅ PASS 
[summary] [2025-09-26T07:51:41.151Z] [INFO]   nodejs: SUCCESS 
[summary] [2025-09-26T07:51:41.152Z] [INFO] Code Quality         ✅ PASS 
[summary] [2025-09-26T07:51:41.152Z] [INFO]   nodejs: SUCCESS 
[summary] [2025-09-26T07:51:41.154Z] [INFO] NPM Version Scan     ❌ FAIL 
[summary] [2025-09-26T07:51:41.154Z] [INFO]   nodejs: FAILED 
[summary] [2025-09-26T07:51:41.155Z] [INFO] Secret Detection     ✅ PASS 
[summary] [2025-09-26T07:51:41.155Z] [INFO]   secretScan: SUCCESS 
[summary] [2025-09-26T07:51:41.156Z] [INFO] SAST Scan            ✅ PASS 
[summary] [2025-09-26T07:51:41.157Z] [INFO]   coverage: SUCCESS 
[summary] [2025-09-26T07:51:41.158Z] [ERROR]  
[summary] [2025-09-26T07:51:41.159Z] [ERROR] ❌ PIPELINE FAILED: Please review the issues above. 
[summary] [2025-09-26T07:51:41.159Z] [INFO]  
[summary] [2025-09-26T07:51:41.160Z] [INFO] FINAL STATUS: FAILED 
[summary] [2025-09-26T07:51:41.160Z] [INFO] Log files location: C:\Users\hsjagad\CascadeProjects\windsurf-cicd-pipeline-pre-commit\React_demo-master\windsurf-pipeline\logs\run-2025-09-26T07-45-14-133Z 
[language-detection] [2025-09-26T08:09:33.432Z] [INFO] Starting language detection process 
[language-detection] [2025-09-26T08:09:33.432Z] [INFO] Detected Node.js via package.json in root 
[language-detection] [2025-09-26T08:09:33.434Z] [INFO] Final results: 1 languages detected 
[language-detection] [2025-09-26T08:09:33.434Z] [INFO] Languages: nodejs 
[language-detection] [2025-09-26T08:09:33.435Z] [INFO] Primary language: nodejs 
[language-detection] [2025-09-26T08:09:33.435Z] [INFO] Detection files: package.json 
[dependency-check] [2025-09-26T08:09:33.437Z] [INFO] Starting dependency check for languages: nodejs
[dependency-check] [2025-09-26T08:09:33.438Z] [INFO] Checking nodejs dependencies 
[dependency-check] [2025-09-26T08:09:37.422Z] [INFO] nodejs dependency check: SUCCESS 
[dependency-check] [2025-09-26T08:09:37.423Z] [INFO] Dependency check completed. Overall success: true 
[code-quality] [2025-09-26T08:09:37.426Z] [INFO] Starting code quality checks for languages: nodejs
[code-quality] [2025-09-26T08:09:37.426Z] [INFO] Running nodejs code quality checks 
[code-quality] [2025-09-26T08:09:46.079Z] [INFO] nodejs code quality: SUCCESS 
[code-quality] [2025-09-26T08:09:46.079Z] [INFO] Code quality checks completed. Overall success: true 
[npm-version-scan] [2025-09-26T08:09:46.082Z] [INFO] Starting npm version vulnerability scan 
[npm-version-scan] [2025-09-26T08:09:53.995Z] [ERROR] npm version scan: FAILED 
[npm-version-scan] [2025-09-26T08:09:53.995Z] [ERROR] === NPM VERSION SCAN FAILURE DETAILS === 
[npm-version-scan] [2025-09-26T08:09:53.996Z] [ERROR] 9 vulnerable packages detected 
[npm-version-scan] [2025-09-26T08:09:53.996Z] [ERROR] Run 'npm audit fix' to resolve vulnerabilities 
[npm-version-scan] [2025-09-26T08:09:53.996Z] [INFO] npm version scan completed. Overall success: false 
[secret-detection] [2025-09-26T08:09:54.000Z] [INFO] Starting secret detection scan 
[secret-detection] [2025-09-26T08:09:54.037Z] [INFO] Secret detection: NO SECRETS FOUND 
[secret-detection] [2025-09-26T08:09:54.037Z] [INFO] Secret detection completed. Overall success: true 
[sast-scan] [2025-09-26T08:09:54.039Z] [INFO] Starting code coverage analysis for languages: nodejs
[sast-scan] [2025-09-26T08:09:54.046Z] [INFO] Code coverage analysis: SUCCESS 
[sast-scan] [2025-09-26T08:09:54.047Z] [INFO] === CODE COVERAGE RESULTS === 
[sast-scan] [2025-09-26T08:09:54.048Z] [INFO] Total files analyzed: 4 
[sast-scan] [2025-09-26T08:09:54.049Z] [INFO] Total lines of code: 332 
[sast-scan] [2025-09-26T08:09:54.049Z] [INFO] Average complexity: 1 
[sast-scan] [2025-09-26T08:09:54.050Z] [INFO] Code to total ratio: 91% 
[sast-scan] [2025-09-26T08:09:54.050Z] [INFO] Code coverage analysis completed. Overall success: true 
[summary] [2025-09-26T08:09:54.067Z] [INFO] PIPELINE EXECUTION SUMMARY 
[summary] [2025-09-26T08:09:54.067Z] [INFO] ================================================== 
[summary] [2025-09-26T08:09:54.068Z] [INFO] Execution started: 2025-09-26T08:09:33.370Z 
[summary] [2025-09-26T08:09:54.068Z] [INFO] Execution completed: 2025-09-26T08:09:54.068Z 
[summary] [2025-09-26T08:09:54.069Z] [INFO] Total duration: 20.69 seconds 
[summary] [2025-09-26T08:09:54.069Z] [INFO]  
[summary] [2025-09-26T08:09:54.069Z] [INFO] STAGE RESULTS: 
[summary] [2025-09-26T08:09:54.070Z] [INFO] Language Detection   ✅ PASS 
[summary] [2025-09-26T08:09:54.071Z] [INFO]   Languages detected: nodejs 
[summary] [2025-09-26T08:09:54.071Z] [INFO]   Primary language: nodejs 
[summary] [2025-09-26T08:09:54.072Z] [INFO] Dependency Check     ✅ PASS 
[summary] [2025-09-26T08:09:54.072Z] [INFO]   nodejs: SUCCESS 
[summary] [2025-09-26T08:09:54.073Z] [INFO] Code Quality         ✅ PASS 
[summary] [2025-09-26T08:09:54.073Z] [INFO]   nodejs: SUCCESS 
[summary] [2025-09-26T08:09:54.074Z] [INFO] NPM Version Scan     ❌ FAIL 
[summary] [2025-09-26T08:09:54.074Z] [INFO]   nodejs: FAILED 
[summary] [2025-09-26T08:09:54.075Z] [INFO] Secret Detection     ✅ PASS 
[summary] [2025-09-26T08:09:54.075Z] [INFO]   secretScan: SUCCESS 
[summary] [2025-09-26T08:09:54.076Z] [INFO] SAST Scan            ✅ PASS 
[summary] [2025-09-26T08:09:54.076Z] [INFO]   coverage: SUCCESS 
[summary] [2025-09-26T08:09:54.077Z] [ERROR]  
[summary] [2025-09-26T08:09:54.078Z] [ERROR] ❌ PIPELINE FAILED: Please review the issues above. 
[summary] [2025-09-26T08:09:54.078Z] [INFO]  
[summary] [2025-09-26T08:09:54.079Z] [INFO] FINAL STATUS: FAILED 
[summary] [2025-09-26T08:09:54.079Z] [INFO] Log files location: C:\Users\hsjagad\CascadeProjects\windsurf-cicd-pipeline-pre-commit\React_demo-master\windsurf-pipeline\logs\run-2025-09-26T08-09-33-370Z 
[language-detection] [2025-09-26T08:42:44.342Z] [INFO] Starting language detection process 
[language-detection] [2025-09-26T08:42:44.343Z] [INFO] Detected Node.js via package.json in root 
[language-detection] [2025-09-26T08:42:44.347Z] [INFO] Final results: 1 languages detected 
[language-detection] [2025-09-26T08:42:44.348Z] [INFO] Languages: nodejs 
[language-detection] [2025-09-26T08:42:44.348Z] [INFO] Primary language: nodejs 
[language-detection] [2025-09-26T08:42:44.349Z] [INFO] Detection files: package.json 
[dependency-check] [2025-09-26T08:42:44.353Z] [INFO] Starting dependency check for languages: nodejs
[dependency-check] [2025-09-26T08:42:44.354Z] [INFO] Checking nodejs dependencies 
[dependency-check] [2025-09-26T08:42:54.410Z] [INFO] nodejs dependency check: SUCCESS 
[dependency-check] [2025-09-26T08:42:54.411Z] [INFO] Dependency check completed. Overall success: true 
[code-quality] [2025-09-26T08:42:54.418Z] [INFO] Starting code quality checks for languages: nodejs
[code-quality] [2025-09-26T08:42:54.419Z] [INFO] Running nodejs code quality checks 
[code-quality] [2025-09-26T08:43:08.589Z] [INFO] nodejs code quality: SUCCESS 
[code-quality] [2025-09-26T08:43:08.589Z] [INFO] Code quality checks completed. Overall success: true 
[npm-version-scan] [2025-09-26T08:43:08.593Z] [INFO] Starting npm version vulnerability scan 
[npm-version-scan] [2025-09-26T08:43:20.151Z] [ERROR] npm version scan: FAILED 
[npm-version-scan] [2025-09-26T08:43:20.152Z] [ERROR] === NPM VERSION SCAN FAILURE DETAILS === 
[npm-version-scan] [2025-09-26T08:43:20.152Z] [ERROR] 9 vulnerable packages detected 
[npm-version-scan] [2025-09-26T08:43:20.153Z] [ERROR] Run 'npm audit fix' to resolve vulnerabilities 
[npm-version-scan] [2025-09-26T08:43:20.153Z] [INFO] npm version scan completed. Overall success: false 
[secret-detection] [2025-09-26T08:43:20.156Z] [INFO] Starting secret detection scan 
[secret-detection] [2025-09-26T08:43:20.201Z] [INFO] Secret detection: NO SECRETS FOUND 
[secret-detection] [2025-09-26T08:43:20.202Z] [INFO] Secret detection completed. Overall success: true 
[sast-scan] [2025-09-26T08:43:20.204Z] [INFO] Starting code coverage analysis for languages: nodejs
[sast-scan] [2025-09-26T08:43:20.213Z] [INFO] Code coverage analysis: SUCCESS 
[sast-scan] [2025-09-26T08:43:20.214Z] [INFO] === CODE COVERAGE RESULTS === 
[sast-scan] [2025-09-26T08:43:20.214Z] [INFO] Total files analyzed: 4 
[sast-scan] [2025-09-26T08:43:20.214Z] [INFO] Total lines of code: 332 
[sast-scan] [2025-09-26T08:43:20.215Z] [INFO] Average complexity: 1 
[sast-scan] [2025-09-26T08:43:20.215Z] [INFO] Code to total ratio: 91% 
[sast-scan] [2025-09-26T08:43:20.215Z] [INFO] Code coverage analysis completed. Overall success: true 
[summary] [2025-09-26T08:43:20.217Z] [INFO] PIPELINE EXECUTION SUMMARY 
[summary] [2025-09-26T08:43:20.218Z] [INFO] ================================================== 
[summary] [2025-09-26T08:43:20.219Z] [INFO] Execution started: 2025-09-26T08:42:44.243Z 
[summary] [2025-09-26T08:43:20.219Z] [INFO] Execution completed: 2025-09-26T08:43:20.219Z 
[summary] [2025-09-26T08:43:20.220Z] [INFO] Total duration: 35.97 seconds 
[summary] [2025-09-26T08:43:20.220Z] [INFO]  
[summary] [2025-09-26T08:43:20.221Z] [INFO] STAGE RESULTS: 
[summary] [2025-09-26T08:43:20.222Z] [INFO] Language Detection   ✅ PASS 
[summary] [2025-09-26T08:43:20.223Z] [INFO]   Languages detected: nodejs 
[summary] [2025-09-26T08:43:20.223Z] [INFO]   Primary language: nodejs 
[summary] [2025-09-26T08:43:20.224Z] [INFO] Dependency Check     ✅ PASS 
[summary] [2025-09-26T08:43:20.226Z] [INFO]   nodejs: SUCCESS 
[summary] [2025-09-26T08:43:20.228Z] [INFO] Code Quality         ✅ PASS 
[summary] [2025-09-26T08:43:20.228Z] [INFO]   nodejs: SUCCESS 
[summary] [2025-09-26T08:43:20.229Z] [INFO] NPM Version Scan     ❌ FAIL 
[summary] [2025-09-26T08:43:20.229Z] [INFO]   nodejs: FAILED 
[summary] [2025-09-26T08:43:20.230Z] [INFO] Secret Detection     ✅ PASS 
[summary] [2025-09-26T08:43:20.230Z] [INFO]   secretScan: SUCCESS 
[summary] [2025-09-26T08:43:20.231Z] [INFO] SAST Scan            ✅ PASS 
[summary] [2025-09-26T08:43:20.231Z] [INFO]   coverage: SUCCESS 
[summary] [2025-09-26T08:43:20.233Z] [ERROR]  
[summary] [2025-09-26T08:43:20.233Z] [ERROR] ❌ PIPELINE FAILED: Please review the issues above. 
[summary] [2025-09-26T08:43:20.233Z] [INFO]  
[summary] [2025-09-26T08:43:20.234Z] [INFO] FINAL STATUS: FAILED 
[summary] [2025-09-26T08:43:20.234Z] [INFO] Log files location: C:\Users\hsjagad\CascadeProjects\windsurf-cicd-pipeline-pre-commit\React_demo-master\windsurf-pipeline\logs\run-2025-09-26T08-42-44-245Z 
[language-detection] [2025-09-26T09:49:41.201Z] [INFO] Starting language detection process 
[language-detection] [2025-09-26T09:49:41.202Z] [INFO] Detected Node.js via package.json in root 
[language-detection] [2025-09-26T09:49:41.203Z] [INFO] Final results: 1 languages detected 
[language-detection] [2025-09-26T09:49:41.204Z] [INFO] Languages: nodejs 
[language-detection] [2025-09-26T09:49:41.204Z] [INFO] Primary language: nodejs 
[language-detection] [2025-09-26T09:49:41.205Z] [INFO] Detection files: package.json 
[dependency-check] [2025-09-26T09:49:41.208Z] [INFO] Starting dependency check for languages: nodejs
[dependency-check] [2025-09-26T09:49:41.209Z] [INFO] Checking nodejs dependencies 
[dependency-check] [2025-09-26T09:49:45.335Z] [INFO] nodejs dependency check: SUCCESS 
[dependency-check] [2025-09-26T09:49:45.336Z] [INFO] Dependency check completed. Overall success: true 
[code-quality] [2025-09-26T09:49:45.338Z] [INFO] Starting code quality checks for languages: nodejs
[code-quality] [2025-09-26T09:49:45.339Z] [INFO] Running nodejs code quality checks 
[code-quality] [2025-09-26T09:49:53.537Z] [ERROR] nodejs code quality: FAILED 
[code-quality] [2025-09-26T09:49:53.538Z] [ERROR] === NODEJS CODE QUALITY FAILURE DETAILS === 
[code-quality] [2025-09-26T09:49:53.538Z] [ERROR] PRETTIER FAILED: 
[code-quality] [2025-09-26T09:49:53.538Z] [ERROR] Output: Checking formatting...
 
[code-quality] [2025-09-26T09:49:53.539Z] [ERROR] Error: [[33mwarn[39m] src/App.js
[[33mwarn[39m] Code style issues found in the above file. Run Prettier with --write to fix.
 
[code-quality] [2025-09-26T09:49:53.540Z] [ERROR] Error Message: Command failed: npx prettier --check src/ --ignore-unknown
[[33mwarn[39m] src/App.js
[[33mwarn[39m] Code style issues found in the above file. Run Prettier with --write to fix.
 
[code-quality] [2025-09-26T09:49:53.540Z] [INFO] Code quality checks completed. Overall success: false 
[npm-version-scan] [2025-09-26T09:49:53.545Z] [INFO] Starting npm version vulnerability scan 
[language-detection] [2025-09-26T10:04:00.760Z] [INFO] Starting language detection process 
[language-detection] [2025-09-26T10:04:00.761Z] [INFO] Detected Node.js via package.json in root 
[language-detection] [2025-09-26T10:04:00.764Z] [INFO] Final results: 1 languages detected 
[language-detection] [2025-09-26T10:04:00.765Z] [INFO] Languages: nodejs 
[language-detection] [2025-09-26T10:04:00.766Z] [INFO] Primary language: nodejs 
[language-detection] [2025-09-26T10:04:00.766Z] [INFO] Detection files: package.json 
[dependency-check] [2025-09-26T10:04:00.783Z] [INFO] Starting dependency check for languages: nodejs
[dependency-check] [2025-09-26T10:04:00.787Z] [INFO] Checking nodejs dependencies 
[dependency-check] [2025-09-26T10:04:05.276Z] [INFO] nodejs dependency check: SUCCESS 
[dependency-check] [2025-09-26T10:04:05.277Z] [INFO] Dependency check completed. Overall success: true 
[code-quality] [2025-09-26T10:04:05.280Z] [INFO] Starting code quality checks for languages: nodejs
[code-quality] [2025-09-26T10:04:05.281Z] [INFO] Running nodejs code quality checks 
[code-quality] [2025-09-26T10:04:15.789Z] [ERROR] nodejs code quality: FAILED 
[code-quality] [2025-09-26T10:04:15.789Z] [ERROR] === NODEJS CODE QUALITY FAILURE DETAILS === 
[code-quality] [2025-09-26T10:04:15.790Z] [ERROR] PRETTIER FAILED: 
[code-quality] [2025-09-26T10:04:15.790Z] [ERROR] Output: Checking formatting...
 
[code-quality] [2025-09-26T10:04:15.790Z] [ERROR] Error: [[33mwarn[39m] src/App.js
[[33mwarn[39m] Code style issues found in the above file. Run Prettier with --write to fix.
 
[code-quality] [2025-09-26T10:04:15.803Z] [ERROR] Error Message: Command failed: npx prettier --check src/ --ignore-unknown
[[33mwarn[39m] src/App.js
[[33mwarn[39m] Code style issues found in the above file. Run Prettier with --write to fix.
 
[code-quality] [2025-09-26T10:04:15.803Z] [INFO] Code quality checks completed. Overall success: false 
[npm-version-scan] [2025-09-26T10:04:15.806Z] [INFO] Starting npm version vulnerability scan 
[npm-version-scan] [2025-09-26T10:04:25.126Z] [ERROR] npm version scan: FAILED 
[npm-version-scan] [2025-09-26T10:04:25.126Z] [ERROR] === NPM VERSION SCAN FAILURE DETAILS === 
[npm-version-scan] [2025-09-26T10:04:25.127Z] [ERROR] 9 vulnerable packages detected 
[npm-version-scan] [2025-09-26T10:04:25.127Z] [ERROR] Run 'npm audit fix' to resolve vulnerabilities 
[npm-version-scan] [2025-09-26T10:04:25.128Z] [INFO] npm version scan completed. Overall success: false 
[secret-detection] [2025-09-26T10:04:25.130Z] [INFO] Starting secret detection scan 
[secret-detection] [2025-09-26T10:04:25.167Z] [INFO] Secret detection: NO SECRETS FOUND 
[secret-detection] [2025-09-26T10:04:25.167Z] [INFO] Secret detection completed. Overall success: true 
[sast-scan] [2025-09-26T10:04:25.169Z] [INFO] Starting code coverage analysis for languages: nodejs
[sast-scan] [2025-09-26T10:04:25.177Z] [INFO] Code coverage analysis: SUCCESS 
[sast-scan] [2025-09-26T10:04:25.178Z] [INFO] === CODE COVERAGE RESULTS === 
[sast-scan] [2025-09-26T10:04:25.178Z] [INFO] Total files analyzed: 4 
[sast-scan] [2025-09-26T10:04:25.179Z] [INFO] Total lines of code: 332 
[sast-scan] [2025-09-26T10:04:25.179Z] [INFO] Average complexity: 1 
[sast-scan] [2025-09-26T10:04:25.179Z] [INFO] Code to total ratio: 91% 
[sast-scan] [2025-09-26T10:04:25.180Z] [INFO] Code coverage analysis completed. Overall success: true 
[summary] [2025-09-26T10:04:25.183Z] [INFO] PIPELINE EXECUTION SUMMARY 
[summary] [2025-09-26T10:04:25.183Z] [INFO] ================================================== 
[summary] [2025-09-26T10:04:25.184Z] [INFO] Execution started: 2025-09-26T10:04:00.642Z 
[summary] [2025-09-26T10:04:25.184Z] [INFO] Execution completed: 2025-09-26T10:04:25.184Z 
[summary] [2025-09-26T10:04:25.184Z] [INFO] Total duration: 24.54 seconds 
[summary] [2025-09-26T10:04:25.185Z] [INFO]  
[summary] [2025-09-26T10:04:25.185Z] [INFO] STAGE RESULTS: 
[summary] [2025-09-26T10:04:25.186Z] [INFO] Language Detection   ✅ PASS 
[summary] [2025-09-26T10:04:25.187Z] [INFO]   Languages detected: nodejs 
[summary] [2025-09-26T10:04:25.187Z] [INFO]   Primary language: nodejs 
[summary] [2025-09-26T10:04:25.188Z] [INFO] Dependency Check     ✅ PASS 
[summary] [2025-09-26T10:04:25.188Z] [INFO]   nodejs: SUCCESS 
[summary] [2025-09-26T10:04:25.189Z] [INFO] Code Quality         ❌ FAIL 
[summary] [2025-09-26T10:04:25.189Z] [INFO]   nodejs: FAILED 
[summary] [2025-09-26T10:04:25.190Z] [INFO] NPM Version Scan     ❌ FAIL 
[summary] [2025-09-26T10:04:25.190Z] [INFO]   nodejs: FAILED 
[summary] [2025-09-26T10:04:25.191Z] [INFO] Secret Detection     ✅ PASS 
[summary] [2025-09-26T10:04:25.192Z] [INFO]   secretScan: SUCCESS 
[summary] [2025-09-26T10:04:25.192Z] [INFO] SAST Scan            ✅ PASS 
[summary] [2025-09-26T10:04:25.193Z] [INFO]   coverage: SUCCESS 
[summary] [2025-09-26T10:04:25.193Z] [ERROR]  
[summary] [2025-09-26T10:04:25.194Z] [ERROR] ❌ PIPELINE FAILED: Please review the issues above. 
[summary] [2025-09-26T10:04:25.195Z] [INFO]  
[summary] [2025-09-26T10:04:25.195Z] [INFO] FINAL STATUS: FAILED 
[summary] [2025-09-26T10:04:25.196Z] [INFO] Log files location: C:\Users\hsjagad\CascadeProjects\windsurf-cicd-pipeline-pre-commit\React_demo-master\windsurf-pipeline\logs\run-2025-09-26T10-04-00-645Z 
[language-detection] [2025-09-26T10:08:20.764Z] [INFO] Starting language detection process 
[language-detection] [2025-09-26T10:08:20.764Z] [INFO] Detected Node.js via package.json in root 
[language-detection] [2025-09-26T10:08:20.766Z] [INFO] Final results: 1 languages detected 
[language-detection] [2025-09-26T10:08:20.767Z] [INFO] Languages: nodejs 
[language-detection] [2025-09-26T10:08:20.767Z] [INFO] Primary language: nodejs 
[language-detection] [2025-09-26T10:08:20.768Z] [INFO] Detection files: package.json 
[dependency-check] [2025-09-26T10:08:20.773Z] [INFO] Starting dependency check for languages: nodejs
[dependency-check] [2025-09-26T10:08:20.774Z] [INFO] Checking nodejs dependencies 
[dependency-check] [2025-09-26T10:08:25.482Z] [INFO] nodejs dependency check: SUCCESS 
[dependency-check] [2025-09-26T10:08:25.483Z] [INFO] Dependency check completed. Overall success: true 
[code-quality] [2025-09-26T10:08:25.486Z] [INFO] Starting code quality checks for languages: nodejs
[code-quality] [2025-09-26T10:08:25.486Z] [INFO] Running nodejs code quality checks 
[code-quality] [2025-09-26T10:08:39.482Z] [ERROR] nodejs code quality: FAILED 
[code-quality] [2025-09-26T10:08:39.483Z] [ERROR] === NODEJS CODE QUALITY FAILURE DETAILS === 
[code-quality] [2025-09-26T10:08:39.484Z] [ERROR] PRETTIER FAILED: 
[code-quality] [2025-09-26T10:08:39.484Z] [ERROR] Output: Checking formatting...
 
[code-quality] [2025-09-26T10:08:39.485Z] [ERROR] Error: [[33mwarn[39m] src/App.js
[[33mwarn[39m] Code style issues found in the above file. Run Prettier with --write to fix.
 
[code-quality] [2025-09-26T10:08:39.487Z] [ERROR] Error Message: Command failed: npx prettier --check src/ --ignore-unknown
[[33mwarn[39m] src/App.js
[[33mwarn[39m] Code style issues found in the above file. Run Prettier with --write to fix.
 
[code-quality] [2025-09-26T10:08:39.487Z] [INFO] Code quality checks completed. Overall success: false 
[npm-version-scan] [2025-09-26T10:08:39.493Z] [INFO] Starting npm version vulnerability scan 
[npm-version-scan] [2025-09-26T10:14:59.779Z] [ERROR] npm version scan: FAILED 
[npm-version-scan] [2025-09-26T10:14:59.780Z] [ERROR] === NPM VERSION SCAN FAILURE DETAILS === 
[npm-version-scan] [2025-09-26T10:14:59.780Z] [ERROR] 9 vulnerable packages detected 
[npm-version-scan] [2025-09-26T10:14:59.781Z] [ERROR] Run 'npm audit fix' to resolve vulnerabilities 
[npm-version-scan] [2025-09-26T10:14:59.781Z] [INFO] npm version scan completed. Overall success: false 
[secret-detection] [2025-09-26T10:14:59.784Z] [INFO] Starting secret detection scan 
[secret-detection] [2025-09-26T10:14:59.821Z] [INFO] Secret detection: NO SECRETS FOUND 
[secret-detection] [2025-09-26T10:14:59.822Z] [INFO] Secret detection completed. Overall success: true 
[sast-scan] [2025-09-26T10:14:59.824Z] [INFO] Starting code coverage analysis for languages: nodejs
[sast-scan] [2025-09-26T10:14:59.833Z] [INFO] Code coverage analysis: SUCCESS 
[sast-scan] [2025-09-26T10:14:59.834Z] [INFO] === CODE COVERAGE RESULTS === 
[sast-scan] [2025-09-26T10:14:59.834Z] [INFO] Total files analyzed: 4 
[sast-scan] [2025-09-26T10:14:59.835Z] [INFO] Total lines of code: 332 
[sast-scan] [2025-09-26T10:14:59.835Z] [INFO] Average complexity: 1 
[sast-scan] [2025-09-26T10:14:59.836Z] [INFO] Code to total ratio: 91% 
[sast-scan] [2025-09-26T10:14:59.836Z] [INFO] Code coverage analysis completed. Overall success: true 
[summary] [2025-09-26T10:14:59.838Z] [INFO] PIPELINE EXECUTION SUMMARY 
[summary] [2025-09-26T10:14:59.839Z] [INFO] ================================================== 
[summary] [2025-09-26T10:14:59.839Z] [INFO] Execution started: 2025-09-26T10:08:20.691Z 
[summary] [2025-09-26T10:14:59.840Z] [INFO] Execution completed: 2025-09-26T10:14:59.840Z 
[summary] [2025-09-26T10:14:59.841Z] [INFO] Total duration: 399.15 seconds 
[summary] [2025-09-26T10:14:59.841Z] [INFO]  
[summary] [2025-09-26T10:14:59.841Z] [INFO] STAGE RESULTS: 
[summary] [2025-09-26T10:14:59.842Z] [INFO] Language Detection   ✅ PASS 
[summary] [2025-09-26T10:14:59.843Z] [INFO]   Languages detected: nodejs 
[summary] [2025-09-26T10:14:59.843Z] [INFO]   Primary language: nodejs 
[summary] [2025-09-26T10:14:59.844Z] [INFO] Dependency Check     ✅ PASS 
[summary] [2025-09-26T10:14:59.845Z] [INFO]   nodejs: SUCCESS 
[summary] [2025-09-26T10:14:59.846Z] [INFO] Code Quality         ❌ FAIL 
[summary] [2025-09-26T10:14:59.847Z] [INFO]   nodejs: FAILED 
[summary] [2025-09-26T10:14:59.847Z] [INFO] NPM Version Scan     ❌ FAIL 
[summary] [2025-09-26T10:14:59.848Z] [INFO]   nodejs: FAILED 
[summary] [2025-09-26T10:14:59.849Z] [INFO] Secret Detection     ✅ PASS 
[summary] [2025-09-26T10:14:59.850Z] [INFO]   secretScan: SUCCESS 
[summary] [2025-09-26T10:14:59.850Z] [INFO] SAST Scan            ✅ PASS 
[summary] [2025-09-26T10:14:59.851Z] [INFO]   coverage: SUCCESS 
[summary] [2025-09-26T10:14:59.852Z] [ERROR]  
[summary] [2025-09-26T10:14:59.853Z] [ERROR] ❌ PIPELINE FAILED: Please review the issues above. 
[summary] [2025-09-26T10:14:59.853Z] [INFO]  
[summary] [2025-09-26T10:14:59.853Z] [INFO] FINAL STATUS: FAILED 
[summary] [2025-09-26T10:14:59.854Z] [INFO] Log files location: C:\Users\hsjagad\CascadeProjects\windsurf-cicd-pipeline-pre-commit\React_demo-master\windsurf-pipeline\logs\run-2025-09-26T10-08-20-692Z 
[language-detection] [2025-09-26T10:17:47.370Z] [INFO] Starting language detection process 
[language-detection] [2025-09-26T10:17:47.371Z] [INFO] Detected Node.js via package.json in root 
[language-detection] [2025-09-26T10:17:47.373Z] [INFO] Final results: 1 languages detected 
[language-detection] [2025-09-26T10:17:47.374Z] [INFO] Languages: nodejs 
[language-detection] [2025-09-26T10:17:47.374Z] [INFO] Primary language: nodejs 
[language-detection] [2025-09-26T10:17:47.375Z] [INFO] Detection files: package.json 
[dependency-check] [2025-09-26T10:17:47.378Z] [INFO] Starting dependency check for languages: nodejs
[dependency-check] [2025-09-26T10:17:47.379Z] [INFO] Checking nodejs dependencies 
[dependency-check] [2025-09-26T10:17:52.343Z] [INFO] nodejs dependency check: SUCCESS 
[dependency-check] [2025-09-26T10:17:52.344Z] [INFO] Dependency check completed. Overall success: true 
[code-quality] [2025-09-26T10:17:52.346Z] [INFO] Starting code quality checks for languages: nodejs
[code-quality] [2025-09-26T10:17:52.347Z] [INFO] Running nodejs code quality checks 
[code-quality] [2025-09-26T10:18:04.025Z] [INFO] nodejs code quality: SUCCESS 
[code-quality] [2025-09-26T10:18:04.026Z] [INFO] Code quality checks completed. Overall success: true 
[npm-version-scan] [2025-09-26T10:18:04.029Z] [INFO] Starting npm version vulnerability scan 
[npm-version-scan] [2025-09-26T10:18:14.372Z] [ERROR] npm version scan: FAILED 
[npm-version-scan] [2025-09-26T10:18:14.373Z] [ERROR] === NPM VERSION SCAN FAILURE DETAILS === 
[npm-version-scan] [2025-09-26T10:18:14.373Z] [ERROR] 9 vulnerable packages detected 
[npm-version-scan] [2025-09-26T10:18:14.374Z] [ERROR] Run 'npm audit fix' to resolve vulnerabilities 
[npm-version-scan] [2025-09-26T10:18:14.374Z] [INFO] npm version scan completed. Overall success: false 
[secret-detection] [2025-09-26T10:18:14.378Z] [INFO] Starting secret detection scan 
[secret-detection] [2025-09-26T10:18:14.422Z] [INFO] Secret detection: NO SECRETS FOUND 
[secret-detection] [2025-09-26T10:18:14.422Z] [INFO] Secret detection completed. Overall success: true 
[sast-scan] [2025-09-26T10:18:14.424Z] [INFO] Starting code coverage analysis for languages: nodejs
[sast-scan] [2025-09-26T10:18:14.432Z] [INFO] Code coverage analysis: SUCCESS 
[sast-scan] [2025-09-26T10:18:14.433Z] [INFO] === CODE COVERAGE RESULTS === 
[sast-scan] [2025-09-26T10:18:14.433Z] [INFO] Total files analyzed: 4 
[sast-scan] [2025-09-26T10:18:14.433Z] [INFO] Total lines of code: 332 
[sast-scan] [2025-09-26T10:18:14.434Z] [INFO] Average complexity: 1 
[sast-scan] [2025-09-26T10:18:14.434Z] [INFO] Code to total ratio: 91% 
[sast-scan] [2025-09-26T10:18:14.434Z] [INFO] Code coverage analysis completed. Overall success: true 
[summary] [2025-09-26T10:18:14.448Z] [INFO] PIPELINE EXECUTION SUMMARY 
[summary] [2025-09-26T10:18:14.448Z] [INFO] ================================================== 
[summary] [2025-09-26T10:18:14.449Z] [INFO] Execution started: 2025-09-26T10:17:47.303Z 
[summary] [2025-09-26T10:18:14.449Z] [INFO] Execution completed: 2025-09-26T10:18:14.449Z 
[summary] [2025-09-26T10:18:14.449Z] [INFO] Total duration: 27.14 seconds 
[summary] [2025-09-26T10:18:14.450Z] [INFO]  
[summary] [2025-09-26T10:18:14.450Z] [INFO] STAGE RESULTS: 
[summary] [2025-09-26T10:18:14.450Z] [INFO] Language Detection   ✅ PASS 
[summary] [2025-09-26T10:18:14.451Z] [INFO]   Languages detected: nodejs 
[summary] [2025-09-26T10:18:14.452Z] [INFO]   Primary language: nodejs 
[summary] [2025-09-26T10:18:14.452Z] [INFO] Dependency Check     ✅ PASS 
[summary] [2025-09-26T10:18:14.453Z] [INFO]   nodejs: SUCCESS 
[summary] [2025-09-26T10:18:14.454Z] [INFO] Code Quality         ✅ PASS 
[summary] [2025-09-26T10:18:14.455Z] [INFO]   nodejs: SUCCESS 
[summary] [2025-09-26T10:18:14.455Z] [INFO] NPM Version Scan     ❌ FAIL 
[summary] [2025-09-26T10:18:14.456Z] [INFO]   nodejs: FAILED 
[summary] [2025-09-26T10:18:14.456Z] [INFO] Secret Detection     ✅ PASS 
[summary] [2025-09-26T10:18:14.457Z] [INFO]   secretScan: SUCCESS 
[summary] [2025-09-26T10:18:14.457Z] [INFO] SAST Scan            ✅ PASS 
[summary] [2025-09-26T10:18:14.458Z] [INFO]   coverage: SUCCESS 
[summary] [2025-09-26T10:18:14.459Z] [ERROR]  
[summary] [2025-09-26T10:18:14.460Z] [ERROR] ❌ PIPELINE FAILED: Please review the issues above. 
[summary] [2025-09-26T10:18:14.460Z] [INFO]  
[summary] [2025-09-26T10:18:14.461Z] [INFO] FINAL STATUS: FAILED 
[summary] [2025-09-26T10:18:14.462Z] [INFO] Log files location: C:\Users\hsjagad\CascadeProjects\windsurf-cicd-pipeline-pre-commit\React_demo-master\windsurf-pipeline\logs\run-2025-09-26T10-17-47-304Z 
[language-detection] [2025-09-26T10:23:12.257Z] [INFO] Starting language detection process 
[language-detection] [2025-09-26T10:23:12.257Z] [INFO] Detected Node.js via package.json in root 
[language-detection] [2025-09-26T10:23:12.259Z] [INFO] Final results: 1 languages detected 
[language-detection] [2025-09-26T10:23:12.260Z] [INFO] Languages: nodejs 
[language-detection] [2025-09-26T10:23:12.260Z] [INFO] Primary language: nodejs 
[language-detection] [2025-09-26T10:23:12.260Z] [INFO] Detection files: package.json 
[dependency-check] [2025-09-26T10:23:12.262Z] [INFO] Starting dependency check for languages: nodejs
[dependency-check] [2025-09-26T10:23:12.263Z] [INFO] Checking nodejs dependencies 
[dependency-check] [2025-09-26T10:23:15.749Z] [INFO] nodejs dependency check: SUCCESS 
[dependency-check] [2025-09-26T10:23:15.749Z] [INFO] Dependency check completed. Overall success: true 
[code-quality] [2025-09-26T10:23:15.751Z] [INFO] Starting code quality checks for languages: nodejs
[code-quality] [2025-09-26T10:23:15.752Z] [INFO] Running nodejs code quality checks 
[code-quality] [2025-09-26T10:23:18.667Z] [ERROR] ESLINT FAILED: 
[code-quality] [2025-09-26T10:23:18.668Z] [ERROR] Output: 
[code-quality] [2025-09-26T10:23:18.668Z] [ERROR] 
Oops! Something went wrong! :(

ESLint: 9.36.0

ESLint couldn't find an eslint.config.(js|mjs|cjs) file.

From ESLint v9.0.0, the default configuration file is now eslint.config.js.
If you are using a .eslintrc.* file, please follow the migration guide
to update your configuration file to the new format:

https://eslint.org/docs/latest/use/configure/migration-guide

If you still have problems after following the migration guide, please stop by
https://eslint.org/chat/help to chat with the team.

 
[code-quality] [2025-09-26T10:23:23.130Z] [ERROR] nodejs code quality: FAILED 
[code-quality] [2025-09-26T10:23:23.131Z] [ERROR] === NODEJS CODE QUALITY FAILURE DETAILS === 
[code-quality] [2025-09-26T10:23:23.131Z] [ERROR] ESLINT FAILED: 
[code-quality] [2025-09-26T10:23:23.131Z] [ERROR] Error: 
Oops! Something went wrong! :(

ESLint: 9.36.0

ESLint couldn't find an eslint.config.(js|mjs|cjs) file.

From ESLint v9.0.0, the default configuration file is now eslint.config.js.
If you are using a .eslintrc.* file, please follow the migration guide
to update your configuration file to the new format:

https://eslint.org/docs/latest/use/configure/migration-guide

If you still have problems after following the migration guide, please stop by
https://eslint.org/chat/help to chat with the team.

 
[code-quality] [2025-09-26T10:23:23.132Z] [ERROR] Error Message: Command failed: npx eslint src/ --ext .js,.jsx,.ts,.tsx --no-error-on-unmatched-pattern

Oops! Something went wrong! :(

ESLint: 9.36.0

ESLint couldn't find an eslint.config.(js|mjs|cjs) file.

From ESLint v9.0.0, the default configuration file is now eslint.config.js.
If you are using a .eslintrc.* file, please follow the migration guide
to update your configuration file to the new format:

https://eslint.org/docs/latest/use/configure/migration-guide

If you still have problems after following the migration guide, please stop by
https://eslint.org/chat/help to chat with the team.

 
[code-quality] [2025-09-26T10:23:23.132Z] [ERROR] PRETTIER FAILED: 
[code-quality] [2025-09-26T10:23:23.133Z] [ERROR] Output: Checking formatting...
 
[code-quality] [2025-09-26T10:23:23.133Z] [ERROR] Error: [[33mwarn[39m] src/App.js
[[33mwarn[39m] src/components/Dashboard.js
[[33mwarn[39m] src/components/TestConsole.js
[[33mwarn[39m] Code style issues found in 3 files. Run Prettier with --write to fix.
 
[code-quality] [2025-09-26T10:23:23.134Z] [ERROR] Error Message: Command failed: npx prettier --check src/ --ignore-unknown
[[33mwarn[39m] src/App.js
[[33mwarn[39m] src/components/Dashboard.js
[[33mwarn[39m] src/components/TestConsole.js
[[33mwarn[39m] Code style issues found in 3 files. Run Prettier with --write to fix.
 
[code-quality] [2025-09-26T10:23:23.134Z] [INFO] Code quality checks completed. Overall success: false 
[npm-version-scan] [2025-09-26T10:23:23.136Z] [INFO] Starting npm version vulnerability scan 
[npm-version-scan] [2025-09-26T10:23:29.170Z] [ERROR] npm version scan: FAILED 
[npm-version-scan] [2025-09-26T10:23:29.171Z] [ERROR] === NPM VERSION SCAN FAILURE DETAILS === 
[npm-version-scan] [2025-09-26T10:23:29.171Z] [WARN] Outdated package: @mui/icons-material (current: 7.3.2, wanted: 5.18.0, latest: 7.3.2) 
[npm-version-scan] [2025-09-26T10:23:29.171Z] [WARN] Outdated package: @mui/material (current: 7.3.2, wanted: 5.18.0, latest: 7.3.2) 
[npm-version-scan] [2025-09-26T10:23:29.172Z] [WARN] Outdated package: husky (current: 9.1.7, wanted: 8.0.3, latest: 9.1.7) 
[npm-version-scan] [2025-09-26T10:23:29.173Z] [WARN] Outdated package: lint-staged (current: 16.2.1, wanted: 15.5.2, latest: 16.2.1) 
[npm-version-scan] [2025-09-26T10:23:29.173Z] [WARN] Outdated package: react (current: 19.1.1, wanted: 18.3.1, latest: 19.1.1) 
[npm-version-scan] [2025-09-26T10:23:29.173Z] [WARN] Outdated package: react-dom (current: 19.1.1, wanted: 18.3.1, latest: 19.1.1) 
[npm-version-scan] [2025-09-26T10:23:29.173Z] [ERROR] 9 vulnerable packages detected 
[npm-version-scan] [2025-09-26T10:23:29.174Z] [ERROR] Run 'npm audit fix' to resolve vulnerabilities 
[npm-version-scan] [2025-09-26T10:23:29.174Z] [INFO] npm version scan completed. Overall success: false 
[secret-detection] [2025-09-26T10:23:29.176Z] [INFO] Starting secret detection scan 
[secret-detection] [2025-09-26T10:23:29.209Z] [INFO] Secret detection: NO SECRETS FOUND 
[secret-detection] [2025-09-26T10:23:29.210Z] [INFO] Secret detection completed. Overall success: true 
[sast-scan] [2025-09-26T10:23:29.211Z] [INFO] Starting code coverage analysis for languages: nodejs
[sast-scan] [2025-09-26T10:23:29.218Z] [INFO] Code coverage analysis: SUCCESS 
[sast-scan] [2025-09-26T10:23:29.218Z] [INFO] === CODE COVERAGE RESULTS === 
[sast-scan] [2025-09-26T10:23:29.219Z] [INFO] Total files analyzed: 4 
[sast-scan] [2025-09-26T10:23:29.219Z] [INFO] Total lines of code: 313 
[sast-scan] [2025-09-26T10:23:29.219Z] [INFO] Average complexity: 1 
[sast-scan] [2025-09-26T10:23:29.220Z] [INFO] Code to total ratio: 91% 
[sast-scan] [2025-09-26T10:23:29.220Z] [INFO] Code coverage analysis completed. Overall success: true 
[summary] [2025-09-26T10:23:29.221Z] [INFO] PIPELINE EXECUTION SUMMARY 
[summary] [2025-09-26T10:23:29.222Z] [INFO] ================================================== 
[summary] [2025-09-26T10:23:29.222Z] [INFO] Execution started: 2025-09-26T10:23:12.213Z 
[summary] [2025-09-26T10:23:29.222Z] [INFO] Execution completed: 2025-09-26T10:23:29.222Z 
[summary] [2025-09-26T10:23:29.223Z] [INFO] Total duration: 17.01 seconds 
[summary] [2025-09-26T10:23:29.223Z] [INFO]  
[summary] [2025-09-26T10:23:29.223Z] [INFO] STAGE RESULTS: 
[summary] [2025-09-26T10:23:29.223Z] [INFO] Language Detection   ✅ PASS 
[summary] [2025-09-26T10:23:29.224Z] [INFO]   Languages detected: nodejs 
[summary] [2025-09-26T10:23:29.224Z] [INFO]   Primary language: nodejs 
[summary] [2025-09-26T10:23:29.225Z] [INFO] Dependency Check     ✅ PASS 
[summary] [2025-09-26T10:23:29.225Z] [INFO]   nodejs: SUCCESS 
[summary] [2025-09-26T10:23:29.226Z] [INFO] Code Quality         ❌ FAIL 
[summary] [2025-09-26T10:23:29.226Z] [INFO]   nodejs: FAILED 
[summary] [2025-09-26T10:23:29.227Z] [INFO] NPM Version Scan     ❌ FAIL 
[summary] [2025-09-26T10:23:29.227Z] [INFO]   nodejs: FAILED 
[summary] [2025-09-26T10:23:29.228Z] [INFO] Secret Detection     ✅ PASS 
[summary] [2025-09-26T10:23:29.228Z] [INFO]   secretScan: SUCCESS 
[summary] [2025-09-26T10:23:29.229Z] [INFO] SAST Scan            ✅ PASS 
[summary] [2025-09-26T10:23:29.229Z] [INFO]   coverage: SUCCESS 
[summary] [2025-09-26T10:23:29.230Z] [ERROR]  
[summary] [2025-09-26T10:23:29.230Z] [ERROR] ❌ PIPELINE FAILED: Please review the issues above. 
[summary] [2025-09-26T10:23:29.230Z] [INFO]  
[summary] [2025-09-26T10:23:29.231Z] [INFO] FINAL STATUS: FAILED 
[summary] [2025-09-26T10:23:29.231Z] [INFO] Log files location: C:\Users\hsjagad\CascadeProjects\windsurf-cicd-pipeline-pre-commit\React_demo-master\windsurf-pipeline\logs\run-2025-09-26T10-23-12-214Z 
[language-detection] [2025-09-26T10:35:44.178Z] [INFO] Starting language detection process 
[language-detection] [2025-09-26T10:35:44.179Z] [INFO] Detected Node.js via package.json in root 
[language-detection] [2025-09-26T10:35:44.181Z] [INFO] Final results: 1 languages detected 
[language-detection] [2025-09-26T10:35:44.182Z] [INFO] Languages: nodejs 
[language-detection] [2025-09-26T10:35:44.182Z] [INFO] Primary language: nodejs 
[language-detection] [2025-09-26T10:35:44.183Z] [INFO] Detection files: package.json 
[dependency-check] [2025-09-26T10:35:44.185Z] [INFO] Starting dependency check for languages: nodejs
[dependency-check] [2025-09-26T10:35:44.186Z] [INFO] Checking nodejs dependencies 
[dependency-check] [2025-09-26T10:35:49.192Z] [INFO] nodejs dependency check: SUCCESS 
[dependency-check] [2025-09-26T10:35:49.193Z] [INFO] Dependency check completed. Overall success: true 
[code-quality] [2025-09-26T10:35:49.195Z] [INFO] Starting code quality checks for languages: nodejs
[code-quality] [2025-09-26T10:35:49.196Z] [INFO] Running nodejs code quality checks 
[code-quality] [2025-09-26T10:35:52.338Z] [ERROR] ESLINT FAILED: 
[code-quality] [2025-09-26T10:35:52.339Z] [ERROR] Output: 
[code-quality] [2025-09-26T10:35:52.339Z] [ERROR] Invalid option '--ext' - perhaps you meant '-c'?
You're using eslint.config.js, some command line flags are no longer available. Please see https://eslint.org/docs/latest/use/command-line-interface for details.
 
[code-quality] [2025-09-26T10:35:56.385Z] [ERROR] nodejs code quality: FAILED 
[code-quality] [2025-09-26T10:35:56.386Z] [ERROR] === NODEJS CODE QUALITY FAILURE DETAILS === 
[code-quality] [2025-09-26T10:35:56.386Z] [ERROR] ESLINT FAILED: 
[code-quality] [2025-09-26T10:35:56.386Z] [ERROR] Error: Invalid option '--ext' - perhaps you meant '-c'?
You're using eslint.config.js, some command line flags are no longer available. Please see https://eslint.org/docs/latest/use/command-line-interface for details.
 
[code-quality] [2025-09-26T10:35:56.387Z] [ERROR] Error Message: Command failed: npx eslint src/ --ext .js,.jsx,.ts,.tsx --no-error-on-unmatched-pattern
Invalid option '--ext' - perhaps you meant '-c'?
You're using eslint.config.js, some command line flags are no longer available. Please see https://eslint.org/docs/latest/use/command-line-interface for details.
 
[code-quality] [2025-09-26T10:35:56.387Z] [INFO] Code quality checks completed. Overall success: false 
[npm-version-scan] [2025-09-26T10:35:56.390Z] [INFO] Starting npm version vulnerability scan 
[npm-version-scan] [2025-09-26T10:36:05.248Z] [ERROR] npm version scan: FAILED 
[npm-version-scan] [2025-09-26T10:36:05.248Z] [ERROR] === NPM VERSION SCAN FAILURE DETAILS === 
[npm-version-scan] [2025-09-26T10:36:05.249Z] [WARN] Outdated package: @mui/icons-material (current: 5.18.0, wanted: 5.18.0, latest: 7.3.2) 
[npm-version-scan] [2025-09-26T10:36:05.249Z] [WARN] Outdated package: @mui/material (current: 5.18.0, wanted: 5.18.0, latest: 7.3.2) 
[npm-version-scan] [2025-09-26T10:36:05.250Z] [WARN] Outdated package: husky (current: 8.0.3, wanted: 8.0.3, latest: 9.1.7) 
[npm-version-scan] [2025-09-26T10:36:05.263Z] [WARN] Outdated package: lint-staged (current: 15.5.2, wanted: 15.5.2, latest: 16.2.1) 
[npm-version-scan] [2025-09-26T10:36:05.263Z] [WARN] Outdated package: react (current: 18.3.1, wanted: 18.3.1, latest: 19.1.1) 
[npm-version-scan] [2025-09-26T10:36:05.263Z] [WARN] Outdated package: react-dom (current: 18.3.1, wanted: 18.3.1, latest: 19.1.1) 
[npm-version-scan] [2025-09-26T10:36:05.264Z] [ERROR] 9 vulnerable packages detected 
[npm-version-scan] [2025-09-26T10:36:05.264Z] [ERROR] Run 'npm audit fix' to resolve vulnerabilities 
[npm-version-scan] [2025-09-26T10:36:05.264Z] [INFO] npm version scan completed. Overall success: false 
[secret-detection] [2025-09-26T10:36:05.268Z] [INFO] Starting secret detection scan 
[secret-detection] [2025-09-26T10:36:05.313Z] [INFO] Secret detection: NO SECRETS FOUND 
[secret-detection] [2025-09-26T10:36:05.314Z] [INFO] Secret detection completed. Overall success: true 
[sast-scan] [2025-09-26T10:36:05.317Z] [INFO] Starting code coverage analysis for languages: nodejs
[sast-scan] [2025-09-26T10:36:05.326Z] [INFO] Code coverage analysis: SUCCESS 
[sast-scan] [2025-09-26T10:36:05.327Z] [INFO] === CODE COVERAGE RESULTS === 
[sast-scan] [2025-09-26T10:36:05.328Z] [INFO] Total files analyzed: 4 
[sast-scan] [2025-09-26T10:36:05.328Z] [INFO] Total lines of code: 334 
[sast-scan] [2025-09-26T10:36:05.329Z] [INFO] Average complexity: 1 
[sast-scan] [2025-09-26T10:36:05.329Z] [INFO] Code to total ratio: 92% 
[sast-scan] [2025-09-26T10:36:05.330Z] [INFO] Code coverage analysis completed. Overall success: true 
[summary] [2025-09-26T10:36:05.332Z] [INFO] PIPELINE EXECUTION SUMMARY 
[summary] [2025-09-26T10:36:05.332Z] [INFO] ================================================== 
[summary] [2025-09-26T10:36:05.333Z] [INFO] Execution started: 2025-09-26T10:35:44.116Z 
[summary] [2025-09-26T10:36:05.334Z] [INFO] Execution completed: 2025-09-26T10:36:05.334Z 
[summary] [2025-09-26T10:36:05.334Z] [INFO] Total duration: 21.21 seconds 
[summary] [2025-09-26T10:36:05.335Z] [INFO]  
[summary] [2025-09-26T10:36:05.335Z] [INFO] STAGE RESULTS: 
[summary] [2025-09-26T10:36:05.336Z] [INFO] Language Detection   ✅ PASS 
[summary] [2025-09-26T10:36:05.337Z] [INFO]   Languages detected: nodejs 
[summary] [2025-09-26T10:36:05.338Z] [INFO]   Primary language: nodejs 
[summary] [2025-09-26T10:36:05.338Z] [INFO] Dependency Check     ✅ PASS 
[summary] [2025-09-26T10:36:05.339Z] [INFO]   nodejs: SUCCESS 
[summary] [2025-09-26T10:36:05.340Z] [INFO] Code Quality         ❌ FAIL 
[summary] [2025-09-26T10:36:05.340Z] [INFO]   nodejs: FAILED 
[summary] [2025-09-26T10:36:05.341Z] [INFO] NPM Version Scan     ❌ FAIL 
[summary] [2025-09-26T10:36:05.341Z] [INFO]   nodejs: FAILED 
[summary] [2025-09-26T10:36:05.342Z] [INFO] Secret Detection     ✅ PASS 
[summary] [2025-09-26T10:36:05.343Z] [INFO]   secretScan: SUCCESS 
[summary] [2025-09-26T10:36:05.344Z] [INFO] SAST Scan            ✅ PASS 
[summary] [2025-09-26T10:36:05.344Z] [INFO]   coverage: SUCCESS 
[summary] [2025-09-26T10:36:05.345Z] [ERROR]  
[summary] [2025-09-26T10:36:05.346Z] [ERROR] ❌ PIPELINE FAILED: Please review the issues above. 
[summary] [2025-09-26T10:36:05.346Z] [INFO]  
[summary] [2025-09-26T10:36:05.347Z] [INFO] FINAL STATUS: FAILED 
[summary] [2025-09-26T10:36:05.347Z] [INFO] Log files location: C:\Users\hsjagad\CascadeProjects\windsurf-cicd-pipeline-pre-commit\React_demo-master\windsurf-pipeline\logs\run-2025-09-26T10-35-44-116Z 
[language-detection] [2025-09-26T10:51:18.462Z] [INFO] Starting language detection process 
[language-detection] [2025-09-26T10:51:18.463Z] [INFO] Detected Node.js via package.json in root 
[language-detection] [2025-09-26T10:51:18.465Z] [INFO] Final results: 1 languages detected 
[language-detection] [2025-09-26T10:51:18.465Z] [INFO] Languages: nodejs 
[language-detection] [2025-09-26T10:51:18.465Z] [INFO] Primary language: nodejs 
[language-detection] [2025-09-26T10:51:18.466Z] [INFO] Detection files: package.json 
[dependency-check] [2025-09-26T10:51:18.468Z] [INFO] Starting dependency check for languages: nodejs
[dependency-check] [2025-09-26T10:51:18.469Z] [INFO] Checking nodejs dependencies 
[dependency-check] [2025-09-26T10:51:22.969Z] [INFO] nodejs dependency check: SUCCESS 
[dependency-check] [2025-09-26T10:51:22.970Z] [INFO] Dependency check completed. Overall success: true 
[code-quality] [2025-09-26T10:51:22.972Z] [INFO] Starting code quality checks for languages: nodejs
[code-quality] [2025-09-26T10:51:22.973Z] [INFO] Running nodejs code quality checks 
[code-quality] [2025-09-26T10:51:26.156Z] [ERROR] ESLINT FAILED: 
[code-quality] [2025-09-26T10:51:26.156Z] [ERROR] Output: 
[code-quality] [2025-09-26T10:51:26.157Z] [ERROR] Invalid option '--ext' - perhaps you meant '-c'?
You're using eslint.config.js, some command line flags are no longer available. Please see https://eslint.org/docs/latest/use/command-line-interface for details.
 
[code-quality] [2025-09-26T10:51:30.388Z] [ERROR] nodejs code quality: FAILED 
[code-quality] [2025-09-26T10:51:30.388Z] [ERROR] === NODEJS CODE QUALITY FAILURE DETAILS === 
[code-quality] [2025-09-26T10:51:30.389Z] [ERROR] ESLINT FAILED: 
[code-quality] [2025-09-26T10:51:30.389Z] [ERROR] Error: Invalid option '--ext' - perhaps you meant '-c'?
You're using eslint.config.js, some command line flags are no longer available. Please see https://eslint.org/docs/latest/use/command-line-interface for details.
 
[code-quality] [2025-09-26T10:51:30.390Z] [ERROR] Error Message: Command failed: npx eslint src/ --ext .js,.jsx,.ts,.tsx --no-error-on-unmatched-pattern
Invalid option '--ext' - perhaps you meant '-c'?
You're using eslint.config.js, some command line flags are no longer available. Please see https://eslint.org/docs/latest/use/command-line-interface for details.
 
[code-quality] [2025-09-26T10:51:30.390Z] [INFO] Code quality checks completed. Overall success: false 
[npm-version-scan] [2025-09-26T10:51:30.392Z] [INFO] Starting npm version vulnerability scan 
[npm-version-scan] [2025-09-26T10:51:37.110Z] [ERROR] npm version scan: FAILED 
[npm-version-scan] [2025-09-26T10:51:37.111Z] [ERROR] === NPM VERSION SCAN FAILURE DETAILS === 
[npm-version-scan] [2025-09-26T10:51:37.111Z] [WARN] Outdated package: @mui/icons-material (current: 5.18.0, wanted: 5.18.0, latest: 7.3.2) 
[npm-version-scan] [2025-09-26T10:51:37.112Z] [WARN] Outdated package: @mui/material (current: 5.18.0, wanted: 5.18.0, latest: 7.3.2) 
[npm-version-scan] [2025-09-26T10:51:37.113Z] [WARN] Outdated package: husky (current: 8.0.3, wanted: 8.0.3, latest: 9.1.7) 
[npm-version-scan] [2025-09-26T10:51:37.125Z] [WARN] Outdated package: lint-staged (current: 15.5.2, wanted: 15.5.2, latest: 16.2.1) 
[npm-version-scan] [2025-09-26T10:51:37.126Z] [WARN] Outdated package: react (current: 18.3.1, wanted: 18.3.1, latest: 19.1.1) 
[npm-version-scan] [2025-09-26T10:51:37.126Z] [WARN] Outdated package: react-dom (current: 18.3.1, wanted: 18.3.1, latest: 19.1.1) 
[npm-version-scan] [2025-09-26T10:51:37.127Z] [ERROR] 9 vulnerable packages detected 
[npm-version-scan] [2025-09-26T10:51:37.127Z] [ERROR] Run 'npm audit fix' to resolve vulnerabilities 
[npm-version-scan] [2025-09-26T10:51:37.127Z] [INFO] npm version scan completed. Overall success: false 
[secret-detection] [2025-09-26T10:51:37.130Z] [INFO] Starting secret detection scan 
[secret-detection] [2025-09-26T10:51:37.168Z] [INFO] Secret detection: NO SECRETS FOUND 
[secret-detection] [2025-09-26T10:51:37.168Z] [INFO] Secret detection completed. Overall success: true 
[sast-scan] [2025-09-26T10:51:37.170Z] [INFO] Starting code coverage analysis for languages: nodejs
[sast-scan] [2025-09-26T10:51:37.176Z] [INFO] Code coverage analysis: SUCCESS 
[sast-scan] [2025-09-26T10:51:37.177Z] [INFO] === CODE COVERAGE RESULTS === 
[sast-scan] [2025-09-26T10:51:37.177Z] [INFO] Total files analyzed: 4 
[sast-scan] [2025-09-26T10:51:37.177Z] [INFO] Total lines of code: 334 
[sast-scan] [2025-09-26T10:51:37.177Z] [INFO] Average complexity: 1 
[sast-scan] [2025-09-26T10:51:37.178Z] [INFO] Code to total ratio: 92% 
[sast-scan] [2025-09-26T10:51:37.178Z] [INFO] Code coverage analysis completed. Overall success: true 
[summary] [2025-09-26T10:51:37.180Z] [INFO] PIPELINE EXECUTION SUMMARY 
[summary] [2025-09-26T10:51:37.181Z] [INFO] ================================================== 
[summary] [2025-09-26T10:51:37.181Z] [INFO] Execution started: 2025-09-26T10:51:18.414Z 
[summary] [2025-09-26T10:51:37.182Z] [INFO] Execution completed: 2025-09-26T10:51:37.182Z 
[summary] [2025-09-26T10:51:37.182Z] [INFO] Total duration: 18.77 seconds 
[summary] [2025-09-26T10:51:37.183Z] [INFO]  
[summary] [2025-09-26T10:51:37.183Z] [INFO] STAGE RESULTS: 
[summary] [2025-09-26T10:51:37.184Z] [INFO] Language Detection   ✅ PASS 
[summary] [2025-09-26T10:51:37.186Z] [INFO]   Languages detected: nodejs 
[summary] [2025-09-26T10:51:37.186Z] [INFO]   Primary language: nodejs 
[summary] [2025-09-26T10:51:37.186Z] [INFO] Dependency Check     ✅ PASS 
[summary] [2025-09-26T10:51:37.187Z] [INFO]   nodejs: SUCCESS 
[summary] [2025-09-26T10:51:37.187Z] [INFO] Code Quality         ❌ FAIL 
[summary] [2025-09-26T10:51:37.188Z] [INFO]   nodejs: FAILED 
[summary] [2025-09-26T10:51:37.188Z] [INFO] NPM Version Scan     ❌ FAIL 
[summary] [2025-09-26T10:51:37.189Z] [INFO]   nodejs: FAILED 
[summary] [2025-09-26T10:51:37.189Z] [INFO] Secret Detection     ✅ PASS 
[summary] [2025-09-26T10:51:37.190Z] [INFO]   secretScan: SUCCESS 
[summary] [2025-09-26T10:51:37.191Z] [INFO] SAST Scan            ✅ PASS 
[summary] [2025-09-26T10:51:37.191Z] [INFO]   coverage: SUCCESS 
[summary] [2025-09-26T10:51:37.192Z] [ERROR]  
[summary] [2025-09-26T10:51:37.193Z] [ERROR] ❌ PIPELINE FAILED: Please review the issues above. 
[summary] [2025-09-26T10:51:37.193Z] [INFO]  
[summary] [2025-09-26T10:51:37.193Z] [INFO] FINAL STATUS: FAILED 
[summary] [2025-09-26T10:51:37.193Z] [INFO] Log files location: C:\Users\hsjagad\CascadeProjects\windsurf-cicd-pipeline-pre-commit\React_demo-master\windsurf-pipeline\logs\run-2025-09-26T10-51-18-415Z 
[language-detection] [2025-09-26T10:53:37.419Z] [INFO] Starting language detection process 
[language-detection] [2025-09-26T10:53:37.419Z] [INFO] Detected Node.js via package.json in root 
[language-detection] [2025-09-26T10:53:37.421Z] [INFO] Final results: 1 languages detected 
[language-detection] [2025-09-26T10:53:37.421Z] [INFO] Languages: nodejs 
[language-detection] [2025-09-26T10:53:37.422Z] [INFO] Primary language: nodejs 
[language-detection] [2025-09-26T10:53:37.422Z] [INFO] Detection files: package.json 
[dependency-check] [2025-09-26T10:53:37.425Z] [INFO] Starting dependency check for languages: nodejs
[dependency-check] [2025-09-26T10:53:37.427Z] [INFO] Checking nodejs dependencies 
[dependency-check] [2025-09-26T10:53:41.405Z] [INFO] nodejs dependency check: SUCCESS 
[dependency-check] [2025-09-26T10:53:41.405Z] [INFO] Dependency check completed. Overall success: true 
[code-quality] [2025-09-26T10:53:41.408Z] [INFO] Starting code quality checks for languages: nodejs
[code-quality] [2025-09-26T10:53:41.409Z] [INFO] Running nodejs code quality checks 
[code-quality] [2025-09-26T10:53:49.618Z] [INFO] nodejs code quality: SUCCESS 
[code-quality] [2025-09-26T10:53:49.618Z] [INFO] Code quality checks completed. Overall success: true 
[npm-version-scan] [2025-09-26T10:53:49.620Z] [INFO] Starting npm version vulnerability scan 
[npm-version-scan] [2025-09-26T10:53:56.523Z] [ERROR] npm version scan: FAILED 
[npm-version-scan] [2025-09-26T10:53:56.524Z] [ERROR] === NPM VERSION SCAN FAILURE DETAILS === 
[npm-version-scan] [2025-09-26T10:53:56.524Z] [WARN] Outdated package: @mui/icons-material (current: 5.18.0, wanted: 5.18.0, latest: 7.3.2) 
[npm-version-scan] [2025-09-26T10:53:56.525Z] [WARN] Outdated package: @mui/material (current: 5.18.0, wanted: 5.18.0, latest: 7.3.2) 
[npm-version-scan] [2025-09-26T10:53:56.525Z] [WARN] Outdated package: husky (current: 8.0.3, wanted: 8.0.3, latest: 9.1.7) 
[npm-version-scan] [2025-09-26T10:53:56.538Z] [WARN] Outdated package: lint-staged (current: 15.5.2, wanted: 15.5.2, latest: 16.2.1) 
[npm-version-scan] [2025-09-26T10:53:56.538Z] [WARN] Outdated package: react (current: 18.3.1, wanted: 18.3.1, latest: 19.1.1) 
[npm-version-scan] [2025-09-26T10:53:56.538Z] [WARN] Outdated package: react-dom (current: 18.3.1, wanted: 18.3.1, latest: 19.1.1) 
[npm-version-scan] [2025-09-26T10:53:56.539Z] [ERROR] 9 vulnerable packages detected 
[npm-version-scan] [2025-09-26T10:53:56.539Z] [ERROR] Run 'npm audit fix' to resolve vulnerabilities 
[npm-version-scan] [2025-09-26T10:53:56.539Z] [INFO] npm version scan completed. Overall success: false 
[secret-detection] [2025-09-26T10:53:56.541Z] [INFO] Starting secret detection scan 
[secret-detection] [2025-09-26T10:53:56.586Z] [INFO] Secret detection: NO SECRETS FOUND 
[secret-detection] [2025-09-26T10:53:56.587Z] [INFO] Secret detection completed. Overall success: true 
[sast-scan] [2025-09-26T10:53:56.588Z] [INFO] Starting code coverage analysis for languages: nodejs
[sast-scan] [2025-09-26T10:53:56.594Z] [INFO] Code coverage analysis: SUCCESS 
[sast-scan] [2025-09-26T10:53:56.594Z] [INFO] === CODE COVERAGE RESULTS === 
[sast-scan] [2025-09-26T10:53:56.595Z] [INFO] Total files analyzed: 4 
[sast-scan] [2025-09-26T10:53:56.595Z] [INFO] Total lines of code: 334 
[sast-scan] [2025-09-26T10:53:56.595Z] [INFO] Average complexity: 1 
[sast-scan] [2025-09-26T10:53:56.596Z] [INFO] Code to total ratio: 92% 
[sast-scan] [2025-09-26T10:53:56.596Z] [INFO] Code coverage analysis completed. Overall success: true 
[summary] [2025-09-26T10:53:56.598Z] [INFO] PIPELINE EXECUTION SUMMARY 
[summary] [2025-09-26T10:53:56.598Z] [INFO] ================================================== 
[summary] [2025-09-26T10:53:56.599Z] [INFO] Execution started: 2025-09-26T10:53:37.369Z 
[summary] [2025-09-26T10:53:56.599Z] [INFO] Execution completed: 2025-09-26T10:53:56.599Z 
[summary] [2025-09-26T10:53:56.599Z] [INFO] Total duration: 19.23 seconds 
[summary] [2025-09-26T10:53:56.600Z] [INFO]  
[summary] [2025-09-26T10:53:56.600Z] [INFO] STAGE RESULTS: 
[summary] [2025-09-26T10:53:56.601Z] [INFO] Language Detection   ✅ PASS 
[summary] [2025-09-26T10:53:56.601Z] [INFO]   Languages detected: nodejs 
[summary] [2025-09-26T10:53:56.602Z] [INFO]   Primary language: nodejs 
[summary] [2025-09-26T10:53:56.603Z] [INFO] Dependency Check     ✅ PASS 
[summary] [2025-09-26T10:53:56.603Z] [INFO]   nodejs: SUCCESS 
[summary] [2025-09-26T10:53:56.604Z] [INFO] Code Quality         ✅ PASS 
[summary] [2025-09-26T10:53:56.604Z] [INFO]   nodejs: SUCCESS 
[summary] [2025-09-26T10:53:56.605Z] [INFO] NPM Version Scan     ❌ FAIL 
[summary] [2025-09-26T10:53:56.606Z] [INFO]   nodejs: FAILED 
[summary] [2025-09-26T10:53:56.606Z] [INFO] Secret Detection     ✅ PASS 
[summary] [2025-09-26T10:53:56.607Z] [INFO]   secretScan: SUCCESS 
[summary] [2025-09-26T10:53:56.607Z] [INFO] SAST Scan            ✅ PASS 
[summary] [2025-09-26T10:53:56.608Z] [INFO]   coverage: SUCCESS 
[summary] [2025-09-26T10:53:56.608Z] [ERROR]  
[summary] [2025-09-26T10:53:56.609Z] [ERROR] ❌ PIPELINE FAILED: Please review the issues above. 
[summary] [2025-09-26T10:53:56.609Z] [INFO]  
[summary] [2025-09-26T10:53:56.609Z] [INFO] FINAL STATUS: FAILED 
[summary] [2025-09-26T10:53:56.610Z] [INFO] Log files location: C:\Users\hsjagad\CascadeProjects\windsurf-cicd-pipeline-pre-commit\React_demo-master\windsurf-pipeline\logs\run-2025-09-26T10-53-37-370Z 
[language-detection] [2025-09-26T11:24:58.760Z] [INFO] Starting language detection process 
[language-detection] [2025-09-26T11:24:58.761Z] [INFO] Detected Node.js via package.json in root 
[language-detection] [2025-09-26T11:24:58.763Z] [INFO] Final results: 1 languages detected 
[language-detection] [2025-09-26T11:24:58.764Z] [INFO] Languages: nodejs 
[language-detection] [2025-09-26T11:24:58.764Z] [INFO] Primary language: nodejs 
[language-detection] [2025-09-26T11:24:58.764Z] [INFO] Detection files: package.json 
[dependency-check] [2025-09-26T11:24:58.767Z] [INFO] Starting dependency check for languages: nodejs
[dependency-check] [2025-09-26T11:24:58.769Z] [INFO] Checking nodejs dependencies 
[dependency-check] [2025-09-26T11:25:03.572Z] [INFO] nodejs dependency check: SUCCESS 
[dependency-check] [2025-09-26T11:25:03.572Z] [INFO] Dependency check completed. Overall success: true 
[code-quality] [2025-09-26T11:25:03.575Z] [INFO] Starting code quality checks for languages: nodejs
[code-quality] [2025-09-26T11:25:03.576Z] [INFO] Running nodejs code quality checks 
[code-quality] [2025-09-26T11:25:14.841Z] [INFO] nodejs code quality: SUCCESS 
[code-quality] [2025-09-26T11:25:14.841Z] [INFO] Code quality checks completed. Overall success: true 
[npm-version-scan] [2025-09-26T11:25:14.844Z] [INFO] Starting npm version vulnerability scan 
[npm-version-scan] [2025-09-26T11:25:25.386Z] [ERROR] npm version scan: FAILED 
[npm-version-scan] [2025-09-26T11:25:25.387Z] [ERROR] === NPM VERSION SCAN FAILURE DETAILS === 
[npm-version-scan] [2025-09-26T11:25:25.387Z] [WARN] Outdated package: @mui/icons-material (current: 5.18.0, wanted: 5.18.0, latest: 7.3.2) 
[npm-version-scan] [2025-09-26T11:25:25.388Z] [WARN] Outdated package: @mui/material (current: 5.18.0, wanted: 5.18.0, latest: 7.3.2) 
[npm-version-scan] [2025-09-26T11:25:25.389Z] [WARN] Outdated package: husky (current: 8.0.3, wanted: 8.0.3, latest: 9.1.7) 
[npm-version-scan] [2025-09-26T11:25:25.401Z] [WARN] Outdated package: lint-staged (current: 15.5.2, wanted: 15.5.2, latest: 16.2.1) 
[npm-version-scan] [2025-09-26T11:25:25.402Z] [WARN] Outdated package: react (current: 18.3.1, wanted: 18.3.1, latest: 19.1.1) 
[npm-version-scan] [2025-09-26T11:25:25.402Z] [WARN] Outdated package: react-dom (current: 18.3.1, wanted: 18.3.1, latest: 19.1.1) 
[npm-version-scan] [2025-09-26T11:25:25.403Z] [ERROR] 9 vulnerable packages detected 
[npm-version-scan] [2025-09-26T11:25:25.404Z] [ERROR] Run 'npm audit fix' to resolve vulnerabilities 
[npm-version-scan] [2025-09-26T11:25:25.404Z] [INFO] npm version scan completed. Overall success: false 
[secret-detection] [2025-09-26T11:25:25.412Z] [INFO] Starting secret detection scan 
[secret-detection] [2025-09-26T11:25:25.513Z] [INFO] Secret detection: NO SECRETS FOUND 
[secret-detection] [2025-09-26T11:25:25.514Z] [INFO] Secret detection completed. Overall success: true 
[sast-scan] [2025-09-26T11:25:25.524Z] [INFO] Starting code coverage analysis for languages: nodejs
[sast-scan] [2025-09-26T11:25:25.540Z] [INFO] Code coverage analysis: SUCCESS 
[sast-scan] [2025-09-26T11:25:25.540Z] [INFO] === CODE COVERAGE RESULTS === 
[sast-scan] [2025-09-26T11:25:25.541Z] [INFO] Total files analyzed: 4 
[sast-scan] [2025-09-26T11:25:25.542Z] [INFO] Total lines of code: 334 
[sast-scan] [2025-09-26T11:25:25.542Z] [INFO] Average complexity: 1 
[sast-scan] [2025-09-26T11:25:25.543Z] [INFO] Code to total ratio: 92% 
[sast-scan] [2025-09-26T11:25:25.543Z] [INFO] Code coverage analysis completed. Overall success: true 
[summary] [2025-09-26T11:25:25.556Z] [INFO] PIPELINE EXECUTION SUMMARY 
[summary] [2025-09-26T11:25:25.557Z] [INFO] ================================================== 
[summary] [2025-09-26T11:25:25.557Z] [INFO] Execution started: 2025-09-26T11:24:58.669Z 
[summary] [2025-09-26T11:25:25.558Z] [INFO] Execution completed: 2025-09-26T11:25:25.558Z 
[summary] [2025-09-26T11:25:25.558Z] [INFO] Total duration: 26.88 seconds 
[summary] [2025-09-26T11:25:25.559Z] [INFO]  
[summary] [2025-09-26T11:25:25.559Z] [INFO] STAGE RESULTS: 
[summary] [2025-09-26T11:25:25.565Z] [INFO] Language Detection   ✅ PASS 
[summary] [2025-09-26T11:25:25.569Z] [INFO]   Languages detected: nodejs 
[summary] [2025-09-26T11:25:25.570Z] [INFO]   Primary language: nodejs 
[summary] [2025-09-26T11:25:25.572Z] [INFO] Dependency Check     ✅ PASS 
[summary] [2025-09-26T11:25:25.573Z] [INFO]   nodejs: SUCCESS 
[summary] [2025-09-26T11:25:25.574Z] [INFO] Code Quality         ✅ PASS 
[summary] [2025-09-26T11:25:25.575Z] [INFO]   nodejs: SUCCESS 
[summary] [2025-09-26T11:25:25.585Z] [INFO] NPM Version Scan     ❌ FAIL 
[summary] [2025-09-26T11:25:25.586Z] [INFO]   nodejs: FAILED 
[summary] [2025-09-26T11:25:25.587Z] [INFO] Secret Detection     ✅ PASS 
[summary] [2025-09-26T11:25:25.588Z] [INFO]   secretScan: SUCCESS 
[summary] [2025-09-26T11:25:25.590Z] [INFO] SAST Scan            ✅ PASS 
[summary] [2025-09-26T11:25:25.591Z] [INFO]   coverage: SUCCESS 
[summary] [2025-09-26T11:25:25.593Z] [ERROR]  
[summary] [2025-09-26T11:25:25.594Z] [ERROR] ❌ PIPELINE FAILED: Please review the issues above. 
[summary] [2025-09-26T11:25:25.594Z] [INFO]  
[summary] [2025-09-26T11:25:25.595Z] [INFO] FINAL STATUS: FAILED 
[summary] [2025-09-26T11:25:25.596Z] [INFO] Log files location: C:\Users\hsjagad\CascadeProjects\windsurf-cicd-pipeline-pre-commit\React_demo-master\windsurf-pipeline\logs\run-2025-09-26T11-24-58-670Z 
[language-detection] [2025-09-26T11:29:11.655Z] [INFO] Starting language detection process 
[language-detection] [2025-09-26T11:29:11.656Z] [INFO] Detected Node.js via package.json in root 
[language-detection] [2025-09-26T11:29:11.658Z] [INFO] Final results: 1 languages detected 
[language-detection] [2025-09-26T11:29:11.658Z] [INFO] Languages: nodejs 
[language-detection] [2025-09-26T11:29:11.658Z] [INFO] Primary language: nodejs 
[language-detection] [2025-09-26T11:29:11.659Z] [INFO] Detection files: package.json 
[dependency-check] [2025-09-26T11:29:11.661Z] [INFO] Starting dependency check for languages: nodejs
[dependency-check] [2025-09-26T11:29:11.661Z] [INFO] Checking nodejs dependencies 
[dependency-check] [2025-09-26T11:29:14.489Z] [INFO] nodejs dependency check: SUCCESS 
[dependency-check] [2025-09-26T11:29:14.490Z] [INFO] Dependency check completed. Overall success: true 
[code-quality] [2025-09-26T11:29:14.492Z] [INFO] Starting code quality checks for languages: nodejs
[code-quality] [2025-09-26T11:29:14.493Z] [INFO] Running nodejs code quality checks 
[code-quality] [2025-09-26T11:29:22.254Z] [INFO] nodejs code quality: SUCCESS 
[code-quality] [2025-09-26T11:29:22.254Z] [INFO] Code quality checks completed. Overall success: true 
[npm-version-scan] [2025-09-26T11:29:22.256Z] [INFO] Starting npm version vulnerability scan 
[npm-version-scan] [2025-09-26T11:29:28.408Z] [ERROR] npm version scan: FAILED 
[npm-version-scan] [2025-09-26T11:29:28.408Z] [ERROR] === NPM VERSION SCAN FAILURE DETAILS === 
[npm-version-scan] [2025-09-26T11:29:28.409Z] [WARN] Outdated package: @mui/icons-material (current: 5.18.0, wanted: 5.18.0, latest: 7.3.2) 
[npm-version-scan] [2025-09-26T11:29:28.409Z] [WARN] Outdated package: @mui/material (current: 5.18.0, wanted: 5.18.0, latest: 7.3.2) 
[npm-version-scan] [2025-09-26T11:29:28.410Z] [WARN] Outdated package: husky (current: 8.0.3, wanted: 8.0.3, latest: 9.1.7) 
[npm-version-scan] [2025-09-26T11:29:28.410Z] [WARN] Outdated package: lint-staged (current: 15.5.2, wanted: 15.5.2, latest: 16.2.1) 
[npm-version-scan] [2025-09-26T11:29:28.411Z] [WARN] Outdated package: react (current: 18.3.1, wanted: 18.3.1, latest: 19.1.1) 
[npm-version-scan] [2025-09-26T11:29:28.411Z] [WARN] Outdated package: react-dom (current: 18.3.1, wanted: 18.3.1, latest: 19.1.1) 
[npm-version-scan] [2025-09-26T11:29:28.411Z] [ERROR] 9 vulnerable packages detected 
[npm-version-scan] [2025-09-26T11:29:28.411Z] [ERROR] Run 'npm audit fix' to resolve vulnerabilities 
[npm-version-scan] [2025-09-26T11:29:28.412Z] [INFO] npm version scan completed. Overall success: false 
[secret-detection] [2025-09-26T11:29:28.414Z] [INFO] Starting secret detection scan 
[secret-detection] [2025-09-26T11:29:28.437Z] [INFO] Secret detection: NO SECRETS FOUND 
[secret-detection] [2025-09-26T11:29:28.438Z] [INFO] Secret detection completed. Overall success: true 
[sast-scan] [2025-09-26T11:29:28.439Z] [INFO] Starting code coverage analysis for languages: nodejs
[sast-scan] [2025-09-26T11:29:28.447Z] [INFO] Code coverage analysis: SUCCESS 
[sast-scan] [2025-09-26T11:29:28.447Z] [INFO] === CODE COVERAGE RESULTS === 
[sast-scan] [2025-09-26T11:29:28.447Z] [INFO] Total files analyzed: 4 
[sast-scan] [2025-09-26T11:29:28.448Z] [INFO] Total lines of code: 334 
[sast-scan] [2025-09-26T11:29:28.448Z] [INFO] Average complexity: 1 
[sast-scan] [2025-09-26T11:29:28.449Z] [INFO] Code to total ratio: 91% 
[sast-scan] [2025-09-26T11:29:28.449Z] [INFO] Code coverage analysis completed. Overall success: true 
[summary] [2025-09-26T11:29:28.452Z] [INFO] PIPELINE EXECUTION SUMMARY 
[summary] [2025-09-26T11:29:28.453Z] [INFO] ================================================== 
[summary] [2025-09-26T11:29:28.453Z] [INFO] Execution started: 2025-09-26T11:29:11.612Z 
[summary] [2025-09-26T11:29:28.453Z] [INFO] Execution completed: 2025-09-26T11:29:28.453Z 
[summary] [2025-09-26T11:29:28.453Z] [INFO] Total duration: 16.84 seconds 
[summary] [2025-09-26T11:29:28.454Z] [INFO]  
[summary] [2025-09-26T11:29:28.454Z] [INFO] STAGE RESULTS: 
[summary] [2025-09-26T11:29:28.455Z] [INFO] Language Detection   ✅ PASS 
[summary] [2025-09-26T11:29:28.455Z] [INFO]   Languages detected: nodejs 
[summary] [2025-09-26T11:29:28.456Z] [INFO]   Primary language: nodejs 
[summary] [2025-09-26T11:29:28.456Z] [INFO] Dependency Check     ✅ PASS 
[summary] [2025-09-26T11:29:28.456Z] [INFO]   nodejs: SUCCESS 
[summary] [2025-09-26T11:29:28.457Z] [INFO] Code Quality         ✅ PASS 
[summary] [2025-09-26T11:29:28.458Z] [INFO]   nodejs: SUCCESS 
[summary] [2025-09-26T11:29:28.458Z] [INFO] NPM Version Scan     ❌ FAIL 
[summary] [2025-09-26T11:29:28.459Z] [INFO]   nodejs: FAILED 
[summary] [2025-09-26T11:29:28.459Z] [INFO] Secret Detection     ✅ PASS 
[summary] [2025-09-26T11:29:28.460Z] [INFO]   secretScan: SUCCESS 
[summary] [2025-09-26T11:29:28.460Z] [INFO] SAST Scan            ✅ PASS 
[summary] [2025-09-26T11:29:28.461Z] [INFO]   coverage: SUCCESS 
[summary] [2025-09-26T11:29:28.462Z] [ERROR]  
[summary] [2025-09-26T11:29:28.462Z] [ERROR] ❌ PIPELINE FAILED: Please review the issues above. 
[summary] [2025-09-26T11:29:28.463Z] [INFO]  
[summary] [2025-09-26T11:29:28.463Z] [INFO] FINAL STATUS: FAILED 
[summary] [2025-09-26T11:29:28.464Z] [INFO] Log files location: C:\Users\hsjagad\CascadeProjects\windsurf-cicd-pipeline-pre-commit\React_demo-master\windsurf-pipeline\logs\run-2025-09-26T11-29-11-612Z 
[language-detection] [2025-09-26T11:30:49.275Z] [INFO] Starting language detection process 
[language-detection] [2025-09-26T11:30:49.275Z] [INFO] Detected Node.js via package.json in root 
[language-detection] [2025-09-26T11:30:49.277Z] [INFO] Final results: 1 languages detected 
[language-detection] [2025-09-26T11:30:49.278Z] [INFO] Languages: nodejs 
[language-detection] [2025-09-26T11:30:49.278Z] [INFO] Primary language: nodejs 
[language-detection] [2025-09-26T11:30:49.278Z] [INFO] Detection files: package.json 
[dependency-check] [2025-09-26T11:30:49.281Z] [INFO] Starting dependency check for languages: nodejs
[dependency-check] [2025-09-26T11:30:49.282Z] [INFO] Checking nodejs dependencies 
[dependency-check] [2025-09-26T11:30:53.297Z] [INFO] nodejs dependency check: SUCCESS 
[dependency-check] [2025-09-26T11:30:53.298Z] [INFO] Dependency check completed. Overall success: true 
[code-quality] [2025-09-26T11:30:53.299Z] [INFO] Starting code quality checks for languages: nodejs
[code-quality] [2025-09-26T11:30:53.300Z] [INFO] Running nodejs code quality checks 
[code-quality] [2025-09-26T11:31:01.511Z] [INFO] nodejs code quality: SUCCESS 
[code-quality] [2025-09-26T11:31:01.511Z] [INFO] Code quality checks completed. Overall success: true 
[npm-version-scan] [2025-09-26T11:31:01.514Z] [INFO] Starting npm version vulnerability scan 
[language-detection] [2025-09-26T11:37:33.328Z] [INFO] Starting language detection process 
[language-detection] [2025-09-26T11:37:33.329Z] [INFO] Detected Node.js via package.json in root 
[language-detection] [2025-09-26T11:37:33.331Z] [INFO] Final results: 1 languages detected 
[language-detection] [2025-09-26T11:37:33.332Z] [INFO] Languages: nodejs 
[language-detection] [2025-09-26T11:37:33.332Z] [INFO] Primary language: nodejs 
[language-detection] [2025-09-26T11:37:33.332Z] [INFO] Detection files: package.json 
[dependency-check] [2025-09-26T11:37:33.335Z] [INFO] Starting dependency check for languages: nodejs
[dependency-check] [2025-09-26T11:37:33.336Z] [INFO] Checking nodejs dependencies 
[dependency-check] [2025-09-26T11:37:37.998Z] [INFO] nodejs dependency check: SUCCESS 
[dependency-check] [2025-09-26T11:37:37.998Z] [INFO] Dependency check completed. Overall success: true 
[code-quality] [2025-09-26T11:37:38.001Z] [INFO] Starting code quality checks for languages: nodejs
[code-quality] [2025-09-26T11:37:38.002Z] [INFO] Running nodejs code quality checks 
[code-quality] [2025-09-26T11:37:46.858Z] [INFO] nodejs code quality: SUCCESS 
[code-quality] [2025-09-26T11:37:46.859Z] [INFO] Code quality checks completed. Overall success: true 
[npm-version-scan] [2025-09-26T11:37:46.861Z] [INFO] Starting npm version vulnerability scan 
[npm-version-scan] [2025-09-26T11:37:54.714Z] [ERROR] npm version scan: FAILED 
[npm-version-scan] [2025-09-26T11:37:54.714Z] [ERROR] === NPM VERSION SCAN FAILURE DETAILS === 
[npm-version-scan] [2025-09-26T11:37:54.715Z] [WARN] Outdated package: @mui/icons-material (current: 5.18.0, wanted: 5.18.0, latest: 7.3.2) 
[npm-version-scan] [2025-09-26T11:37:54.715Z] [WARN] Outdated package: @mui/material (current: 5.18.0, wanted: 5.18.0, latest: 7.3.2) 
[npm-version-scan] [2025-09-26T11:37:54.716Z] [WARN] Outdated package: husky (current: 8.0.3, wanted: 8.0.3, latest: 9.1.7) 
[npm-version-scan] [2025-09-26T11:37:54.729Z] [WARN] Outdated package: lint-staged (current: 15.5.2, wanted: 15.5.2, latest: 16.2.1) 
[npm-version-scan] [2025-09-26T11:37:54.730Z] [WARN] Outdated package: react (current: 18.3.1, wanted: 18.3.1, latest: 19.1.1) 
[npm-version-scan] [2025-09-26T11:37:54.730Z] [WARN] Outdated package: react-dom (current: 18.3.1, wanted: 18.3.1, latest: 19.1.1) 
[npm-version-scan] [2025-09-26T11:37:54.731Z] [ERROR] 9 vulnerable packages detected 
[npm-version-scan] [2025-09-26T11:37:54.731Z] [ERROR] Run 'npm audit fix' to resolve vulnerabilities 
[npm-version-scan] [2025-09-26T11:37:54.731Z] [INFO] npm version scan completed. Overall success: false 
[secret-detection] [2025-09-26T11:37:54.734Z] [INFO] Starting secret detection scan 
[secret-detection] [2025-09-26T11:37:54.761Z] [INFO] Secret detection: NO SECRETS FOUND 
[secret-detection] [2025-09-26T11:37:54.761Z] [INFO] Secret detection completed. Overall success: true 
[sast-scan] [2025-09-26T11:37:54.763Z] [INFO] Starting code coverage analysis for languages: nodejs
[sast-scan] [2025-09-26T11:37:54.770Z] [INFO] Code coverage analysis: SUCCESS 
[sast-scan] [2025-09-26T11:37:54.770Z] [INFO] === CODE COVERAGE RESULTS === 
[sast-scan] [2025-09-26T11:37:54.771Z] [INFO] Total files analyzed: 4 
[sast-scan] [2025-09-26T11:37:54.771Z] [INFO] Total lines of code: 334 
[sast-scan] [2025-09-26T11:37:54.771Z] [INFO] Average complexity: 1 
[sast-scan] [2025-09-26T11:37:54.772Z] [INFO] Code to total ratio: 91% 
[sast-scan] [2025-09-26T11:37:54.772Z] [INFO] Code coverage analysis completed. Overall success: true 
[summary] [2025-09-26T11:37:54.773Z] [INFO] PIPELINE EXECUTION SUMMARY 
[summary] [2025-09-26T11:37:54.774Z] [INFO] ================================================== 
[summary] [2025-09-26T11:37:54.774Z] [INFO] Execution started: 2025-09-26T11:37:33.263Z 
[summary] [2025-09-26T11:37:54.775Z] [INFO] Execution completed: 2025-09-26T11:37:54.775Z 
[summary] [2025-09-26T11:37:54.775Z] [INFO] Total duration: 21.51 seconds 
[summary] [2025-09-26T11:37:54.775Z] [INFO]  
[summary] [2025-09-26T11:37:54.776Z] [INFO] STAGE RESULTS: 
[summary] [2025-09-26T11:37:54.776Z] [INFO] Language Detection   ✅ PASS 
[summary] [2025-09-26T11:37:54.777Z] [INFO]   Languages detected: nodejs 
[summary] [2025-09-26T11:37:54.777Z] [INFO]   Primary language: nodejs 
[summary] [2025-09-26T11:37:54.778Z] [INFO] Dependency Check     ✅ PASS 
[summary] [2025-09-26T11:37:54.778Z] [INFO]   nodejs: SUCCESS 
[summary] [2025-09-26T11:37:54.779Z] [INFO] Code Quality         ✅ PASS 
[summary] [2025-09-26T11:37:54.779Z] [INFO]   nodejs: SUCCESS 
[summary] [2025-09-26T11:37:54.780Z] [INFO] NPM Version Scan     ❌ FAIL 
[summary] [2025-09-26T11:37:54.780Z] [INFO]   nodejs: FAILED 
[summary] [2025-09-26T11:37:54.781Z] [INFO] Secret Detection     ✅ PASS 
[summary] [2025-09-26T11:37:54.781Z] [INFO]   secretScan: SUCCESS 
[summary] [2025-09-26T11:37:54.782Z] [INFO] SAST Scan            ✅ PASS 
[summary] [2025-09-26T11:37:54.782Z] [INFO]   coverage: SUCCESS 
[summary] [2025-09-26T11:37:54.784Z] [ERROR]  
[summary] [2025-09-26T11:37:54.784Z] [ERROR] ❌ PIPELINE FAILED: Please review the issues above. 
[summary] [2025-09-26T11:37:54.785Z] [INFO]  
[summary] [2025-09-26T11:37:54.785Z] [INFO] FINAL STATUS: FAILED 
[summary] [2025-09-26T11:37:54.785Z] [INFO] Log files location: C:\Users\hsjagad\CascadeProjects\windsurf-cicd-pipeline-pre-commit\React_demo-master\windsurf-pipeline\logs\run-2025-09-26T11-37-33-264Z 
[language-detection] [2025-09-26T11:38:55.276Z] [INFO] Starting language detection process 
[language-detection] [2025-09-26T11:38:55.276Z] [INFO] Detected Node.js via package.json in root 
[language-detection] [2025-09-26T11:38:55.278Z] [INFO] Final results: 1 languages detected 
[language-detection] [2025-09-26T11:38:55.278Z] [INFO] Languages: nodejs 
[language-detection] [2025-09-26T11:38:55.279Z] [INFO] Primary language: nodejs 
[language-detection] [2025-09-26T11:38:55.279Z] [INFO] Detection files: package.json 
[dependency-check] [2025-09-26T11:38:55.282Z] [INFO] Starting dependency check for languages: nodejs
[dependency-check] [2025-09-26T11:38:55.282Z] [INFO] Checking nodejs dependencies 
[dependency-check] [2025-09-26T11:38:59.313Z] [INFO] nodejs dependency check: SUCCESS 
[dependency-check] [2025-09-26T11:38:59.314Z] [INFO] Dependency check completed. Overall success: true 
[code-quality] [2025-09-26T11:38:59.317Z] [INFO] Starting code quality checks for languages: nodejs
[code-quality] [2025-09-26T11:38:59.319Z] [INFO] Running nodejs code quality checks 
[code-quality] [2025-09-26T11:39:08.220Z] [INFO] nodejs code quality: SUCCESS 
[code-quality] [2025-09-26T11:39:08.220Z] [INFO] Code quality checks completed. Overall success: true 
[npm-version-scan] [2025-09-26T11:39:08.222Z] [INFO] Starting npm version vulnerability scan 
[npm-version-scan] [2025-09-26T11:39:38.292Z] [INFO] npm version scan: SUCCESS 
[npm-version-scan] [2025-09-26T11:39:38.293Z] [INFO] npm version scan completed. Overall success: true 
[secret-detection] [2025-09-26T11:39:38.296Z] [INFO] Starting secret detection scan 
[secret-detection] [2025-09-26T11:39:38.331Z] [INFO] Secret detection: NO SECRETS FOUND 
[secret-detection] [2025-09-26T11:39:38.332Z] [INFO] Secret detection completed. Overall success: true 
[sast-scan] [2025-09-26T11:39:38.333Z] [INFO] Starting code coverage analysis for languages: nodejs
[sast-scan] [2025-09-26T11:39:38.341Z] [INFO] Code coverage analysis: SUCCESS 
[sast-scan] [2025-09-26T11:39:38.341Z] [INFO] === CODE COVERAGE RESULTS === 
[sast-scan] [2025-09-26T11:39:38.341Z] [INFO] Total files analyzed: 4 
[sast-scan] [2025-09-26T11:39:38.342Z] [INFO] Total lines of code: 334 
[sast-scan] [2025-09-26T11:39:38.342Z] [INFO] Average complexity: 1 
[sast-scan] [2025-09-26T11:39:38.342Z] [INFO] Code to total ratio: 91% 
[sast-scan] [2025-09-26T11:39:38.342Z] [INFO] Code coverage analysis completed. Overall success: true 
[summary] [2025-09-26T11:39:38.357Z] [INFO] PIPELINE EXECUTION SUMMARY 
[summary] [2025-09-26T11:39:38.358Z] [INFO] ================================================== 
[summary] [2025-09-26T11:39:38.358Z] [INFO] Execution started: 2025-09-26T11:38:55.224Z 
[summary] [2025-09-26T11:39:38.359Z] [INFO] Execution completed: 2025-09-26T11:39:38.359Z 
[summary] [2025-09-26T11:39:38.359Z] [INFO] Total duration: 43.13 seconds 
[summary] [2025-09-26T11:39:38.360Z] [INFO]  
[summary] [2025-09-26T11:39:38.360Z] [INFO] STAGE RESULTS: 
[summary] [2025-09-26T11:39:38.361Z] [INFO] Language Detection   ✅ PASS 
[summary] [2025-09-26T11:39:38.362Z] [INFO]   Languages detected: nodejs 
[summary] [2025-09-26T11:39:38.362Z] [INFO]   Primary language: nodejs 
[summary] [2025-09-26T11:39:38.363Z] [INFO] Dependency Check     ✅ PASS 
[summary] [2025-09-26T11:39:38.363Z] [INFO]   nodejs: SUCCESS 
[summary] [2025-09-26T11:39:38.364Z] [INFO] Code Quality         ✅ PASS 
[summary] [2025-09-26T11:39:38.365Z] [INFO]   nodejs: SUCCESS 
[summary] [2025-09-26T11:39:38.366Z] [INFO] NPM Version Scan     ✅ PASS 
[summary] [2025-09-26T11:39:38.366Z] [INFO]   nodejs: SUCCESS 
[summary] [2025-09-26T11:39:38.367Z] [INFO] Secret Detection     ✅ PASS 
[summary] [2025-09-26T11:39:38.368Z] [INFO]   secretScan: SUCCESS 
[summary] [2025-09-26T11:39:38.368Z] [INFO] SAST Scan            ✅ PASS 
[summary] [2025-09-26T11:39:38.369Z] [INFO]   coverage: SUCCESS 
[summary] [2025-09-26T11:39:38.370Z] [INFO]  
[summary] [2025-09-26T11:39:38.370Z] [INFO] 🎉 PIPELINE SUCCESS: All checks passed! Code is ready for deployment. 
[summary] [2025-09-26T11:39:38.371Z] [INFO]  
[summary] [2025-09-26T11:39:38.371Z] [INFO] FINAL STATUS: SUCCESS 
[summary] [2025-09-26T11:39:38.372Z] [INFO] Log files location: C:\Users\hsjagad\CascadeProjects\windsurf-cicd-pipeline-pre-commit\React_demo-master\windsurf-pipeline\logs\run-2025-09-26T11-38-55-224Z 
[language-detection] [2025-09-26T11:40:21.009Z] [INFO] Starting language detection process 
[language-detection] [2025-09-26T11:40:21.009Z] [INFO] Detected Node.js via package.json in root 
[language-detection] [2025-09-26T11:40:21.011Z] [INFO] Final results: 1 languages detected 
[language-detection] [2025-09-26T11:40:21.011Z] [INFO] Languages: nodejs 
[language-detection] [2025-09-26T11:40:21.012Z] [INFO] Primary language: nodejs 
[language-detection] [2025-09-26T11:40:21.012Z] [INFO] Detection files: package.json 
[dependency-check] [2025-09-26T11:40:21.014Z] [INFO] Starting dependency check for languages: nodejs
[dependency-check] [2025-09-26T11:40:21.015Z] [INFO] Checking nodejs dependencies 
[dependency-check] [2025-09-26T11:40:25.211Z] [INFO] nodejs dependency check: SUCCESS 
[dependency-check] [2025-09-26T11:40:25.211Z] [INFO] Dependency check completed. Overall success: true 
[code-quality] [2025-09-26T11:40:25.214Z] [INFO] Starting code quality checks for languages: nodejs
[code-quality] [2025-09-26T11:40:25.215Z] [INFO] Running nodejs code quality checks 
[code-quality] [2025-09-26T11:40:35.388Z] [INFO] nodejs code quality: SUCCESS 
[code-quality] [2025-09-26T11:40:35.389Z] [INFO] Code quality checks completed. Overall success: true 
[npm-version-scan] [2025-09-26T11:40:35.393Z] [INFO] Starting npm version vulnerability scan 
[npm-version-scan] [2025-09-26T11:40:44.150Z] [ERROR] npm version scan: FAILED 
[npm-version-scan] [2025-09-26T11:40:44.150Z] [ERROR] === NPM VERSION SCAN FAILURE DETAILS === 
[npm-version-scan] [2025-09-26T11:40:44.151Z] [WARN] Outdated package: @mui/icons-material (current: 5.18.0, wanted: 5.18.0, latest: 7.3.2) 
[npm-version-scan] [2025-09-26T11:40:44.152Z] [WARN] Outdated package: @mui/material (current: 5.18.0, wanted: 5.18.0, latest: 7.3.2) 
[npm-version-scan] [2025-09-26T11:40:44.152Z] [WARN] Outdated package: husky (current: 8.0.3, wanted: 8.0.3, latest: 9.1.7) 
[npm-version-scan] [2025-09-26T11:40:44.153Z] [WARN] Outdated package: lint-staged (current: 15.5.2, wanted: 15.5.2, latest: 16.2.1) 
[npm-version-scan] [2025-09-26T11:40:44.153Z] [WARN] Outdated package: react (current: 18.3.1, wanted: 18.3.1, latest: 19.1.1) 
[npm-version-scan] [2025-09-26T11:40:44.153Z] [WARN] Outdated package: react-dom (current: 18.3.1, wanted: 18.3.1, latest: 19.1.1) 
[npm-version-scan] [2025-09-26T11:40:44.154Z] [ERROR] 9 vulnerable packages detected 
[npm-version-scan] [2025-09-26T11:40:44.154Z] [ERROR] Run 'npm audit fix' to resolve vulnerabilities 
[npm-version-scan] [2025-09-26T11:40:44.154Z] [INFO] npm version scan completed. Overall success: false 
[secret-detection] [2025-09-26T11:40:44.157Z] [INFO] Starting secret detection scan 
[secret-detection] [2025-09-26T11:40:44.200Z] [INFO] Secret detection: NO SECRETS FOUND 
[secret-detection] [2025-09-26T11:40:44.201Z] [INFO] Secret detection completed. Overall success: true 
[sast-scan] [2025-09-26T11:40:44.203Z] [INFO] Starting code coverage analysis for languages: nodejs
[sast-scan] [2025-09-26T11:40:44.210Z] [INFO] Code coverage analysis: SUCCESS 
[sast-scan] [2025-09-26T11:40:44.211Z] [INFO] === CODE COVERAGE RESULTS === 
[sast-scan] [2025-09-26T11:40:44.211Z] [INFO] Total files analyzed: 4 
[sast-scan] [2025-09-26T11:40:44.212Z] [INFO] Total lines of code: 334 
[sast-scan] [2025-09-26T11:40:44.213Z] [INFO] Average complexity: 1 
[sast-scan] [2025-09-26T11:40:44.214Z] [INFO] Code to total ratio: 91% 
[sast-scan] [2025-09-26T11:40:44.214Z] [INFO] Code coverage analysis completed. Overall success: true 
[summary] [2025-09-26T11:40:44.216Z] [INFO] PIPELINE EXECUTION SUMMARY 
[summary] [2025-09-26T11:40:44.217Z] [INFO] ================================================== 
[summary] [2025-09-26T11:40:44.218Z] [INFO] Execution started: 2025-09-26T11:40:20.947Z 
[summary] [2025-09-26T11:40:44.218Z] [INFO] Execution completed: 2025-09-26T11:40:44.218Z 
[summary] [2025-09-26T11:40:44.219Z] [INFO] Total duration: 23.27 seconds 
[summary] [2025-09-26T11:40:44.219Z] [INFO]  
[summary] [2025-09-26T11:40:44.220Z] [INFO] STAGE RESULTS: 
[summary] [2025-09-26T11:40:44.221Z] [INFO] Language Detection   ✅ PASS 
[summary] [2025-09-26T11:40:44.221Z] [INFO]   Languages detected: nodejs 
[summary] [2025-09-26T11:40:44.222Z] [INFO]   Primary language: nodejs 
[summary] [2025-09-26T11:40:44.222Z] [INFO] Dependency Check     ✅ PASS 
[summary] [2025-09-26T11:40:44.223Z] [INFO]   nodejs: SUCCESS 
[summary] [2025-09-26T11:40:44.223Z] [INFO] Code Quality         ✅ PASS 
[summary] [2025-09-26T11:40:44.224Z] [INFO]   nodejs: SUCCESS 
[summary] [2025-09-26T11:40:44.225Z] [INFO] NPM Version Scan     ❌ FAIL 
[summary] [2025-09-26T11:40:44.225Z] [INFO]   nodejs: FAILED 
[summary] [2025-09-26T11:40:44.226Z] [INFO] Secret Detection     ✅ PASS 
[summary] [2025-09-26T11:40:44.227Z] [INFO]   secretScan: SUCCESS 
[summary] [2025-09-26T11:40:44.227Z] [INFO] SAST Scan            ✅ PASS 
[summary] [2025-09-26T11:40:44.228Z] [INFO]   coverage: SUCCESS 
[summary] [2025-09-26T11:40:44.231Z] [ERROR]  
[summary] [2025-09-26T11:40:44.231Z] [ERROR] ❌ PIPELINE FAILED: Please review the issues above. 
[summary] [2025-09-26T11:40:44.232Z] [INFO]  
[summary] [2025-09-26T11:40:44.232Z] [INFO] FINAL STATUS: FAILED 
[summary] [2025-09-26T11:40:44.232Z] [INFO] Log files location: C:\Users\hsjagad\CascadeProjects\windsurf-cicd-pipeline-pre-commit\React_demo-master\windsurf-pipeline\logs\run-2025-09-26T11-40-20-948Z 
[language-detection] [2025-09-26T11:55:55.642Z] [INFO] Starting language detection process 
[language-detection] [2025-09-26T11:55:55.644Z] [INFO] Detected Node.js via package.json in root 
[language-detection] [2025-09-26T11:55:55.649Z] [INFO] Final results: 1 languages detected 
[language-detection] [2025-09-26T11:55:55.650Z] [INFO] Languages: nodejs 
[language-detection] [2025-09-26T11:55:55.651Z] [INFO] Primary language: nodejs 
[language-detection] [2025-09-26T11:55:55.652Z] [INFO] Detection files: package.json 
[dependency-check] [2025-09-26T11:55:55.663Z] [INFO] Starting dependency check for languages: nodejs
[dependency-check] [2025-09-26T11:55:55.665Z] [INFO] Checking nodejs dependencies 
[dependency-check] [2025-09-26T11:56:05.759Z] [INFO] nodejs dependency check: SUCCESS 
[dependency-check] [2025-09-26T11:56:05.761Z] [INFO] Dependency check completed. Overall success: true 
[code-quality] [2025-09-26T11:56:05.770Z] [INFO] Starting code quality checks for languages: nodejs
[code-quality] [2025-09-26T11:56:05.772Z] [INFO] Running nodejs code quality checks 
[code-quality] [2025-09-26T11:56:35.644Z] [INFO] nodejs code quality: SUCCESS 
[code-quality] [2025-09-26T11:56:35.646Z] [INFO] Code quality checks completed. Overall success: true 
[npm-version-scan] [2025-09-26T11:56:35.652Z] [INFO] Starting npm version vulnerability scan 
[npm-version-scan] [2025-09-26T11:57:01.119Z] [ERROR] npm version scan: FAILED 
[npm-version-scan] [2025-09-26T11:57:01.120Z] [ERROR] === NPM VERSION SCAN FAILURE DETAILS === 
[npm-version-scan] [2025-09-26T11:57:01.121Z] [ERROR] 9 vulnerable packages detected 
[npm-version-scan] [2025-09-26T11:57:01.123Z] [ERROR] Run 'npm audit fix' to resolve vulnerabilities 
[npm-version-scan] [2025-09-26T11:57:01.124Z] [INFO] npm version scan completed. Overall success: false 
[secret-detection] [2025-09-26T11:57:01.135Z] [INFO] Starting secret detection scan 
[secret-detection] [2025-09-26T11:57:01.228Z] [INFO] Secret detection: NO SECRETS FOUND 
[secret-detection] [2025-09-26T11:57:01.229Z] [INFO] Secret detection completed. Overall success: true 
[sast-scan] [2025-09-26T11:57:01.240Z] [INFO] Starting code coverage analysis for languages: nodejs
[sast-scan] [2025-09-26T11:57:01.267Z] [INFO] Code coverage analysis: SUCCESS 
[sast-scan] [2025-09-26T11:57:01.271Z] [INFO] === CODE COVERAGE RESULTS === 
[sast-scan] [2025-09-26T11:57:01.276Z] [INFO] Total files analyzed: 4 
[sast-scan] [2025-09-26T11:57:01.277Z] [INFO] Total lines of code: 334 
[sast-scan] [2025-09-26T11:57:01.279Z] [INFO] Average complexity: 1 
[sast-scan] [2025-09-26T11:57:01.280Z] [INFO] Code to total ratio: 91% 
[sast-scan] [2025-09-26T11:57:01.282Z] [INFO] Code coverage analysis completed. Overall success: true 
[summary] [2025-09-26T11:57:01.307Z] [INFO] PIPELINE EXECUTION SUMMARY 
[summary] [2025-09-26T11:57:01.312Z] [INFO] ================================================== 
[summary] [2025-09-26T11:57:01.314Z] [INFO] Execution started: 2025-09-26T11:55:55.434Z 
[summary] [2025-09-26T11:57:01.317Z] [INFO] Execution completed: 2025-09-26T11:57:01.317Z 
[summary] [2025-09-26T11:57:01.320Z] [INFO] Total duration: 65.86 seconds 
[summary] [2025-09-26T11:57:01.323Z] [INFO]  
[summary] [2025-09-26T11:57:01.325Z] [INFO] STAGE RESULTS: 
[summary] [2025-09-26T11:57:01.327Z] [INFO] Language Detection   ✅ PASS 
[summary] [2025-09-26T11:57:01.331Z] [INFO]   Languages detected: nodejs 
[summary] [2025-09-26T11:57:01.335Z] [INFO]   Primary language: nodejs 
[summary] [2025-09-26T11:57:01.339Z] [INFO] Dependency Check     ✅ PASS 
[summary] [2025-09-26T11:57:01.342Z] [INFO]   nodejs: SUCCESS 
[summary] [2025-09-26T11:57:01.344Z] [INFO] Code Quality         ✅ PASS 
[summary] [2025-09-26T11:57:01.345Z] [INFO]   nodejs: SUCCESS 
[summary] [2025-09-26T11:57:01.349Z] [INFO] NPM Version Scan     ❌ FAIL 
[summary] [2025-09-26T11:57:01.364Z] [INFO]   nodejs: FAILED 
[summary] [2025-09-26T11:57:01.376Z] [INFO] Secret Detection     ✅ PASS 
[summary] [2025-09-26T11:57:01.378Z] [INFO]   secretScan: SUCCESS 
[summary] [2025-09-26T11:57:01.381Z] [INFO] SAST Scan            ✅ PASS 
[summary] [2025-09-26T11:57:01.383Z] [INFO]   coverage: SUCCESS 
[summary] [2025-09-26T11:57:01.388Z] [ERROR]  
[summary] [2025-09-26T11:57:01.390Z] [ERROR] ❌ PIPELINE FAILED: Please review the issues above. 
[summary] [2025-09-26T11:57:01.391Z] [INFO]  
[summary] [2025-09-26T11:57:01.392Z] [INFO] FINAL STATUS: FAILED 
[summary] [2025-09-26T11:57:01.393Z] [INFO] Log files location: C:\Users\hsjagad\CascadeProjects\windsurf-cicd-pipeline-pre-commit\React_demo-master\windsurf-pipeline\logs\run-2025-09-26T11-55-55-436Z 
[language-detection] [2025-09-26T12:37:18.509Z] [INFO] Starting language detection process 
[language-detection] [2025-09-26T12:37:18.510Z] [INFO] Detected Node.js via package.json in root 
[language-detection] [2025-09-26T12:37:18.513Z] [INFO] Final results: 1 languages detected 
[language-detection] [2025-09-26T12:37:18.513Z] [INFO] Languages: nodejs 
[language-detection] [2025-09-26T12:37:18.514Z] [INFO] Primary language: nodejs 
[language-detection] [2025-09-26T12:37:18.514Z] [INFO] Detection files: package.json 
[dependency-check] [2025-09-26T12:37:18.520Z] [INFO] Starting dependency check for languages: nodejs
[dependency-check] [2025-09-26T12:37:18.521Z] [INFO] Checking nodejs dependencies 
[dependency-check] [2025-09-26T12:37:28.635Z] [INFO] nodejs dependency check: SUCCESS 
[dependency-check] [2025-09-26T12:37:28.637Z] [INFO] Dependency check completed. Overall success: true 
[code-quality] [2025-09-26T12:37:28.648Z] [INFO] Starting code quality checks for languages: nodejs
[code-quality] [2025-09-26T12:37:28.666Z] [INFO] Running nodejs code quality checks 
[language-detection] [2025-09-26T12:42:54.521Z] [INFO] Starting language detection process 
[language-detection] [2025-09-26T12:42:54.522Z] [INFO] Detected Node.js via package.json in root 
[language-detection] [2025-09-26T12:42:54.526Z] [INFO] Final results: 1 languages detected 
[language-detection] [2025-09-26T12:42:54.527Z] [INFO] Languages: nodejs 
[language-detection] [2025-09-26T12:42:54.527Z] [INFO] Primary language: nodejs 
[language-detection] [2025-09-26T12:42:54.527Z] [INFO] Detection files: package.json 
[dependency-check] [2025-09-26T12:42:54.530Z] [INFO] Starting dependency check for languages: nodejs
[dependency-check] [2025-09-26T12:42:54.531Z] [INFO] Checking nodejs dependencies 
[dependency-check] [2025-09-26T12:43:02.894Z] [INFO] nodejs dependency check: SUCCESS 
[dependency-check] [2025-09-26T12:43:02.894Z] [INFO] Dependency check completed. Overall success: true 
[code-quality] [2025-09-26T12:43:02.896Z] [INFO] Starting code quality checks for languages: nodejs
[code-quality] [2025-09-26T12:43:02.897Z] [INFO] Running nodejs code quality checks 
[code-quality] [2025-09-26T12:43:11.639Z] [ERROR] nodejs code quality: FAILED 
[code-quality] [2025-09-26T12:43:11.640Z] [ERROR] === NODEJS CODE QUALITY FAILURE DETAILS === 
[code-quality] [2025-09-26T12:43:11.640Z] [ERROR] PRETTIER FAILED: 
[code-quality] [2025-09-26T12:43:11.641Z] [ERROR] Output: Checking formatting...
 
[code-quality] [2025-09-26T12:43:11.641Z] [ERROR] Error: [[33mwarn[39m] src/App.js
[[33mwarn[39m] Code style issues found in the above file. Run Prettier with --write to fix.
 
[code-quality] [2025-09-26T12:43:11.653Z] [ERROR] Error Message: Command failed: npx prettier --check src/ --ignore-unknown
[[33mwarn[39m] src/App.js
[[33mwarn[39m] Code style issues found in the above file. Run Prettier with --write to fix.
 
[code-quality] [2025-09-26T12:43:11.653Z] [INFO] Code quality checks completed. Overall success: false 
[npm-version-scan] [2025-09-26T12:43:11.655Z] [INFO] Starting npm version vulnerability scan 
[npm-version-scan] [2025-09-26T12:43:31.566Z] [ERROR] npm version scan: FAILED 
[npm-version-scan] [2025-09-26T12:43:31.566Z] [ERROR] === NPM VERSION SCAN FAILURE DETAILS === 
[npm-version-scan] [2025-09-26T12:43:31.566Z] [ERROR] 5 critical production vulnerabilities detected 
[npm-version-scan] [2025-09-26T12:43:31.567Z] [ERROR] Run 'npm audit fix' to resolve critical vulnerabilities 
[npm-version-scan] [2025-09-26T12:43:31.567Z] [INFO] 72 total vulnerabilities found (67 dev-tool, 5 production) 
[npm-version-scan] [2025-09-26T12:43:31.580Z] [INFO] npm version scan completed. Overall success: false 
[secret-detection] [2025-09-26T12:43:31.584Z] [INFO] Starting secret detection scan 
[secret-detection] [2025-09-26T12:43:31.623Z] [INFO] Secret detection: NO SECRETS FOUND 
[secret-detection] [2025-09-26T12:43:31.623Z] [INFO] Secret detection completed. Overall success: true 
[sast-scan] [2025-09-26T12:43:31.625Z] [INFO] Starting code coverage analysis for languages: nodejs
[sast-scan] [2025-09-26T12:43:31.632Z] [INFO] Code coverage analysis: SUCCESS 
[sast-scan] [2025-09-26T12:43:31.633Z] [INFO] === CODE COVERAGE RESULTS === 
[sast-scan] [2025-09-26T12:43:31.633Z] [INFO] Total files analyzed: 4 
[sast-scan] [2025-09-26T12:43:31.634Z] [INFO] Total lines of code: 334 
[sast-scan] [2025-09-26T12:43:31.634Z] [INFO] Average complexity: 1 
[sast-scan] [2025-09-26T12:43:31.634Z] [INFO] Code to total ratio: 91% 
[sast-scan] [2025-09-26T12:43:31.635Z] [INFO] Code coverage analysis completed. Overall success: true 
[summary] [2025-09-26T12:43:31.636Z] [INFO] PIPELINE EXECUTION SUMMARY 
[summary] [2025-09-26T12:43:31.637Z] [INFO] ================================================== 
[summary] [2025-09-26T12:43:31.637Z] [INFO] Execution started: 2025-09-26T12:42:54.466Z 
[summary] [2025-09-26T12:43:31.637Z] [INFO] Execution completed: 2025-09-26T12:43:31.637Z 
[summary] [2025-09-26T12:43:31.638Z] [INFO] Total duration: 37.17 seconds 
[summary] [2025-09-26T12:43:31.638Z] [INFO]  
[summary] [2025-09-26T12:43:31.638Z] [INFO] STAGE RESULTS: 
[summary] [2025-09-26T12:43:31.639Z] [INFO] Language Detection   ✅ PASS 
[summary] [2025-09-26T12:43:31.640Z] [INFO]   Languages detected: nodejs 
[summary] [2025-09-26T12:43:31.640Z] [INFO]   Primary language: nodejs 
[summary] [2025-09-26T12:43:31.642Z] [INFO] Dependency Check     ✅ PASS 
[summary] [2025-09-26T12:43:31.643Z] [INFO]   nodejs: SUCCESS 
[summary] [2025-09-26T12:43:31.643Z] [INFO] Code Quality         ❌ FAIL 
[summary] [2025-09-26T12:43:31.644Z] [INFO]   nodejs: FAILED 
[summary] [2025-09-26T12:43:31.644Z] [INFO] NPM Version Scan     ❌ FAIL 
[summary] [2025-09-26T12:43:31.645Z] [INFO]   nodejs: FAILED 
[summary] [2025-09-26T12:43:31.646Z] [INFO] Secret Detection     ✅ PASS 
[summary] [2025-09-26T12:43:31.646Z] [INFO]   secretScan: SUCCESS 
[summary] [2025-09-26T12:43:31.647Z] [INFO] SAST Scan            ✅ PASS 
[summary] [2025-09-26T12:43:31.648Z] [INFO]   coverage: SUCCESS 
[summary] [2025-09-26T12:43:31.649Z] [ERROR]  
[summary] [2025-09-26T12:43:31.650Z] [ERROR] ❌ PIPELINE FAILED: Please review the issues above. 
[summary] [2025-09-26T12:43:31.651Z] [INFO]  
[summary] [2025-09-26T12:43:31.651Z] [INFO] FINAL STATUS: FAILED 
[summary] [2025-09-26T12:43:31.652Z] [INFO] Log files location: C:\Users\hsjagad\CascadeProjects\windsurf-cicd-pipeline-pre-commit\React_demo-master\windsurf-pipeline\logs\run-2025-09-26T12-42-54-466Z 
[code-quality] [2025-09-26T12:43:44.912Z] [ERROR] nodejs code quality: FAILED 
[code-quality] [2025-09-26T12:43:44.913Z] [ERROR] === NODEJS CODE QUALITY FAILURE DETAILS === 
[code-quality] [2025-09-26T12:43:44.913Z] [ERROR] PRETTIER FAILED: 
[code-quality] [2025-09-26T12:43:44.914Z] [ERROR] Output: Checking formatting...
 
[code-quality] [2025-09-26T12:43:44.914Z] [ERROR] Error: [[33mwarn[39m] src/App.js
[[33mwarn[39m] Code style issues found in the above file. Run Prettier with --write to fix.
 
[code-quality] [2025-09-26T12:43:44.926Z] [ERROR] Error Message: Command failed: npx prettier --check src/ --ignore-unknown
[[33mwarn[39m] src/App.js
[[33mwarn[39m] Code style issues found in the above file. Run Prettier with --write to fix.
 
[code-quality] [2025-09-26T12:43:44.927Z] [INFO] Code quality checks completed. Overall success: false 
[npm-version-scan] [2025-09-26T12:43:44.930Z] [INFO] Starting npm version vulnerability scan 
[npm-version-scan] [2025-09-26T12:43:56.074Z] [ERROR] npm version scan: FAILED 
[npm-version-scan] [2025-09-26T12:43:56.074Z] [ERROR] === NPM VERSION SCAN FAILURE DETAILS === 
[npm-version-scan] [2025-09-26T12:43:56.074Z] [ERROR] 5 critical production vulnerabilities detected 
[npm-version-scan] [2025-09-26T12:43:56.075Z] [ERROR] Run 'npm audit fix' to resolve critical vulnerabilities 
[npm-version-scan] [2025-09-26T12:43:56.075Z] [INFO] 7 outdated packages found (non-blocking) 
[npm-version-scan] [2025-09-26T12:43:56.076Z] [INFO] 72 total vulnerabilities found (67 dev-tool, 5 production) 
[npm-version-scan] [2025-09-26T12:43:56.088Z] [INFO] npm version scan completed. Overall success: false 
[secret-detection] [2025-09-26T12:43:56.091Z] [INFO] Starting secret detection scan 
[secret-detection] [2025-09-26T12:43:56.125Z] [INFO] Secret detection: NO SECRETS FOUND 
[secret-detection] [2025-09-26T12:43:56.125Z] [INFO] Secret detection completed. Overall success: true 
[sast-scan] [2025-09-26T12:43:56.127Z] [INFO] Starting code coverage analysis for languages: nodejs
[sast-scan] [2025-09-26T12:43:56.135Z] [INFO] Code coverage analysis: SUCCESS 
[sast-scan] [2025-09-26T12:43:56.135Z] [INFO] === CODE COVERAGE RESULTS === 
[sast-scan] [2025-09-26T12:43:56.136Z] [INFO] Total files analyzed: 4 
[sast-scan] [2025-09-26T12:43:56.136Z] [INFO] Total lines of code: 334 
[sast-scan] [2025-09-26T12:43:56.136Z] [INFO] Average complexity: 1 
[sast-scan] [2025-09-26T12:43:56.137Z] [INFO] Code to total ratio: 91% 
[sast-scan] [2025-09-26T12:43:56.137Z] [INFO] Code coverage analysis completed. Overall success: true 
[summary] [2025-09-26T12:43:56.139Z] [INFO] PIPELINE EXECUTION SUMMARY 
[summary] [2025-09-26T12:43:56.140Z] [INFO] ================================================== 
[summary] [2025-09-26T12:43:56.140Z] [INFO] Execution started: 2025-09-26T12:37:18.419Z 
[summary] [2025-09-26T12:43:56.141Z] [INFO] Execution completed: 2025-09-26T12:43:56.141Z 
[summary] [2025-09-26T12:43:56.141Z] [INFO] Total duration: 397.72 seconds 
[summary] [2025-09-26T12:43:56.141Z] [INFO]  
[summary] [2025-09-26T12:43:56.142Z] [INFO] STAGE RESULTS: 
[summary] [2025-09-26T12:43:56.142Z] [INFO] Language Detection   ✅ PASS 
[summary] [2025-09-26T12:43:56.143Z] [INFO]   Languages detected: nodejs 
[summary] [2025-09-26T12:43:56.144Z] [INFO]   Primary language: nodejs 
[summary] [2025-09-26T12:43:56.144Z] [INFO] Dependency Check     ✅ PASS 
[summary] [2025-09-26T12:43:56.145Z] [INFO]   nodejs: SUCCESS 
[summary] [2025-09-26T12:43:56.146Z] [INFO] Code Quality         ❌ FAIL 
[summary] [2025-09-26T12:43:56.147Z] [INFO]   nodejs: FAILED 
[summary] [2025-09-26T12:43:56.147Z] [INFO] NPM Version Scan     ❌ FAIL 
[summary] [2025-09-26T12:43:56.148Z] [INFO]   nodejs: FAILED 
[summary] [2025-09-26T12:43:56.149Z] [INFO] Secret Detection     ✅ PASS 
[summary] [2025-09-26T12:43:56.149Z] [INFO]   secretScan: SUCCESS 
[summary] [2025-09-26T12:43:56.150Z] [INFO] SAST Scan            ✅ PASS 
[summary] [2025-09-26T12:43:56.150Z] [INFO]   coverage: SUCCESS 
[summary] [2025-09-26T12:43:56.151Z] [ERROR]  
[summary] [2025-09-26T12:43:56.152Z] [ERROR] ❌ PIPELINE FAILED: Please review the issues above. 
[summary] [2025-09-26T12:43:56.152Z] [INFO]  
[summary] [2025-09-26T12:43:56.153Z] [INFO] FINAL STATUS: FAILED 
[summary] [2025-09-26T12:43:56.153Z] [INFO] Log files location: C:\Users\hsjagad\CascadeProjects\windsurf-cicd-pipeline-pre-commit\React_demo-master\windsurf-pipeline\logs\run-2025-09-26T12-37-18-420Z 
[language-detection] [2025-09-26T12:52:21.496Z] [INFO] Starting language detection process 
[language-detection] [2025-09-26T12:52:21.502Z] [INFO] Detected Node.js via package.json in root 
[language-detection] [2025-09-26T12:52:21.510Z] [INFO] Final results: 1 languages detected 
[language-detection] [2025-09-26T12:52:21.511Z] [INFO] Languages: nodejs 
[language-detection] [2025-09-26T12:52:21.512Z] [INFO] Primary language: nodejs 
[language-detection] [2025-09-26T12:52:21.514Z] [INFO] Detection files: package.json 
[dependency-check] [2025-09-26T12:52:21.522Z] [INFO] Starting dependency check for languages: nodejs
[dependency-check] [2025-09-26T12:52:21.524Z] [INFO] Checking nodejs dependencies 
[dependency-check] [2025-09-26T12:52:32.100Z] [INFO] nodejs dependency check: SUCCESS 
[dependency-check] [2025-09-26T12:52:32.104Z] [INFO] Dependency check completed. Overall success: true 
[code-quality] [2025-09-26T12:52:32.165Z] [INFO] Starting code quality checks for languages: nodejs
[code-quality] [2025-09-26T12:52:32.182Z] [INFO] Running nodejs code quality checks 
[code-quality] [2025-09-26T12:53:33.007Z] [INFO] nodejs code quality: SUCCESS 
[code-quality] [2025-09-26T12:53:33.010Z] [INFO] Code quality checks completed. Overall success: true 
[npm-version-scan] [2025-09-26T12:53:33.018Z] [INFO] Starting npm version vulnerability scan 
[npm-version-scan] [2025-09-26T12:54:03.250Z] [INFO] npm version scan: SUCCESS 
[npm-version-scan] [2025-09-26T12:54:03.252Z] [INFO] npm version scan completed. Overall success: true 
[secret-detection] [2025-09-26T12:54:03.372Z] [INFO] Starting secret detection scan 
[secret-detection] [2025-09-26T12:54:03.589Z] [INFO] Secret detection: NO SECRETS FOUND 
[secret-detection] [2025-09-26T12:54:03.590Z] [INFO] Secret detection completed. Overall success: true 
[sast-scan] [2025-09-26T12:54:03.601Z] [INFO] Starting code coverage analysis for languages: nodejs
[sast-scan] [2025-09-26T12:54:03.620Z] [INFO] Code coverage analysis: SUCCESS 
[sast-scan] [2025-09-26T12:54:03.621Z] [INFO] === CODE COVERAGE RESULTS === 
[sast-scan] [2025-09-26T12:54:03.622Z] [INFO] Total files analyzed: 4 
[sast-scan] [2025-09-26T12:54:03.622Z] [INFO] Total lines of code: 334 
[sast-scan] [2025-09-26T12:54:03.623Z] [INFO] Average complexity: 1 
[sast-scan] [2025-09-26T12:54:03.624Z] [INFO] Code to total ratio: 91% 
[sast-scan] [2025-09-26T12:54:03.625Z] [INFO] Code coverage analysis completed. Overall success: true 
[summary] [2025-09-26T12:54:03.644Z] [INFO] PIPELINE EXECUTION SUMMARY 
[summary] [2025-09-26T12:54:03.648Z] [INFO] ================================================== 
[summary] [2025-09-26T12:54:03.651Z] [INFO] Execution started: 2025-09-26T12:52:21.256Z 
[summary] [2025-09-26T12:54:03.654Z] [INFO] Execution completed: 2025-09-26T12:54:03.654Z 
[summary] [2025-09-26T12:54:03.656Z] [INFO] Total duration: 102.38 seconds 
[summary] [2025-09-26T12:54:03.657Z] [INFO]  
[summary] [2025-09-26T12:54:03.659Z] [INFO] STAGE RESULTS: 
[summary] [2025-09-26T12:54:03.662Z] [INFO] Language Detection   ✅ PASS 
[summary] [2025-09-26T12:54:03.664Z] [INFO]   Languages detected: nodejs 
[summary] [2025-09-26T12:54:03.666Z] [INFO]   Primary language: nodejs 
[summary] [2025-09-26T12:54:03.670Z] [INFO] Dependency Check     ✅ PASS 
[summary] [2025-09-26T12:54:03.673Z] [INFO]   nodejs: SUCCESS 
[summary] [2025-09-26T12:54:03.679Z] [INFO] Code Quality         ✅ PASS 
[summary] [2025-09-26T12:54:03.681Z] [INFO]   nodejs: SUCCESS 
[summary] [2025-09-26T12:54:03.685Z] [INFO] NPM Version Scan     ✅ PASS 
[summary] [2025-09-26T12:54:03.689Z] [INFO]   nodejs: SUCCESS 
[summary] [2025-09-26T12:54:03.695Z] [INFO] Secret Detection     ✅ PASS 
[summary] [2025-09-26T12:54:03.698Z] [INFO]   secretScan: SUCCESS 
[summary] [2025-09-26T12:54:03.701Z] [INFO] SAST Scan            ✅ PASS 
[summary] [2025-09-26T12:54:03.704Z] [INFO]   coverage: SUCCESS 
[summary] [2025-09-26T12:54:03.710Z] [INFO]  
[summary] [2025-09-26T12:54:03.714Z] [INFO] 🎉 PIPELINE SUCCESS: All checks passed! Code is ready for deployment. 
[summary] [2025-09-26T12:54:03.716Z] [INFO]  
[summary] [2025-09-26T12:54:03.718Z] [INFO] FINAL STATUS: SUCCESS 
[summary] [2025-09-26T12:54:03.719Z] [INFO] Log files location: C:\Users\hsjagad\CascadeProjects\windsurf-cicd-pipeline-pre-commit\React_demo-master\windsurf-pipeline\logs\run-2025-09-26T12-52-21-261Z 
[language-detection] [2025-09-26T12:57:51.789Z] [INFO] Starting language detection process 
[language-detection] [2025-09-26T12:57:51.791Z] [INFO] Detected Node.js via package.json in root 
[language-detection] [2025-09-26T12:57:51.794Z] [INFO] Final results: 1 languages detected 
[language-detection] [2025-09-26T12:57:51.795Z] [INFO] Languages: nodejs 
[language-detection] [2025-09-26T12:57:51.796Z] [INFO] Primary language: nodejs 
[language-detection] [2025-09-26T12:57:51.797Z] [INFO] Detection files: package.json 
[dependency-check] [2025-09-26T12:57:51.805Z] [INFO] Starting dependency check for languages: nodejs
[dependency-check] [2025-09-26T12:57:51.808Z] [INFO] Checking nodejs dependencies 
[dependency-check] [2025-09-26T12:58:01.805Z] [INFO] nodejs dependency check: SUCCESS 
[dependency-check] [2025-09-26T12:58:01.806Z] [INFO] Dependency check completed. Overall success: true 
[code-quality] [2025-09-26T12:58:01.810Z] [INFO] Starting code quality checks for languages: nodejs
[code-quality] [2025-09-26T12:58:01.811Z] [INFO] Running nodejs code quality checks 
[code-quality] [2025-09-26T12:58:18.005Z] [ERROR] nodejs code quality: FAILED 
[code-quality] [2025-09-26T12:58:18.006Z] [ERROR] === NODEJS CODE QUALITY FAILURE DETAILS === 
[code-quality] [2025-09-26T12:58:18.006Z] [ERROR] PRETTIER FAILED: 
[code-quality] [2025-09-26T12:58:18.007Z] [ERROR] Output: Checking formatting...
 
[code-quality] [2025-09-26T12:58:18.007Z] [ERROR] Error: [[33mwarn[39m] src/App.js
[[33mwarn[39m] Code style issues found in the above file. Run Prettier with --write to fix.
 
[code-quality] [2025-09-26T12:58:18.021Z] [ERROR] Error Message: Command failed: npx prettier --check src/ --ignore-unknown
[[33mwarn[39m] src/App.js
[[33mwarn[39m] Code style issues found in the above file. Run Prettier with --write to fix.
 
[code-quality] [2025-09-26T12:58:18.022Z] [INFO] Code quality checks completed. Overall success: false 
[npm-version-scan] [2025-09-26T12:58:18.029Z] [INFO] Starting npm version vulnerability scan 
[npm-version-scan] [2025-09-26T12:58:37.917Z] [ERROR] npm version scan: FAILED 
[npm-version-scan] [2025-09-26T12:58:37.918Z] [ERROR] === NPM VERSION SCAN FAILURE DETAILS === 
[npm-version-scan] [2025-09-26T12:58:37.919Z] [ERROR] 5 critical production vulnerabilities detected 
[npm-version-scan] [2025-09-26T12:58:37.920Z] [ERROR] Run 'npm audit fix' to resolve critical vulnerabilities 
[npm-version-scan] [2025-09-26T12:58:37.921Z] [INFO] 7 outdated packages found (non-blocking) 
[npm-version-scan] [2025-09-26T12:58:37.922Z] [INFO] 72 total vulnerabilities found (67 dev-tool, 5 production) 
[npm-version-scan] [2025-09-26T12:58:37.935Z] [INFO] npm version scan completed. Overall success: false 
[secret-detection] [2025-09-26T12:58:37.949Z] [INFO] Starting secret detection scan 
[secret-detection] [2025-09-26T12:58:38.034Z] [INFO] Secret detection: NO SECRETS FOUND 
[secret-detection] [2025-09-26T12:58:38.035Z] [INFO] Secret detection completed. Overall success: true 
[sast-scan] [2025-09-26T12:58:38.040Z] [INFO] Starting code coverage analysis for languages: nodejs
[sast-scan] [2025-09-26T12:58:38.053Z] [INFO] Code coverage analysis: SUCCESS 
[sast-scan] [2025-09-26T12:58:38.053Z] [INFO] === CODE COVERAGE RESULTS === 
[sast-scan] [2025-09-26T12:58:38.054Z] [INFO] Total files analyzed: 4 
[sast-scan] [2025-09-26T12:58:38.054Z] [INFO] Total lines of code: 334 
[sast-scan] [2025-09-26T12:58:38.055Z] [INFO] Average complexity: 1 
[sast-scan] [2025-09-26T12:58:38.056Z] [INFO] Code to total ratio: 91% 
[sast-scan] [2025-09-26T12:58:38.057Z] [INFO] Code coverage analysis completed. Overall success: true 
[summary] [2025-09-26T12:58:38.074Z] [INFO] PIPELINE EXECUTION SUMMARY 
[summary] [2025-09-26T12:58:38.076Z] [INFO] ================================================== 
[summary] [2025-09-26T12:58:38.077Z] [INFO] Execution started: 2025-09-26T12:57:51.669Z 
[summary] [2025-09-26T12:58:38.078Z] [INFO] Execution completed: 2025-09-26T12:58:38.078Z 
[summary] [2025-09-26T12:58:38.079Z] [INFO] Total duration: 46.40 seconds 
[summary] [2025-09-26T12:58:38.080Z] [INFO]  
[summary] [2025-09-26T12:58:38.081Z] [INFO] STAGE RESULTS: 
[summary] [2025-09-26T12:58:38.083Z] [INFO] Language Detection   ✅ PASS 
[summary] [2025-09-26T12:58:38.086Z] [INFO]   Languages detected: nodejs 
[summary] [2025-09-26T12:58:38.088Z] [INFO]   Primary language: nodejs 
[summary] [2025-09-26T12:58:38.091Z] [INFO] Dependency Check     ✅ PASS 
[summary] [2025-09-26T12:58:38.093Z] [INFO]   nodejs: SUCCESS 
[summary] [2025-09-26T12:58:38.095Z] [INFO] Code Quality         ❌ FAIL 
[summary] [2025-09-26T12:58:38.097Z] [INFO]   nodejs: FAILED 
[summary] [2025-09-26T12:58:38.100Z] [INFO] NPM Version Scan     ❌ FAIL 
[summary] [2025-09-26T12:58:38.103Z] [INFO]   nodejs: FAILED 
[summary] [2025-09-26T12:58:38.105Z] [INFO] Secret Detection     ✅ PASS 
[summary] [2025-09-26T12:58:38.107Z] [INFO]   secretScan: SUCCESS 
[summary] [2025-09-26T12:58:38.109Z] [INFO] SAST Scan            ✅ PASS 
[summary] [2025-09-26T12:58:38.111Z] [INFO]   coverage: SUCCESS 
[summary] [2025-09-26T12:58:38.114Z] [ERROR]  
[summary] [2025-09-26T12:58:38.117Z] [ERROR] ❌ PIPELINE FAILED: Please review the issues above. 
[summary] [2025-09-26T12:58:38.120Z] [INFO]  
[summary] [2025-09-26T12:58:38.121Z] [INFO] FINAL STATUS: FAILED 
[summary] [2025-09-26T12:58:38.122Z] [INFO] Log files location: C:\Users\hsjagad\CascadeProjects\windsurf-cicd-pipeline-pre-commit\React_demo-master\windsurf-pipeline\logs\run-2025-09-26T12-57-51-670Z 
[language-detection] [2025-09-26T13:01:44.617Z] [INFO] Starting language detection process 
[language-detection] [2025-09-26T13:01:44.628Z] [INFO] Detected Node.js via package.json in root 
[language-detection] [2025-09-26T13:01:44.640Z] [INFO] Final results: 1 languages detected 
[language-detection] [2025-09-26T13:01:44.645Z] [INFO] Languages: nodejs 
[language-detection] [2025-09-26T13:01:44.766Z] [INFO] Primary language: nodejs 
[language-detection] [2025-09-26T13:01:44.768Z] [INFO] Detection files: package.json 
[dependency-check] [2025-09-26T13:01:44.779Z] [INFO] Starting dependency check for languages: nodejs
[dependency-check] [2025-09-26T13:01:44.787Z] [INFO] Checking nodejs dependencies 
[dependency-check] [2025-09-26T13:01:55.626Z] [INFO] nodejs dependency check: SUCCESS 
[dependency-check] [2025-09-26T13:01:55.630Z] [INFO] Dependency check completed. Overall success: true 
[code-quality] [2025-09-26T13:01:55.669Z] [INFO] Starting code quality checks for languages: nodejs
[code-quality] [2025-09-26T13:01:55.706Z] [INFO] Running nodejs code quality checks 
[code-quality] [2025-09-26T13:02:13.629Z] [ERROR] nodejs code quality: FAILED 
[code-quality] [2025-09-26T13:02:13.629Z] [ERROR] === NODEJS CODE QUALITY FAILURE DETAILS === 
[code-quality] [2025-09-26T13:02:13.630Z] [ERROR] PRETTIER FAILED: 
[code-quality] [2025-09-26T13:02:13.631Z] [ERROR] Output: Checking formatting...
 
[code-quality] [2025-09-26T13:02:13.631Z] [ERROR] Error: [[33mwarn[39m] src/App.js
[[33mwarn[39m] Code style issues found in the above file. Run Prettier with --write to fix.
 
[code-quality] [2025-09-26T13:02:13.643Z] [ERROR] Error Message: Command failed: npx prettier --check src/ --ignore-unknown
[[33mwarn[39m] src/App.js
[[33mwarn[39m] Code style issues found in the above file. Run Prettier with --write to fix.
 
[code-quality] [2025-09-26T13:02:13.644Z] [INFO] Code quality checks completed. Overall success: false 
[npm-version-scan] [2025-09-26T13:02:13.646Z] [INFO] Starting npm version vulnerability scan 
[npm-version-scan] [2025-09-26T13:02:22.526Z] [ERROR] npm version scan: FAILED 
[npm-version-scan] [2025-09-26T13:02:22.526Z] [ERROR] === NPM VERSION SCAN FAILURE DETAILS === 
[npm-version-scan] [2025-09-26T13:02:22.527Z] [ERROR] 5 critical production vulnerabilities detected 
[npm-version-scan] [2025-09-26T13:02:22.527Z] [ERROR] Run 'npm audit fix' to resolve critical vulnerabilities 
[npm-version-scan] [2025-09-26T13:02:22.528Z] [INFO] 7 outdated packages found (non-blocking) 
[npm-version-scan] [2025-09-26T13:02:22.528Z] [INFO] 72 total vulnerabilities found (67 dev-tool, 5 production) 
[npm-version-scan] [2025-09-26T13:02:22.552Z] [INFO] npm version scan completed. Overall success: false 
[secret-detection] [2025-09-26T13:02:22.555Z] [INFO] Starting secret detection scan 
[secret-detection] [2025-09-26T13:02:22.584Z] [INFO] Secret detection: NO SECRETS FOUND 
[secret-detection] [2025-09-26T13:02:22.584Z] [INFO] Secret detection completed. Overall success: true 
[sast-scan] [2025-09-26T13:02:22.586Z] [INFO] Starting code coverage analysis for languages: nodejs
[sast-scan] [2025-09-26T13:02:22.594Z] [INFO] Code coverage analysis: SUCCESS 
[sast-scan] [2025-09-26T13:02:22.595Z] [INFO] === CODE COVERAGE RESULTS === 
[sast-scan] [2025-09-26T13:02:22.595Z] [INFO] Total files analyzed: 4 
[sast-scan] [2025-09-26T13:02:22.595Z] [INFO] Total lines of code: 334 
[sast-scan] [2025-09-26T13:02:22.596Z] [INFO] Average complexity: 1 
[sast-scan] [2025-09-26T13:02:22.596Z] [INFO] Code to total ratio: 91% 
[sast-scan] [2025-09-26T13:02:22.597Z] [INFO] Code coverage analysis completed. Overall success: true 
[summary] [2025-09-26T13:02:22.599Z] [INFO] PIPELINE EXECUTION SUMMARY 
[summary] [2025-09-26T13:02:22.599Z] [INFO] ================================================== 
[summary] [2025-09-26T13:02:22.600Z] [INFO] Execution started: 2025-09-26T13:01:42.530Z 
[summary] [2025-09-26T13:02:22.600Z] [INFO] Execution completed: 2025-09-26T13:02:22.600Z 
[summary] [2025-09-26T13:02:22.600Z] [INFO] Total duration: 40.07 seconds 
[summary] [2025-09-26T13:02:22.601Z] [INFO]  
[summary] [2025-09-26T13:02:22.601Z] [INFO] STAGE RESULTS: 
[summary] [2025-09-26T13:02:22.601Z] [INFO] Language Detection   ✅ PASS 
[summary] [2025-09-26T13:02:22.603Z] [INFO]   Languages detected: nodejs 
[summary] [2025-09-26T13:02:22.603Z] [INFO]   Primary language: nodejs 
[summary] [2025-09-26T13:02:22.604Z] [INFO] Dependency Check     ✅ PASS 
[summary] [2025-09-26T13:02:22.605Z] [INFO]   nodejs: SUCCESS 
[summary] [2025-09-26T13:02:22.606Z] [INFO] Code Quality         ❌ FAIL 
[summary] [2025-09-26T13:02:22.606Z] [INFO]   nodejs: FAILED 
[summary] [2025-09-26T13:02:22.607Z] [INFO] NPM Version Scan     ❌ FAIL 
[summary] [2025-09-26T13:02:22.608Z] [INFO]   nodejs: FAILED 
[summary] [2025-09-26T13:02:22.608Z] [INFO] Secret Detection     ✅ PASS 
[summary] [2025-09-26T13:02:22.609Z] [INFO]   secretScan: SUCCESS 
[summary] [2025-09-26T13:02:22.610Z] [INFO] SAST Scan            ✅ PASS 
[summary] [2025-09-26T13:02:22.610Z] [INFO]   coverage: SUCCESS 
[summary] [2025-09-26T13:02:22.612Z] [ERROR]  
[summary] [2025-09-26T13:02:22.612Z] [ERROR] ❌ PIPELINE FAILED: Please review the issues above. 
[summary] [2025-09-26T13:02:22.613Z] [INFO]  
[summary] [2025-09-26T13:02:22.613Z] [INFO] FINAL STATUS: FAILED 
[summary] [2025-09-26T13:02:22.613Z] [INFO] Log files location: C:\Users\hsjagad\CascadeProjects\windsurf-cicd-pipeline-pre-commit\React_demo-master\windsurf-pipeline\logs\run-2025-09-26T13-01-42-534Z 
[language-detection] [2025-09-26T13:20:09.716Z] [INFO] Starting language detection process 
[language-detection] [2025-09-26T13:20:09.717Z] [INFO] Detected Node.js via package.json in root 
[language-detection] [2025-09-26T13:20:09.719Z] [INFO] Final results: 1 languages detected 
[language-detection] [2025-09-26T13:20:09.720Z] [INFO] Languages: nodejs 
[language-detection] [2025-09-26T13:20:09.720Z] [INFO] Primary language: nodejs 
[language-detection] [2025-09-26T13:20:09.721Z] [INFO] Detection files: package.json 
[dependency-check] [2025-09-26T13:20:09.726Z] [INFO] Starting dependency check for languages: nodejs
[dependency-check] [2025-09-26T13:20:09.727Z] [INFO] Checking nodejs dependencies 
[dependency-check] [2025-09-26T13:20:18.934Z] [INFO] nodejs dependency check: SUCCESS 
[dependency-check] [2025-09-26T13:20:18.934Z] [INFO] Dependency check completed. Overall success: true 
[code-quality] [2025-09-26T13:20:18.937Z] [INFO] Starting code quality checks for languages: nodejs
[code-quality] [2025-09-26T13:20:18.938Z] [INFO] Running nodejs code quality checks 
[code-quality] [2025-09-26T13:20:30.149Z] [INFO] nodejs code quality: SUCCESS 
[code-quality] [2025-09-26T13:20:30.150Z] [INFO] Code quality checks completed. Overall success: true 
[npm-version-scan] [2025-09-26T13:20:30.152Z] [INFO] Starting npm version vulnerability scan 
[npm-version-scan] [2025-09-26T13:20:42.662Z] [ERROR] npm version scan: FAILED 
[npm-version-scan] [2025-09-26T13:20:42.663Z] [ERROR] === NPM VERSION SCAN FAILURE DETAILS === 
[npm-version-scan] [2025-09-26T13:20:42.663Z] [ERROR] 5 critical production vulnerabilities detected 
[npm-version-scan] [2025-09-26T13:20:42.664Z] [ERROR] Run 'npm audit fix' to resolve critical vulnerabilities 
[npm-version-scan] [2025-09-26T13:20:42.664Z] [INFO] 7 outdated packages found (non-blocking) 
[npm-version-scan] [2025-09-26T13:20:42.664Z] [INFO] 72 total vulnerabilities found (67 dev-tool, 5 production) 
[npm-version-scan] [2025-09-26T13:20:42.678Z] [INFO] Pipeline only blocks on 5 critical production vulnerabilities 
[npm-version-scan] [2025-09-26T13:20:42.678Z] [INFO] npm version scan completed. Overall success: false 
[secret-detection] [2025-09-26T13:20:42.681Z] [INFO] Starting secret detection scan 
[secret-detection] [2025-09-26T13:20:42.730Z] [INFO] Secret detection: NO SECRETS FOUND 
[secret-detection] [2025-09-26T13:20:42.730Z] [INFO] Secret detection completed. Overall success: true 
[sast-scan] [2025-09-26T13:20:42.733Z] [INFO] Starting code coverage analysis for languages: nodejs
[sast-scan] [2025-09-26T13:20:42.742Z] [INFO] Code coverage analysis: SUCCESS 
[sast-scan] [2025-09-26T13:20:42.742Z] [INFO] === CODE COVERAGE RESULTS === 
[sast-scan] [2025-09-26T13:20:42.743Z] [INFO] Total files analyzed: 4 
[sast-scan] [2025-09-26T13:20:42.743Z] [INFO] Total lines of code: 334 
[sast-scan] [2025-09-26T13:20:42.744Z] [INFO] Average complexity: 1 
[sast-scan] [2025-09-26T13:20:42.744Z] [INFO] Code to total ratio: 91% 
[sast-scan] [2025-09-26T13:20:42.744Z] [INFO] Code coverage analysis completed. Overall success: true 
[summary] [2025-09-26T13:20:42.746Z] [INFO] PIPELINE EXECUTION SUMMARY 
[summary] [2025-09-26T13:20:42.748Z] [INFO] ================================================== 
[summary] [2025-09-26T13:20:42.749Z] [INFO] Execution started: 2025-09-26T13:20:09.642Z 
[summary] [2025-09-26T13:20:42.749Z] [INFO] Execution completed: 2025-09-26T13:20:42.749Z 
[summary] [2025-09-26T13:20:42.750Z] [INFO] Total duration: 33.10 seconds 
[summary] [2025-09-26T13:20:42.750Z] [INFO]  
[summary] [2025-09-26T13:20:42.751Z] [INFO] STAGE RESULTS: 
[summary] [2025-09-26T13:20:42.751Z] [INFO] Language Detection   ✅ PASS 
[summary] [2025-09-26T13:20:42.752Z] [INFO]   Languages detected: nodejs 
[summary] [2025-09-26T13:20:42.753Z] [INFO]   Primary language: nodejs 
[summary] [2025-09-26T13:20:42.754Z] [INFO] Dependency Check     ✅ PASS 
[summary] [2025-09-26T13:20:42.755Z] [INFO]   nodejs: SUCCESS 
[summary] [2025-09-26T13:20:42.756Z] [INFO] Code Quality         ✅ PASS 
[summary] [2025-09-26T13:20:42.757Z] [INFO]   nodejs: SUCCESS 
[summary] [2025-09-26T13:20:42.758Z] [INFO] NPM Version Scan     ❌ FAIL 
[summary] [2025-09-26T13:20:42.759Z] [INFO]   nodejs: FAILED 
[summary] [2025-09-26T13:20:42.760Z] [INFO] Secret Detection     ✅ PASS 
[summary] [2025-09-26T13:20:42.760Z] [INFO]   secretScan: SUCCESS 
[summary] [2025-09-26T13:20:42.761Z] [INFO] SAST Scan            ✅ PASS 
[summary] [2025-09-26T13:20:42.762Z] [INFO]   coverage: SUCCESS 
[summary] [2025-09-26T13:20:42.763Z] [ERROR]  
[summary] [2025-09-26T13:20:42.763Z] [ERROR] ❌ PIPELINE FAILED: Please review the issues above. 
[summary] [2025-09-26T13:20:42.764Z] [INFO]  
[summary] [2025-09-26T13:20:42.764Z] [INFO] FINAL STATUS: FAILED 
[summary] [2025-09-26T13:20:42.765Z] [INFO] Log files location: C:\Users\hsjagad\CascadeProjects\windsurf-cicd-pipeline-pre-commit\React_demo-master\windsurf-pipeline\logs\run-2025-09-26T13-20-09-643Z 
[language-detection] [2025-09-26T13:36:56.311Z] [INFO] Starting language detection process 
[language-detection] [2025-09-26T13:36:56.311Z] [INFO] Detected Node.js via package.json in root 
[language-detection] [2025-09-26T13:36:56.313Z] [INFO] Final results: 1 languages detected 
[language-detection] [2025-09-26T13:36:56.314Z] [INFO] Languages: nodejs 
[language-detection] [2025-09-26T13:36:56.314Z] [INFO] Primary language: nodejs 
[language-detection] [2025-09-26T13:36:56.315Z] [INFO] Detection files: package.json 
[dependency-check] [2025-09-26T13:36:56.318Z] [INFO] Starting dependency check for languages: nodejs
[dependency-check] [2025-09-26T13:36:56.320Z] [INFO] Checking nodejs dependencies 
[dependency-check] [2025-09-26T13:37:01.510Z] [INFO] nodejs dependency check: SUCCESS 
[dependency-check] [2025-09-26T13:37:01.511Z] [INFO] Dependency check completed. Overall success: true 
[code-quality] [2025-09-26T13:37:01.513Z] [INFO] Starting code quality checks for languages: nodejs
[code-quality] [2025-09-26T13:37:01.514Z] [INFO] Running nodejs code quality checks 
[code-quality] [2025-09-26T13:37:11.807Z] [INFO] nodejs code quality: SUCCESS 
[code-quality] [2025-09-26T13:37:11.808Z] [INFO] Code quality checks completed. Overall success: true 
[npm-version-scan] [2025-09-26T13:37:11.810Z] [INFO] Starting npm version vulnerability scan 
[npm-version-scan] [2025-09-26T13:37:19.286Z] [INFO] npm version scan: SUCCESS 
[npm-version-scan] [2025-09-26T13:37:19.286Z] [INFO] 6 outdated packages found (non-blocking) 
[npm-version-scan] [2025-09-26T13:37:19.286Z] [INFO] npm version scan completed. Overall success: true 
[secret-detection] [2025-09-26T13:37:19.289Z] [INFO] Starting secret detection scan 
[secret-detection] [2025-09-26T13:37:19.318Z] [INFO] Secret detection: NO SECRETS FOUND 
[secret-detection] [2025-09-26T13:37:19.319Z] [INFO] Secret detection completed. Overall success: true 
[sast-scan] [2025-09-26T13:37:19.321Z] [INFO] Starting code coverage analysis for languages: nodejs
[sast-scan] [2025-09-26T13:37:19.327Z] [INFO] Code coverage analysis: SUCCESS 
[sast-scan] [2025-09-26T13:37:19.327Z] [INFO] === CODE COVERAGE RESULTS === 
[sast-scan] [2025-09-26T13:37:19.328Z] [INFO] Total files analyzed: 4 
[sast-scan] [2025-09-26T13:37:19.328Z] [INFO] Total lines of code: 334 
[sast-scan] [2025-09-26T13:37:19.328Z] [INFO] Average complexity: 1 
[sast-scan] [2025-09-26T13:37:19.329Z] [INFO] Code to total ratio: 91% 
[sast-scan] [2025-09-26T13:37:19.329Z] [INFO] Code coverage analysis completed. Overall success: true 
[summary] [2025-09-26T13:37:19.342Z] [INFO] PIPELINE EXECUTION SUMMARY 
[summary] [2025-09-26T13:37:19.343Z] [INFO] ================================================== 
[summary] [2025-09-26T13:37:19.343Z] [INFO] Execution started: 2025-09-26T13:36:56.249Z 
[summary] [2025-09-26T13:37:19.344Z] [INFO] Execution completed: 2025-09-26T13:37:19.344Z 
[summary] [2025-09-26T13:37:19.344Z] [INFO] Total duration: 23.09 seconds 
[summary] [2025-09-26T13:37:19.344Z] [INFO]  
[summary] [2025-09-26T13:37:19.344Z] [INFO] STAGE RESULTS: 
[summary] [2025-09-26T13:37:19.345Z] [INFO] Language Detection   ✅ PASS 
[summary] [2025-09-26T13:37:19.346Z] [INFO]   Languages detected: nodejs 
[summary] [2025-09-26T13:37:19.346Z] [INFO]   Primary language: nodejs 
[summary] [2025-09-26T13:37:19.346Z] [INFO] Dependency Check     ✅ PASS 
[summary] [2025-09-26T13:37:19.347Z] [INFO]   nodejs: SUCCESS 
[summary] [2025-09-26T13:37:19.348Z] [INFO] Code Quality         ✅ PASS 
[summary] [2025-09-26T13:37:19.348Z] [INFO]   nodejs: SUCCESS 
[summary] [2025-09-26T13:37:19.349Z] [INFO] NPM Version Scan     ✅ PASS 
[summary] [2025-09-26T13:37:19.350Z] [INFO]   nodejs: SUCCESS 
[summary] [2025-09-26T13:37:19.350Z] [INFO] Secret Detection     ✅ PASS 
[summary] [2025-09-26T13:37:19.351Z] [INFO]   secretScan: SUCCESS 
[summary] [2025-09-26T13:37:19.351Z] [INFO] SAST Scan            ✅ PASS 
[summary] [2025-09-26T13:37:19.352Z] [INFO]   coverage: SUCCESS 
[summary] [2025-09-26T13:37:19.353Z] [INFO]  
[summary] [2025-09-26T13:37:19.353Z] [INFO] 🎉 PIPELINE SUCCESS: All checks passed! Code is ready for deployment. 
[summary] [2025-09-26T13:37:19.353Z] [INFO]  
[summary] [2025-09-26T13:37:19.354Z] [INFO] FINAL STATUS: SUCCESS 
[summary] [2025-09-26T13:37:19.354Z] [INFO] Log files location: C:\Users\hsjagad\CascadeProjects\windsurf-cicd-pipeline-pre-commit\React_demo-master\windsurf-pipeline\logs\run-2025-09-26T13-36-56-249Z 
[language-detection] [2025-09-26T13:40:32.644Z] [INFO] Starting language detection process 
[language-detection] [2025-09-26T13:40:32.645Z] [INFO] Detected Node.js via package.json in root 
[language-detection] [2025-09-26T13:40:32.647Z] [INFO] Final results: 1 languages detected 
[language-detection] [2025-09-26T13:40:32.647Z] [INFO] Languages: nodejs 
[language-detection] [2025-09-26T13:40:32.648Z] [INFO] Primary language: nodejs 
[language-detection] [2025-09-26T13:40:32.648Z] [INFO] Detection files: package.json 
[dependency-check] [2025-09-26T13:40:32.652Z] [INFO] Starting dependency check for languages: nodejs
[dependency-check] [2025-09-26T13:40:32.653Z] [INFO] Checking nodejs dependencies 
[dependency-check] [2025-09-26T13:40:37.278Z] [INFO] nodejs dependency check: SUCCESS 
[dependency-check] [2025-09-26T13:40:37.279Z] [INFO] Dependency check completed. Overall success: true 
[code-quality] [2025-09-26T13:40:37.281Z] [INFO] Starting code quality checks for languages: nodejs
[code-quality] [2025-09-26T13:40:37.282Z] [INFO] Running nodejs code quality checks 
[code-quality] [2025-09-26T13:40:46.181Z] [INFO] nodejs code quality: SUCCESS 
[code-quality] [2025-09-26T13:40:46.182Z] [INFO] Code quality checks completed. Overall success: true 
[npm-version-scan] [2025-09-26T13:40:46.184Z] [INFO] Starting npm version vulnerability scan 
[npm-version-scan] [2025-09-26T13:40:53.891Z] [INFO] npm version scan: SUCCESS 
[npm-version-scan] [2025-09-26T13:40:53.891Z] [INFO] 6 outdated packages found (non-blocking) 
[npm-version-scan] [2025-09-26T13:40:53.892Z] [INFO] npm version scan completed. Overall success: true 
[secret-detection] [2025-09-26T13:40:53.894Z] [INFO] Starting secret detection scan 
[secret-detection] [2025-09-26T13:40:53.923Z] [INFO] Secret detection: NO SECRETS FOUND 
[secret-detection] [2025-09-26T13:40:53.924Z] [INFO] Secret detection completed. Overall success: true 
[sast-scan] [2025-09-26T13:40:53.925Z] [INFO] Starting code coverage analysis for languages: nodejs
[sast-scan] [2025-09-26T13:40:53.930Z] [INFO] Code coverage analysis: SUCCESS 
[sast-scan] [2025-09-26T13:40:53.931Z] [INFO] === CODE COVERAGE RESULTS === 
[sast-scan] [2025-09-26T13:40:53.931Z] [INFO] Total files analyzed: 4 
[sast-scan] [2025-09-26T13:40:53.931Z] [INFO] Total lines of code: 334 
[sast-scan] [2025-09-26T13:40:53.932Z] [INFO] Average complexity: 1 
[sast-scan] [2025-09-26T13:40:53.932Z] [INFO] Code to total ratio: 91% 
[sast-scan] [2025-09-26T13:40:53.932Z] [INFO] Code coverage analysis completed. Overall success: true 
[summary] [2025-09-26T13:40:53.946Z] [INFO] PIPELINE EXECUTION SUMMARY 
[summary] [2025-09-26T13:40:53.946Z] [INFO] ================================================== 
[summary] [2025-09-26T13:40:53.947Z] [INFO] Execution started: 2025-09-26T13:40:32.589Z 
[summary] [2025-09-26T13:40:53.947Z] [INFO] Execution completed: 2025-09-26T13:40:53.947Z 
[summary] [2025-09-26T13:40:53.948Z] [INFO] Total duration: 21.36 seconds 
[summary] [2025-09-26T13:40:53.948Z] [INFO]  
[summary] [2025-09-26T13:40:53.948Z] [INFO] STAGE RESULTS: 
[summary] [2025-09-26T13:40:53.949Z] [INFO] Language Detection   ✅ PASS 
[summary] [2025-09-26T13:40:53.950Z] [INFO]   Languages detected: nodejs 
[summary] [2025-09-26T13:40:53.950Z] [INFO]   Primary language: nodejs 
[summary] [2025-09-26T13:40:53.951Z] [INFO] Dependency Check     ✅ PASS 
[summary] [2025-09-26T13:40:53.951Z] [INFO]   nodejs: SUCCESS 
[summary] [2025-09-26T13:40:53.952Z] [INFO] Code Quality         ✅ PASS 
[summary] [2025-09-26T13:40:53.953Z] [INFO]   nodejs: SUCCESS 
[summary] [2025-09-26T13:40:53.954Z] [INFO] NPM Version Scan     ✅ PASS 
[summary] [2025-09-26T13:40:53.954Z] [INFO]   nodejs: SUCCESS 
[summary] [2025-09-26T13:40:53.955Z] [INFO] Secret Detection     ✅ PASS 
[summary] [2025-09-26T13:40:53.956Z] [INFO]   secretScan: SUCCESS 
[summary] [2025-09-26T13:40:53.957Z] [INFO] SAST Scan            ✅ PASS 
[summary] [2025-09-26T13:40:53.958Z] [INFO]   coverage: SUCCESS 
[summary] [2025-09-26T13:40:53.959Z] [INFO]  
[summary] [2025-09-26T13:40:53.959Z] [INFO] 🎉 PIPELINE SUCCESS: All checks passed! Code is ready for deployment. 
[summary] [2025-09-26T13:40:53.960Z] [INFO]  
[summary] [2025-09-26T13:40:53.960Z] [INFO] FINAL STATUS: SUCCESS 
[summary] [2025-09-26T13:40:53.961Z] [INFO] Log files location: C:\Users\hsjagad\CascadeProjects\windsurf-cicd-pipeline-pre-commit\React_demo-master\windsurf-pipeline\logs\run-2025-09-26T13-40-32-589Z 
